"Metro station name";"Line name";"Year";"Quarter";"Incoming passengers";"Outgoing passengers";"global_id";
"Станция метрополитена";"Линия";"Год";"Квартал";"Входы пассажиров";"Выходы пассажиров";"global_id";
"Митино";"Арбатско-Покровская линия";"2021";"I квартал";"1913498";"1829031";"1138975996";
"Волоколамская";"Арбатско-Покровская линия";"2021";"I квартал";"1236714";"1222309";"1138975997";
"Строгино";"Арбатско-Покровская линия";"2021";"I квартал";"1938816";"1903731";"1138975999";
"Крылатское";"Арбатско-Покровская линия";"2021";"I квартал";"1849616";"1818208";"1138976000";
"Площадь Революции";"Арбатско-Покровская линия";"2021";"I квартал";"2324687";"2319343";"1138976008";
"Бауманская";"Арбатско-Покровская линия";"2021";"I квартал";"3757697";"3919091";"1138976010";
"Первомайская";"Арбатско-Покровская линия";"2021";"I квартал";"2554914";"2542396";"1138976015";
"Беломорская";"Замоскворецкая линия";"2021";"I квартал";"2093304";"2007519";"1138976018";
"Речной вокзал";"Замоскворецкая линия";"2021";"I квартал";"1976604";"1932752";"1138976019";
"Водный стадион";"Замоскворецкая линия";"2021";"I квартал";"2798329";"2787327";"1138976020";
"Войковская";"Замоскворецкая линия";"2021";"I квартал";"3431294";"3442260";"1138976021";
"Аэропорт";"Замоскворецкая линия";"2021";"I квартал";"2538480";"2583879";"1138976023";
"Технопарк";"Замоскворецкая линия";"2021";"I квартал";"1146154";"1162163";"1138976030";
"Коломенская";"Замоскворецкая линия";"2021";"I квартал";"3580149";"3599846";"1138976031";
"Красногвардейская";"Замоскворецкая линия";"2021";"I квартал";"1316075";"1301729";"1138976037";
"Преображенская площадь";"Сокольническая линия";"2021";"I квартал";"3228211";"3269102";"1138976041";
"Красносельская";"Сокольническая линия";"2021";"I квартал";"1648441";"1701806";"1138976043";
"Спортивная";"Сокольническая линия";"2021";"I квартал";"1305311";"1457156";"1138976052";
"Университет";"Сокольническая линия";"2021";"I квартал";"2043642";"2064788";"1138976054";
"Филатов луг";"Сокольническая линия";"2021";"I квартал";"469635";"445592";"1138976060";
"Прокшино";"Сокольническая линия";"2021";"I квартал";"188614";"182256";"1138976061";
"Новомосковская";"Сокольническая линия";"2021";"I квартал";"847290";"836196";"1138976063";
"Новослободская";"Кольцевая линия";"2021";"I квартал";"0";"0";"1138976067";
"Добрынинская";"Кольцевая линия";"2021";"I квартал";"1419971";"1476424";"1138976073";
"Пятницкое шоссе";"Арбатско-Покровская линия";"2021";"I квартал";"1333667";"1273524";"1138976078";
"Свиблово";"Калужско-Рижская линия";"2021";"I квартал";"1755412";"1763433";"1138976079";
"Мякинино";"Арбатско-Покровская линия";"2021";"I квартал";"1375188";"1316352";"1138976083";
"ВДНХ";"Калужско-Рижская линия";"2021";"I квартал";"4446794";"4286587";"1138976084";
"Рижская";"Калужско-Рижская линия";"2021";"I квартал";"0";"0";"1138976089";
"Славянский бульвар";"Арбатско-Покровская линия";"2021";"I квартал";"4160386";"4104955";"1138976092";
"Тургеневская";"Калужско-Рижская линия";"2021";"I квартал";"1232311";"1291698";"1138976096";
"Партизанская";"Арбатско-Покровская линия";"2021";"I квартал";"1208463";"1200756";"1138976108";
"Измайловская";"Арбатско-Покровская линия";"2021";"I квартал";"1369579";"1376937";"1138976110";
"Профсоюзная";"Калужско-Рижская линия";"2021";"I квартал";"2315446";"2357592";"1138976111";
"Ховрино";"Замоскворецкая линия";"2021";"I квартал";"2905932";"2705635";"1138976115";
"Калужская";"Калужско-Рижская линия";"2021";"I квартал";"2023750";"2083644";"1138976116";
"Сокол";"Замоскворецкая линия";"2021";"I квартал";"2542811";"2578121";"1138976124";
"Ясенево";"Калужско-Рижская линия";"2021";"I квартал";"1972756";"1940222";"1138976126";
"Динамо";"Замоскворецкая линия";"2021";"I квартал";"2020297";"2079478";"1138976127";
"Маяковская";"Замоскворецкая линия";"2021";"I квартал";"2489724";"2571541";"1138976130";
"Новокузнецкая";"Замоскворецкая линия";"2021";"I квартал";"2109249";"2219337";"1138976132";
"Багратионовская";"Филёвская линия";"2021";"I квартал";"1101914";"1109346";"1138976138";
"Фили";"Филёвская линия";"2021";"I квартал";"1342538";"1348485";"1138976141";
"Кантемировская";"Замоскворецкая линия";"2021";"I квартал";"3131961";"3092603";"1138976142";
"Орехово";"Замоскворецкая линия";"2021";"I квартал";"1398352";"1345932";"1138976145";
"Домодедовская";"Замоскворецкая линия";"2021";"I квартал";"4450182";"4159656";"1138976147";
"Алма-Атинская";"Замоскворецкая линия";"2021";"I квартал";"988704";"962339";"1138976150";
"Черкизовская";"Сокольническая линия";"2021";"I квартал";"1020585";"1054918";"1138976154";
"Планерная";"Таганско-Краснопресненская линия";"2021";"I квартал";"3130327";"3024869";"1138976160";
"Красные ворота";"Сокольническая линия";"2021";"I квартал";"1650218";"1708029";"1138976162";
"Сходненская";"Таганско-Краснопресненская линия";"2021";"I квартал";"3586902";"3542710";"1138976163";
"Чистые пруды";"Сокольническая линия";"2021";"I квартал";"1408538";"1447537";"1138976164";
"Тушинская";"Таганско-Краснопресненская линия";"2021";"I квартал";"3556789";"3448372";"1138976165";
"Лубянка";"Сокольническая линия";"2021";"I квартал";"1865427";"1890479";"1138976166";
"Охотный ряд";"Сокольническая линия";"2021";"I квартал";"3420698";"3387393";"1138976168";
"Кропоткинская";"Сокольническая линия";"2021";"I квартал";"1742530";"1816394";"1138976169";
"Щукинская";"Таганско-Краснопресненская линия";"2021";"I квартал";"2930683";"2948659";"1138976170";
"Октябрьское поле";"Таганско-Краснопресненская линия";"2021";"I квартал";"3116446";"3175094";"1138976172";
"Фрунзенская";"Сокольническая линия";"2021";"I квартал";"1901807";"1998937";"1138976173";
"Беговая";"Таганско-Краснопресненская линия";"2021";"I квартал";"3039004";"3066974";"1138976177";
"Юго-Западная";"Сокольническая линия";"2021";"I квартал";"3423128";"3418276";"1138976181";
"Баррикадная";"Таганско-Краснопресненская линия";"2021";"I квартал";"1434183";"1498532";"1138976182";
"Румянцево";"Сокольническая линия";"2021";"I квартал";"740197";"742271";"1138976184";
"Саларьево";"Сокольническая линия";"2021";"I квартал";"2757179";"2458870";"1138976186";
"Ольховая";"Сокольническая линия";"2021";"I квартал";"549001";"527416";"1138976191";
"Волгоградский проспект";"Таганско-Краснопресненская линия";"2021";"I квартал";"1482448";"1526620";"1138976195";
"Краснопресненская";"Кольцевая линия";"2021";"I квартал";"1334663";"1380805";"1138976196";
"Рязанский проспект";"Таганско-Краснопресненская линия";"2021";"I квартал";"2412866";"2406973";"1138976202";
"Лермонтовский проспект";"Таганско-Краснопресненская линия";"2021";"I квартал";"1532808";"1453014";"1138976207";
"Котельники";"Таганско-Краснопресненская линия";"2021";"I квартал";"3406783";"3070893";"1138976212";
"Медведково";"Калужско-Рижская линия";"2021";"I квартал";"3668950";"3552730";"1138976215";
"Бабушкинская";"Калужско-Рижская линия";"2021";"I квартал";"3449852";"3434519";"1138976216";
"Алексеевская";"Калужско-Рижская линия";"2021";"I квартал";"2380730";"2452192";"1138976223";
"Сухаревская";"Калужско-Рижская линия";"2021";"I квартал";"1443276";"1509802";"1138976228";
"Шаболовская";"Калужско-Рижская линия";"2021";"I квартал";"1644776";"1716669";"1138976235";
"Ленинский проспект";"Калужско-Рижская линия";"2021";"I квартал";"2565001";"2915922";"1138976236";
"Академическая";"Калужско-Рижская линия";"2021";"I квартал";"2383964";"2381991";"1138976238";
"Отрадное";"Серпуховско-Тимирязевская линия";"2021";"I квартал";"3576601";"3594759";"1138976239";
"Беляево";"Калужско-Рижская линия";"2021";"I квартал";"2327843";"2507803";"1138976245";
"Коньково";"Калужско-Рижская линия";"2021";"I квартал";"1709348";"1693833";"1138976247";
"Новоясеневская";"Калужско-Рижская линия";"2021";"I квартал";"446690";"435005";"1138976252";
"Цветной бульвар";"Серпуховско-Тимирязевская линия";"2021";"I квартал";"1629801";"1691111";"1138976254";
"Пионерская";"Филёвская линия";"2021";"I квартал";"407704";"395236";"1138976255";
"Полянка";"Серпуховско-Тимирязевская линия";"2021";"I квартал";"1048960";"1104213";"1138976261";
"Студенческая";"Филёвская линия";"2021";"I квартал";"441258";"451414";"1138976263";
"Серпуховская";"Серпуховско-Тимирязевская линия";"2021";"I квартал";"1438472";"1500560";"1138976264";
"Нагатинская";"Серпуховско-Тимирязевская линия";"2021";"I квартал";"2956954";"3034135";"1138976269";
"Нагорная";"Серпуховско-Тимирязевская линия";"2021";"I квартал";"1170464";"1190497";"1138976271";
"Нахимовский проспект";"Серпуховско-Тимирязевская линия";"2021";"I квартал";"1707731";"1732079";"1138976274";
"Севастопольская";"Серпуховско-Тимирязевская линия";"2021";"I квартал";"1892269";"1918212";"1138976276";
"Спартак";"Таганско-Краснопресненская линия";"2021";"I квартал";"230561";"223655";"1138976279";
"Пражская";"Серпуховско-Тимирязевская линия";"2021";"I квартал";"3607109";"3593045";"1138976283";
"Полежаевская";"Таганско-Краснопресненская линия";"2021";"I квартал";"2535536";"2588174";"1138976284";
"Улица 1905 года";"Таганско-Краснопресненская линия";"2021";"I квартал";"3104781";"3228088";"1138976287";
"Пушкинская";"Таганско-Краснопресненская линия";"2021";"I квартал";"3265390";"3380200";"1138976290";
"Кузнецкий мост";"Таганско-Краснопресненская линия";"2021";"I квартал";"1720674";"1801293";"1138976292";
"Битцевский парк";"Бутовская линия";"2021";"I квартал";"235255";"179516";"1138976293";
"Лесопарковая";"Бутовская линия";"2021";"I квартал";"277159";"272246";"1138976295";
"Пролетарская";"Таганско-Краснопресненская линия";"2021";"I квартал";"2310944";"2343504";"1138976296";
"Улица Скобелевская";"Бутовская линия";"2021";"I квартал";"1320161";"1273487";"1138976298";
"Кузьминки";"Таганско-Краснопресненская линия";"2021";"I квартал";"4294000";"4264760";"1138976301";
"Улица Горчакова";"Бутовская линия";"2021";"I квартал";"651331";"641281";"1138976302";
"Выхино";"Таганско-Краснопресненская линия";"2021";"I квартал";"4696944";"4549612";"1138976304";
"Бунинская аллея";"Бутовская линия";"2021";"I квартал";"1445879";"1414442";"1138976305";
"Селигерская";"Люблинско-Дмитровская линия";"2021";"I квартал";"2932603";"2890214";"1138976307";
"Жулебино";"Таганско-Краснопресненская линия";"2021";"I квартал";"1798755";"1728121";"1138976308";
"Верхние Лихоборы";"Люблинско-Дмитровская линия";"2021";"I квартал";"909673";"905030";"1138976309";
"Новокосино";"Калининская линия";"2021";"I квартал";"4448270";"4302303";"1138976311";
"Новогиреево";"Калининская линия";"2021";"I квартал";"5093713";"4944039";"1138976313";
"Перово";"Калининская линия";"2021";"I квартал";"3008899";"2982992";"1138976315";
"Фонвизинская";"Люблинско-Дмитровская линия";"2021";"I квартал";"1024865";"1017029";"1138976317";
"Бутырская";"Люблинско-Дмитровская линия";"2021";"I квартал";"1012883";"1044496";"1138976319";
"Площадь Ильича";"Калининская линия";"2021";"I квартал";"1731920";"1748743";"1138976320";
"Марксистская";"Калининская линия";"2021";"I квартал";"1678892";"1750627";"1138976321";
"Достоевская";"Люблинско-Дмитровская линия";"2021";"I квартал";"941495";"982115";"1138976324";
"Алтуфьево";"Серпуховско-Тимирязевская линия";"2021";"I квартал";"3406246";"3340070";"1138976325";
"Трубная";"Люблинско-Дмитровская линия";"2021";"I квартал";"1088610";"1135375";"1138976326";
"Бибирево";"Серпуховско-Тимирязевская линия";"2021";"I квартал";"2153934";"2164789";"1138976327";
"Дмитровская";"Серпуховско-Тимирязевская линия";"2021";"I квартал";"2500940";"2553119";"1138976334";
"Менделеевская";"Серпуховско-Тимирязевская линия";"2021";"I квартал";"3412916";"3589206";"1138976337";
"Чеховская";"Серпуховско-Тимирязевская линия";"2021";"I квартал";"1548279";"1628383";"1138976341";
"Боровицкая";"Серпуховско-Тимирязевская линия";"2021";"I квартал";"440584";"464765";"1138976342";
"Тульская";"Серпуховско-Тимирязевская линия";"2021";"I квартал";"2614518";"2702786";"1138976347";
"Чертановская";"Серпуховско-Тимирязевская линия";"2021";"I квартал";"2387065";"2369248";"1138976356";
"Шипиловская";"Люблинско-Дмитровская линия";"2021";"I квартал";"1068793";"1066456";"1138976357";
"Южная";"Серпуховско-Тимирязевская линия";"2021";"I квартал";"1677240";"1660800";"1138976358";
"Зябликово";"Люблинско-Дмитровская линия";"2021";"I квартал";"799199";"798800";"1138976359";
"Аннино";"Серпуховско-Тимирязевская линия";"2021";"I квартал";"1782698";"1648513";"1138976364";
"Бульвар Дмитрия Донского";"Серпуховско-Тимирязевская линия";"2021";"I квартал";"4040909";"3906578";"1138976365";
"Лухмановская";"Некрасовская линия";"2021";"I квартал";"1042614";"953454";"1138976375";
"Петровский парк";"Большая кольцевая линия";"2021";"I квартал";"752848";"778402";"1138976383";
"Чкаловская";"Люблинско-Дмитровская линия";"2021";"I квартал";"3153341";"3074001";"1138976394";
"Римская";"Люблинско-Дмитровская линия";"2021";"I квартал";"1383231";"1408218";"1138976396";
"Мнёвники";"Большая кольцевая линия";"2021";"I квартал";"0";"0";"1138976397";
"Кожуховская";"Люблинско-Дмитровская линия";"2021";"I квартал";"1709003";"1790200";"1138976401";
"Минская";"Солнцевская линия";"2021";"I квартал";"379453";"389301";"1138976404";
"Волжская";"Люблинско-Дмитровская линия";"2021";"I квартал";"1258905";"1275819";"1138976405";
"Ломоносовский проспект";"Солнцевская линия";"2021";"I квартал";"884293";"894773";"1138976406";
"Люблино";"Люблинско-Дмитровская линия";"2021";"I квартал";"3332772";"3223184";"1138976407";
"Братиславская";"Люблинско-Дмитровская линия";"2021";"I квартал";"2901264";"2885076";"1138976409";
"Марьино";"Люблинско-Дмитровская линия";"2021";"I квартал";"2468555";"2440953";"1138976411";
"Борисово";"Люблинско-Дмитровская линия";"2021";"I квартал";"887264";"877588";"1138976412";
"Стахановская";"Некрасовская линия";"2021";"I квартал";"388366";"345376";"1138976419";
"Боровское шоссе";"Солнцевская линия";"2021";"I квартал";"383645";"361297";"1138976420";
"Окская";"Некрасовская линия";"2021";"I квартал";"431900";"400462";"1138976421";
"Юго-Восточная";"Некрасовская линия";"2021";"I квартал";"733940";"671788";"1138976423";
"Косино";"Некрасовская линия";"2021";"I квартал";"272629";"249070";"1138976425";
"Некрасовка";"Некрасовская линия";"2021";"I квартал";"3420242";"3117351";"1138976430";
"ЦСКА";"Большая кольцевая линия";"2021";"I квартал";"2337493";"2374510";"1138976435";
"Улица Милашенкова";"Московская монорельсовая транспортная система";"2021";"I квартал";"14596";"13683";"1138976436";
"Народное Ополчение";"Большая кольцевая линия";"2021";"I квартал";"0";"0";"1138976442";
"Белокаменная";"Московское центральное кольцо";"2021";"I квартал";"77363";"80367";"1138976452";
"Раменки";"Солнцевская линия";"2021";"I квартал";"1199252";"1178617";"1138976453";
"Озёрная";"Солнцевская линия";"2021";"I квартал";"1182120";"1160339";"1138976456";
"Локомотив";"Московское центральное кольцо";"2021";"I квартал";"674911";"758584";"1138976457";
"Говорово";"Солнцевская линия";"2021";"I квартал";"848601";"803429";"1138976458";
"Солнцево";"Солнцевская линия";"2021";"I квартал";"1144456";"1095071";"1138976460";
"Новопеределкино";"Солнцевская линия";"2021";"I квартал";"1148891";"1094879";"1138976463";
"Рассказовка";"Солнцевская линия";"2021";"I квартал";"1305507";"1224065";"1138976465";
"Андроновка";"Московское центральное кольцо";"2021";"I квартал";"614931";"628492";"1138976466";
"Новохохловская";"Московское центральное кольцо";"2021";"I квартал";"494519";"520755";"1138976471";
"Телецентр";"Московская монорельсовая транспортная система";"2021";"I квартал";"21074";"20082";"1138976472";
"Угрешская";"Московское центральное кольцо";"2021";"I квартал";"329670";"356471";"1138976473";
"Лихоборы";"Московское центральное кольцо";"2021";"I квартал";"824899";"842746";"1138976478";
"ЗИЛ";"Московское центральное кольцо";"2021";"I квартал";"549471";"578450";"1138976480";
"Верхние Котлы";"Московское центральное кольцо";"2021";"I квартал";"1128115";"1180003";"1138976482";
"Ростокино";"Московское центральное кольцо";"2021";"I квартал";"2138809";"2173513";"1138976485";
"Площадь Гагарина";"Московское центральное кольцо";"2021";"I квартал";"910616";"1125787";"1138976487";
"Лужники";"Московское центральное кольцо";"2021";"I квартал";"680069";"804553";"1138976489";
"Измайлово";"Московское центральное кольцо";"2021";"I квартал";"687328";"750448";"1138976492";
"Зорге";"Московское центральное кольцо";"2021";"I квартал";"343860";"361909";"1138976500";
"Панфиловская";"Московское центральное кольцо";"2021";"I квартал";"491565";"522341";"1138976503";
"Балтийская";"Московское центральное кольцо";"2021";"I квартал";"970050";"1038238";"1138976507";
"Крымская";"Московское центральное кольцо";"2021";"I квартал";"782159";"819785";"1138976511";
"Пятницкое шоссе";"Арбатско-Покровская линия";"2021";"II квартал";"1478753";"1414993";"1138976512";
"Волоколамская";"Арбатско-Покровская линия";"2021";"II квартал";"1384263";"1365358";"1138976517";
"Строгино";"Арбатско-Покровская линия";"2021";"II квартал";"2222417";"2195083";"1138976522";
"Крылатское";"Арбатско-Покровская линия";"2021";"II квартал";"2084335";"2051883";"1138976524";
"Стрешнево";"Московское центральное кольцо";"2021";"I квартал";"1078075";"1126433";"1138976527";
"Коптево";"Московское центральное кольцо";"2021";"I квартал";"1111465";"1164799";"1138976530";
"Славянский бульвар";"Арбатско-Покровская линия";"2021";"II квартал";"4842958";"4781811";"1138976531";
"Митино";"Арбатско-Покровская линия";"2021";"II квартал";"2119285";"1991048";"1138976534";
"Мякинино";"Арбатско-Покровская линия";"2021";"II квартал";"1575712";"1502685";"1138976538";
"Бауманская";"Арбатско-Покровская линия";"2021";"II квартал";"4156201";"4346877";"1138976546";
"Партизанская";"Арбатско-Покровская линия";"2021";"II квартал";"1500048";"1469635";"1138976553";
"Площадь Революции";"Арбатско-Покровская линия";"2021";"II квартал";"2755588";"2748458";"1138976555";
"Измайловская";"Арбатско-Покровская линия";"2021";"II квартал";"1569001";"1580459";"1138976556";
"Речной вокзал";"Замоскворецкая линия";"2021";"II квартал";"2345431";"2288389";"1138976567";
"Первомайская";"Арбатско-Покровская линия";"2021";"II квартал";"2803604";"2802370";"1138976568";
"Ховрино";"Замоскворецкая линия";"2021";"II квартал";"3384252";"3127475";"1138976571";
"Войковская";"Замоскворецкая линия";"2021";"II квартал";"3775973";"3797844";"1138976572";
"Беломорская";"Замоскворецкая линия";"2021";"II квартал";"2380878";"2273501";"1138976573";
"Сокол";"Замоскворецкая линия";"2021";"II квартал";"2834516";"2873432";"1138976574";
"Маяковская";"Замоскворецкая линия";"2021";"II квартал";"2818305";"2900267";"1138976582";
"Аэропорт";"Замоскворецкая линия";"2021";"II квартал";"2825321";"2875823";"1138976583";
"Динамо";"Замоскворецкая линия";"2021";"II квартал";"2184810";"2242810";"1138976585";
"Новокузнецкая";"Замоскворецкая линия";"2021";"II квартал";"2467626";"2594105";"1138976590";
"Технопарк";"Замоскворецкая линия";"2021";"II квартал";"1386409";"1392105";"1138976591";
"Коломенская";"Замоскворецкая линия";"2021";"II квартал";"4084822";"4117496";"1138976593";
"Царицыно";"Замоскворецкая линия";"2021";"II квартал";"4826276";"4705244";"1138976600";
"Кантемировская";"Замоскворецкая линия";"2021";"II квартал";"3397441";"3378726";"1138976601";
"Орехово";"Замоскворецкая линия";"2021";"II квартал";"1640004";"1590411";"1138976602";
"Домодедовская";"Замоскворецкая линия";"2021";"II квартал";"5197497";"4848724";"1138976605";
"Красногвардейская";"Замоскворецкая линия";"2021";"II квартал";"1573265";"1572188";"1138976607";
"Алма-Атинская";"Замоскворецкая линия";"2021";"II квартал";"1138500";"1118782";"1138976610";
"Черкизовская";"Сокольническая линия";"2021";"II квартал";"1242202";"1217780";"1138976614";
"Преображенская площадь";"Сокольническая линия";"2021";"II квартал";"3596380";"3662827";"1138976615";
"Красносельская";"Сокольническая линия";"2021";"II квартал";"1761740";"1814880";"1138976620";
"Красные ворота";"Сокольническая линия";"2021";"II квартал";"1794643";"1849576";"1138976624";
"Чистые пруды";"Сокольническая линия";"2021";"II квартал";"1620842";"1660573";"1138976626";
"Лубянка";"Сокольническая линия";"2021";"II квартал";"1932391";"1959770";"1138976627";
"Охотный ряд";"Сокольническая линия";"2021";"II квартал";"3830765";"3793240";"1138976629";
"Кропоткинская";"Сокольническая линия";"2021";"II квартал";"2005917";"2084528";"1138976632";
"Фрунзенская";"Сокольническая линия";"2021";"II квартал";"2112149";"2221950";"1138976635";
"Университет";"Сокольническая линия";"2021";"II квартал";"2339616";"2364329";"1138976641";
"Юго-Западная";"Сокольническая линия";"2021";"II квартал";"3903705";"3909271";"1138976645";
"Румянцево";"Сокольническая линия";"2021";"II квартал";"853036";"854297";"1138976649";
"Саларьево";"Сокольническая линия";"2021";"II квартал";"3277783";"2921451";"1138976652";
"Филатов луг";"Сокольническая линия";"2021";"II квартал";"543965";"517718";"1138976654";
"Прокшино";"Сокольническая линия";"2021";"II квартал";"249984";"240960";"1138976656";
"Ольховая";"Сокольническая линия";"2021";"II квартал";"612457";"583238";"1138976657";
"Новомосковская";"Сокольническая линия";"2021";"II квартал";"954820";"942377";"1138976660";
"Молодёжная";"Арбатско-Покровская линия";"2021";"I квартал";"3359419";"3298594";"1139049528";
"Киевская";"Арбатско-Покровская линия";"2021";"I квартал";"3331331";"3129823";"1139049531";
"Электрозаводская";"Арбатско-Покровская линия";"2021";"I квартал";"2327645";"2436895";"1139049535";
"Молодёжная";"Арбатско-Покровская линия";"2021";"II квартал";"3754709";"3695073";"1139049536";
"Семёновская";"Арбатско-Покровская линия";"2021";"I квартал";"2266813";"2324677";"1139049537";
"Белорусская";"Замоскворецкая линия";"2021";"I квартал";"1958499";"1905578";"1139049538";
"Павелецкая";"Замоскворецкая линия";"2021";"I квартал";"2393179";"2070862";"1139049539";
"Автозаводская";"Замоскворецкая линия";"2021";"I квартал";"2634591";"2791137";"1139049540";
"Каширская";"Замоскворецкая линия";"2021";"I квартал";"1571003";"1585223";"1139049541";
"Семёновская";"Арбатско-Покровская линия";"2021";"II квартал";"2459559";"2534015";"1139049542";
"Бульвар Рокоссовского";"Сокольническая линия";"2021";"I квартал";"1650435";"1655224";"1139049543";
"Комсомольская";"Сокольническая линия";"2021";"I квартал";"2362784";"1923867";"1139049545";
"Парк культуры";"Сокольническая линия";"2021";"I квартал";"432777";"451062";"1139049546";
"Щёлковская";"Арбатско-Покровская линия";"2021";"I квартал";"5543321";"5302295";"1139049547";
"Щёлковская";"Арбатско-Покровская линия";"2021";"II квартал";"6205483";"5942874";"1139049549";
"Проспект Мира";"Кольцевая линия";"2021";"I квартал";"1848329";"1915719";"1139049552";
"Курская";"Кольцевая линия";"2021";"I квартал";"3456703";"3105337";"1139049553";
"Ботанический сад";"Калужско-Рижская линия";"2021";"I квартал";"1183701";"1358532";"1139049558";
"Китай-город";"Калужско-Рижская линия";"2021";"I квартал";"3917616";"4045824";"1139049560";
"Октябрьская";"Калужско-Рижская линия";"2021";"I квартал";"861044";"908603";"1139049561";
"Кутузовская";"Филёвская линия";"2021";"I квартал";"467068";"515967";"1139049564";
"Смоленская";"Филёвская линия";"2021";"I квартал";"1596567";"1638176";"1139049565";
"Арбатская";"Филёвская линия";"2021";"I квартал";"399914";"389484";"1139049566";
"Хорошёвская";"Большая кольцевая линия";"2021";"I квартал";"687219";"687558";"1139049567";
"Таганская";"Таганско-Краснопресненская линия";"2021";"I квартал";"962588";"993427";"1139049568";
"Текстильщики";"Таганско-Краснопресненская линия";"2021";"I квартал";"4013551";"3984078";"1139049569";
"Шоссе Энтузиастов";"Калининская линия";"2021";"I квартал";"1552498";"1674641";"1139049570";
"Владыкино";"Серпуховско-Тимирязевская линия";"2021";"I квартал";"1132860";"1352091";"1139049573";
"Тимирязевская";"Серпуховско-Тимирязевская линия";"2021";"I квартал";"1605226";"1578393";"1139049574";
"Улица академика Янгеля";"Серпуховско-Тимирязевская линия";"2021";"I квартал";"1948572";"1891874";"1139049575";
"Бульвар адмирала Ушакова";"Бутовская линия";"2021";"I квартал";"715105";"706348";"1139049576";
"Окружная";"Люблинско-Дмитровская линия";"2021";"I квартал";"454262";"454400";"1139049577";
"Петровско-Разумовская";"Люблинско-Дмитровская линия";"2021";"I квартал";"1740583";"1725688";"1139049578";
"Марьина Роща";"Люблинско-Дмитровская линия";"2021";"I квартал";"2146925";"2205722";"1139049579";
"Крестьянская застава";"Люблинско-Дмитровская линия";"2021";"I квартал";"508984";"538540";"1139049580";
"Дубровка";"Люблинско-Дмитровская линия";"2021";"I квартал";"1348774";"1423578";"1139049581";
"Печатники";"Люблинско-Дмитровская линия";"2021";"I квартал";"1599447";"1608840";"1139049582";
"Нижегородская";"Некрасовская линия";"2021";"I квартал";"610629";"819794";"1139049583";
"Улица Дмитриевского";"Некрасовская линия";"2021";"I квартал";"650439";"617551";"1139049584";
"Деловой центр";"Солнцевская линия";"2021";"I квартал";"511498";"504452";"1139049587";
"Парк Победы";"Солнцевская линия";"2021";"I квартал";"318720";"332196";"1139049588";
"Мичуринский проспект";"Солнцевская линия";"2021";"I квартал";"565615";"563879";"1139049589";
"Царицыно";"Замоскворецкая линия";"2021";"I квартал";"4117891";"3994639";"1139049590";
"Новые Черёмушки";"Калужско-Рижская линия";"2021";"I квартал";"2925766";"3055857";"1139049591";
"Тёплый стан";"Калужско-Рижская линия";"2021";"I квартал";"3753717";"3667832";"1139049592";
"Сретенский бульвар";"Люблинско-Дмитровская линия";"2021";"I квартал";"744466";"786496";"1139049594";
"Киевская";"Арбатско-Покровская линия";"2021";"II квартал";"3932383";"3676697";"1139049597";
"Электрозаводская";"Арбатско-Покровская линия";"2021";"II квартал";"2632175";"2785369";"1139049601";
"Водный стадион";"Замоскворецкая линия";"2021";"II квартал";"3113959";"3112742";"1139049602";
"Белорусская";"Замоскворецкая линия";"2021";"II квартал";"2362539";"2271261";"1139049603";
"Павелецкая";"Замоскворецкая линия";"2021";"II квартал";"2855906";"2418131";"1139049604";
"Автозаводская";"Замоскворецкая линия";"2021";"II квартал";"2980641";"3149007";"1139049605";
"Каширская";"Замоскворецкая линия";"2021";"II квартал";"1641960";"1666429";"1139049606";
"Бульвар Рокоссовского";"Сокольническая линия";"2021";"II квартал";"1784777";"1789582";"1139049607";
"Комсомольская";"Сокольническая линия";"2021";"II квартал";"2812214";"2312700";"1139049609";
"Парк культуры";"Сокольническая линия";"2021";"II квартал";"522103";"542644";"1139049610";
"Савёловская";"Серпуховско-Тимирязевская линия";"2021";"I квартал";"2821078";"2847512";"1139049612";
"Воробьёвы горы";"Сокольническая линия";"2021";"I квартал";"520869";"505579";"1139049613";
"Воробьёвы горы";"Сокольническая линия";"2021";"II квартал";"819182";"786108";"1139049614";
"Спортивная";"Сокольническая линия";"2021";"II квартал";"1472766";"1635561";"1139049615";
"Тропарёво";"Сокольническая линия";"2021";"I квартал";"1276615";"1248852";"1139049616";
"Тропарёво";"Сокольническая линия";"2021";"II квартал";"1387883";"1347877";"1139049617";
"Александровский сад";"Филёвская линия";"2021";"I квартал";"996568";"1009140";"1139049618";
"Филёвский парк";"Филёвская линия";"2021";"I квартал";"635296";"625701";"1139049621";
"Выставочный центр";"Московская монорельсовая транспортная система";"2021";"I квартал";"50714";"44606";"1139049622";
"Улица Академика Королёва";"Московская монорельсовая транспортная система";"2021";"I квартал";"13838";"12824";"1139049624";
"Улица Сергея Эйзенштейна";"Московская монорельсовая транспортная система";"2021";"I квартал";"16313";"13915";"1139049625";
"Соколиная Гора";"Московское центральное кольцо";"2021";"I квартал";"468808";"494108";"1139049635";
"Хорошёво";"Московское центральное кольцо";"2021";"I квартал";"659189";"699665";"1139049636";
"Шелепиха";"Московское центральное кольцо";"2021";"I квартал";"557562";"614452";"1139049637";
"Народное Ополчение";"Большая кольцевая линия";"2021";"II квартал";"796268";"772015";"1139049640";
"Битцевский парк";"Бутовская линия";"2021";"II квартал";"268111";"208437";"1139049642";
"Бульвар адмирала Ушакова";"Бутовская линия";"2021";"II квартал";"768890";"764304";"1139049643";
"Бунинская аллея";"Бутовская линия";"2021";"II квартал";"1600773";"1571625";"1139049644";
"Лесопарковая";"Бутовская линия";"2021";"II квартал";"405603";"386897";"1139049645";
"Улица Горчакова";"Бутовская линия";"2021";"II квартал";"715714";"709550";"1139049646";
"Улица Скобелевская";"Бутовская линия";"2021";"II квартал";"1426718";"1385807";"1139049647";
"Шоссе Энтузиастов";"Калининская линия";"2021";"II квартал";"1678296";"1811184";"1139049649";
"Китай-город";"Калужско-Рижская линия";"2021";"II квартал";"4599802";"4721453";"1139049650";
"Ленинский проспект";"Калужско-Рижская линия";"2021";"II квартал";"2985765";"3430008";"1139049651";
"Октябрьская";"Калужско-Рижская линия";"2021";"II квартал";"1029860";"1083877";"1139049652";
"Краснопресненская";"Кольцевая линия";"2021";"II квартал";"1632203";"1660214";"1139049657";
"Курская";"Кольцевая линия";"2021";"II квартал";"3838347";"3472638";"1139049658";
"Проспект Мира";"Кольцевая линия";"2021";"II квартал";"2064078";"2136455";"1139049662";
"Крестьянская застава";"Люблинско-Дмитровская линия";"2021";"II квартал";"572449";"601333";"1139049664";
"Петровско-Разумовская";"Люблинско-Дмитровская линия";"2021";"II квартал";"1927732";"1913912";"1139049665";
"Сретенский бульвар";"Люблинско-Дмитровская линия";"2021";"II квартал";"734193";"774742";"1139049666";
"Новослободская";"Кольцевая линия";"2021";"II квартал";"0";"0";"1139049667";
"Добрынинская";"Кольцевая линия";"2021";"II квартал";"1626734";"1689539";"1139049668";
"Медведково";"Калужско-Рижская линия";"2021";"II квартал";"4089074";"3975142";"1139049669";
"Бабушкинская";"Калужско-Рижская линия";"2021";"II квартал";"3817866";"3817005";"1139049670";
"Свиблово";"Калужско-Рижская линия";"2021";"II квартал";"1928256";"1946306";"1139049671";
"Ботанический сад";"Калужско-Рижская линия";"2021";"II квартал";"1365089";"1552209";"1139049672";
"ВДНХ";"Калужско-Рижская линия";"2021";"II квартал";"5529818";"5303556";"1139049673";
"Алексеевская";"Калужско-Рижская линия";"2021";"II квартал";"2596264";"2671422";"1139049674";
"Рижская";"Калужско-Рижская линия";"2021";"II квартал";"0";"0";"1139049675";
"Сухаревская";"Калужско-Рижская линия";"2021";"II квартал";"1583637";"1659698";"1139049676";
"Тургеневская";"Калужско-Рижская линия";"2021";"II квартал";"1423046";"1491326";"1139049677";
"Шаболовская";"Калужско-Рижская линия";"2021";"II квартал";"2009040";"2111527";"1139049678";
"Академическая";"Калужско-Рижская линия";"2021";"II квартал";"2669379";"2676127";"1139049679";
"Профсоюзная";"Калужско-Рижская линия";"2021";"II квартал";"2604323";"2673503";"1139049680";
"Новые Черёмушки";"Калужско-Рижская линия";"2021";"II квартал";"3106411";"3160892";"1139049681";
"Калужская";"Калужско-Рижская линия";"2021";"II квартал";"3044765";"3141925";"1139049682";
"Беляево";"Калужско-Рижская линия";"2021";"II квартал";"2758911";"2795993";"1139049683";
"Коньково";"Калужско-Рижская линия";"2021";"II квартал";"2074779";"2066561";"1139049684";
"Тёплый стан";"Калужско-Рижская линия";"2021";"II квартал";"4651899";"4591088";"1139049685";
"Ясенево";"Калужско-Рижская линия";"2021";"II квартал";"2282077";"2254808";"1139049686";
"Новоясеневская";"Калужско-Рижская линия";"2021";"II квартал";"510585";"501925";"1139049687";
"Планерная";"Таганско-Краснопресненская линия";"2021";"II квартал";"3417950";"3286803";"1139049688";
"Сходненская";"Таганско-Краснопресненская линия";"2021";"II квартал";"3987004";"3936678";"1139049689";
"Тушинская";"Таганско-Краснопресненская линия";"2021";"II квартал";"4037799";"3907369";"1139049690";
"Спартак";"Таганско-Краснопресненская линия";"2021";"II квартал";"273915";"263980";"1139049691";
"Щукинская";"Таганско-Краснопресненская линия";"2021";"II квартал";"3212270";"3238647";"1139049694";
"Октябрьское поле";"Таганско-Краснопресненская линия";"2021";"II квартал";"3303534";"3376128";"1139049695";
"Полежаевская";"Таганско-Краснопресненская линия";"2021";"II квартал";"2611312";"2663983";"1139049696";
"Беговая";"Таганско-Краснопресненская линия";"2021";"II квартал";"3462079";"3505240";"1139049697";
"Улица 1905 года";"Таганско-Краснопресненская линия";"2021";"II квартал";"3472221";"3608239";"1139049698";
"Баррикадная";"Таганско-Краснопресненская линия";"2021";"II квартал";"1785546";"1836160";"1139049699";
"Пушкинская";"Таганско-Краснопресненская линия";"2021";"II квартал";"3697402";"3824660";"1139049700";
"Кузнецкий мост";"Таганско-Краснопресненская линия";"2021";"II квартал";"1865619";"1956594";"1139049701";
"Пролетарская";"Таганско-Краснопресненская линия";"2021";"II квартал";"2597746";"2632474";"1139049702";
"Текстильщики";"Таганско-Краснопресненская линия";"2021";"II квартал";"4630805";"4640605";"1139049703";
"Кузьминки";"Таганско-Краснопресненская линия";"2021";"II квартал";"4948295";"4953417";"1139049704";
"Выхино";"Таганско-Краснопресненская линия";"2021";"II квартал";"5372512";"5237952";"1139049705";
"Жулебино";"Таганско-Краснопресненская линия";"2021";"II квартал";"1949439";"1886445";"1139049706";
"Котельники";"Таганско-Краснопресненская линия";"2021";"II квартал";"3973672";"3584425";"1139049707";
"Новокосино";"Калининская линия";"2021";"II квартал";"4767775";"4626518";"1139049708";
"Новогиреево";"Калининская линия";"2021";"II квартал";"5548074";"5384637";"1139049709";
"Перово";"Калининская линия";"2021";"II квартал";"3287642";"3265689";"1139049710";
"Площадь Ильича";"Калининская линия";"2021";"II квартал";"1845247";"1864248";"1139049712";
"Марксистская";"Калининская линия";"2021";"II квартал";"1846432";"1925674";"1139049713";
"Алтуфьево";"Серпуховско-Тимирязевская линия";"2021";"II квартал";"3744342";"3670627";"1139049714";
"Бибирево";"Серпуховско-Тимирязевская линия";"2021";"II квартал";"2336897";"2353060";"1139049715";
"Отрадное";"Серпуховско-Тимирязевская линия";"2021";"II квартал";"3948893";"3987619";"1139049716";
"Владыкино";"Серпуховско-Тимирязевская линия";"2021";"II квартал";"1311920";"1540392";"1139049717";
"Тимирязевская";"Серпуховско-Тимирязевская линия";"2021";"II квартал";"1716616";"1689874";"1139049718";
"Дмитровская";"Серпуховско-Тимирязевская линия";"2021";"II квартал";"2747621";"2792649";"1139049719";
"Савёловская";"Серпуховско-Тимирязевская линия";"2021";"II квартал";"3236004";"3252978";"1139049720";
"Менделеевская";"Серпуховско-Тимирязевская линия";"2021";"II квартал";"3637756";"3826231";"1139049721";
"Цветной бульвар";"Серпуховско-Тимирязевская линия";"2021";"II квартал";"1779021";"1842080";"1139049722";
"Чеховская";"Серпуховско-Тимирязевская линия";"2021";"II квартал";"1711195";"1796943";"1139049723";
"Боровицкая";"Серпуховско-Тимирязевская линия";"2021";"II квартал";"514499";"539813";"1139049724";
"Полянка";"Серпуховско-Тимирязевская линия";"2021";"II квартал";"1212874";"1271759";"1139049725";
"Серпуховская";"Серпуховско-Тимирязевская линия";"2021";"II квартал";"1586419";"1657539";"1139049726";
"Тульская";"Серпуховско-Тимирязевская линия";"2021";"II квартал";"2808291";"2903805";"1139049727";
"Нагатинская";"Серпуховско-Тимирязевская линия";"2021";"II квартал";"3265648";"3347560";"1139049728";
"Нагорная";"Серпуховско-Тимирязевская линия";"2021";"II квартал";"1195873";"1216863";"1139049729";
"Севастопольская";"Серпуховско-Тимирязевская линия";"2021";"II квартал";"2056936";"2084993";"1139049730";
"Чертановская";"Серпуховско-Тимирязевская линия";"2021";"II квартал";"2560849";"2549754";"1139049731";
"Южная";"Серпуховско-Тимирязевская линия";"2021";"II квартал";"1818068";"1809453";"1139049732";
"Пражская";"Серпуховско-Тимирязевская линия";"2021";"II квартал";"3859277";"3868458";"1139049733";
"Аннино";"Серпуховско-Тимирязевская линия";"2021";"II квартал";"1992202";"1835961";"1139049734";
"Селигерская";"Люблинско-Дмитровская линия";"2021";"II квартал";"3008547";"2966997";"1139049735";
"Верхние Лихоборы";"Люблинско-Дмитровская линия";"2021";"II квартал";"972373";"962453";"1139049736";
"Окружная";"Люблинско-Дмитровская линия";"2021";"II квартал";"509215";"508532";"1139049737";
"Фонвизинская";"Люблинско-Дмитровская линия";"2021";"II квартал";"1120325";"1110059";"1139049738";
"Бутырская";"Люблинско-Дмитровская линия";"2021";"II квартал";"1118850";"1153002";"1139049739";
"Марьина Роща";"Люблинско-Дмитровская линия";"2021";"II квартал";"2310752";"2365007";"1139049740";
"Достоевская";"Люблинско-Дмитровская линия";"2021";"II квартал";"1046968";"1087694";"1139049741";
"Трубная";"Люблинско-Дмитровская линия";"2021";"II квартал";"1198257";"1245419";"1139049742";
"Чкаловская";"Люблинско-Дмитровская линия";"2021";"II квартал";"3485426";"3389030";"1139049743";
"Римская";"Люблинско-Дмитровская линия";"2021";"II квартал";"1530271";"1554185";"1139049744";
"Дубровка";"Люблинско-Дмитровская линия";"2021";"II квартал";"1566868";"1654108";"1139049745";
"Кожуховская";"Люблинско-Дмитровская линия";"2021";"II квартал";"1669089";"1753443";"1139049746";
"Печатники";"Люблинско-Дмитровская линия";"2021";"II квартал";"1477763";"1497714";"1139049747";
"Волжская";"Люблинско-Дмитровская линия";"2021";"II квартал";"1379460";"1433991";"1139049748";
"Люблино";"Люблинско-Дмитровская линия";"2021";"II квартал";"3518435";"3418091";"1139049749";
"Братиславская";"Люблинско-Дмитровская линия";"2021";"II квартал";"3022364";"3020041";"1139049750";
"Марьино";"Люблинско-Дмитровская линия";"2021";"II квартал";"2569871";"2552069";"1139049751";
"Борисово";"Люблинско-Дмитровская линия";"2021";"II квартал";"926473";"919761";"1139049752";
"Шипиловская";"Люблинско-Дмитровская линия";"2021";"II квартал";"1087307";"1090265";"1139049753";
"Зябликово";"Люблинско-Дмитровская линия";"2021";"II квартал";"817039";"819731";"1139049754";
"Нижегородская";"Некрасовская линия";"2021";"II квартал";"748554";"991472";"1139049755";
"Стахановская";"Некрасовская линия";"2021";"II квартал";"452652";"421602";"1139049756";
"Окская";"Некрасовская линия";"2021";"II квартал";"492106";"476319";"1139049757";
"Юго-Восточная";"Некрасовская линия";"2021";"II квартал";"804158";"765596";"1139049758";
"Косино";"Некрасовская линия";"2021";"II квартал";"301976";"282083";"1139049759";
"Лухмановская";"Некрасовская линия";"2021";"II квартал";"1150365";"1086191";"1139049760";
"Некрасовка";"Некрасовская линия";"2021";"II квартал";"3750348";"3536276";"1139049761";
"ЦСКА";"Большая кольцевая линия";"2021";"II квартал";"2591363";"2589130";"1139049763";
"Хорошёвская";"Большая кольцевая линия";"2021";"II квартал";"671055";"655755";"1139049764";
"Минская";"Солнцевская линия";"2021";"II квартал";"498037";"508482";"1139049767";
"Раменки";"Солнцевская линия";"2021";"II квартал";"1334094";"1306682";"1139049768";
"Говорово";"Солнцевская линия";"2021";"II квартал";"978570";"922490";"1139049769";
"Солнцево";"Солнцевская линия";"2021";"II квартал";"1258539";"1206585";"1139049770";
"Боровское шоссе";"Солнцевская линия";"2021";"II квартал";"455737";"429979";"1139049771";
"Новопеределкино";"Солнцевская линия";"2021";"II квартал";"1235721";"1183238";"1139049772";
"Рассказовка";"Солнцевская линия";"2021";"II квартал";"1481009";"1383504";"1139049773";
"Улица Дмитриевского";"Некрасовская линия";"2021";"II квартал";"714213";"698967";"1139049774";
"Бульвар Дмитрия Донского";"Серпуховско-Тимирязевская линия";"2021";"II квартал";"4440600";"4308662";"1139049775";
"Нахимовский проспект";"Серпуховско-Тимирязевская линия";"2021";"II квартал";"1831879";"1859606";"1139049776";
"Улица академика Янгеля";"Серпуховско-Тимирязевская линия";"2021";"II квартал";"2107496";"2057374";"1139049777";
"Деловой центр";"Солнцевская линия";"2021";"II квартал";"743942";"729463";"1139049778";
"Ломоносовский проспект";"Солнцевская линия";"2021";"II квартал";"1022869";"1025302";"1139049779";
"Мичуринский проспект";"Солнцевская линия";"2021";"II квартал";"693180";"686047";"1139049780";
"Волгоградский проспект";"Таганско-Краснопресненская линия";"2021";"II квартал";"1613830";"1655974";"1139049783";
"Лермонтовский проспект";"Таганско-Краснопресненская линия";"2021";"II квартал";"1690680";"1616472";"1139049784";
"Рязанский проспект";"Таганско-Краснопресненская линия";"2021";"II квартал";"2666516";"2686345";"1139049785";
"Александровский сад";"Филёвская линия";"2021";"II квартал";"1287879";"1288855";"1139049787";
"Багратионовская";"Филёвская линия";"2021";"II квартал";"1170991";"1176241";"1139049789";
"Деловой центр";"Филёвская линия";"2021";"II квартал";"1481558";"1472911";"1139049790";
"Москва-Сити";"Филёвская линия";"2021";"II квартал";"554615";"524483";"1139049793";
"Пионерская";"Филёвская линия";"2021";"II квартал";"457217";"443923";"1139049794";
"Студенческая";"Филёвская линия";"2021";"II квартал";"497987";"511575";"1139049796";
"Филёвский парк";"Филёвская линия";"2021";"II квартал";"726826";"715266";"1139049797";
"Фили";"Филёвская линия";"2021";"II квартал";"1455466";"1461876";"1139049798";
"Выставочный центр";"Московская монорельсовая транспортная система";"2021";"II квартал";"80371";"70484";"1139049799";
"Улица Академика Королёва";"Московская монорельсовая транспортная система";"2021";"II квартал";"16623";"15107";"1139049801";
"Улица Милашенкова";"Московская монорельсовая транспортная система";"2021";"II квартал";"18621";"17205";"1139049802";
"Андроновка";"Московское центральное кольцо";"2021";"II квартал";"696061";"711741";"1139049805";
"Балтийская";"Московское центральное кольцо";"2021";"II квартал";"1061954";"1135258";"1139049806";
"Белокаменная";"Московское центральное кольцо";"2021";"II квартал";"86178";"88952";"1139049807";
"Верхние Котлы";"Московское центральное кольцо";"2021";"II квартал";"1420296";"1479298";"1139049810";
"ЗИЛ";"Московское центральное кольцо";"2021";"II квартал";"618184";"646345";"1139049814";
"Зорге";"Московское центральное кольцо";"2021";"II квартал";"403781";"421543";"1139049815";
"Измайлово";"Московское центральное кольцо";"2021";"II квартал";"816352";"889563";"1139049816";
"Коптево";"Московское центральное кольцо";"2021";"II квартал";"1245921";"1309099";"1139049817";
"Крымская";"Московское центральное кольцо";"2021";"II квартал";"874467";"914497";"1139049818";
"Лихоборы";"Московское центральное кольцо";"2021";"II квартал";"940032";"958358";"1139049820";
"Локомотив";"Московское центральное кольцо";"2021";"II квартал";"831949";"912906";"1139049821";
"Лужники";"Московское центральное кольцо";"2021";"II квартал";"833045";"964465";"1139049822";
"Новохохловская";"Московское центральное кольцо";"2021";"II квартал";"597491";"629902";"1139049824";
"Панфиловская";"Московское центральное кольцо";"2021";"II квартал";"551983";"583545";"1139049826";
"Площадь Гагарина";"Московское центральное кольцо";"2021";"II квартал";"1087078";"1336740";"1139049827";
"Ростокино";"Московское центральное кольцо";"2021";"II квартал";"2510968";"2549085";"1139049828";
"Соколиная Гора";"Московское центральное кольцо";"2021";"II квартал";"534991";"562941";"1139049829";
"Стрешнево";"Московское центральное кольцо";"2021";"II квартал";"1259357";"1316066";"1139049830";
"Угрешская";"Московское центральное кольцо";"2021";"II квартал";"380656";"410147";"1139049831";
"Хорошёво";"Московское центральное кольцо";"2021";"II квартал";"697918";"740832";"1139049832";
"Улица Сергея Эйзенштейна";"Московская монорельсовая транспортная система";"2021";"II квартал";"21328";"18392";"1139049835";
"Курская";"Арбатско-Покровская линия";"2021";"II квартал";"1744083";"1755109";"1139050918";
"Кунцевская";"Арбатско-Покровская линия";"2021";"I квартал";"1134266";"1146144";"1139050920";
"Парк Победы";"Арбатско-Покровская линия";"2021";"I квартал";"1019923";"998721";"1139050921";
"Сокольники";"Сокольническая линия";"2021";"II квартал";"2301645";"2331979";"1139050923";
"Смоленская";"Арбатско-Покровская линия";"2021";"I квартал";"0";"0";"1139050924";
"Авиамоторная";"Калининская линия";"2021";"II квартал";"3276377";"3421074";"1139050925";
"Проспект Вернадского";"Сокольническая линия";"2021";"II квартал";"2436498";"2437657";"1139050926";
"Арбатская";"Арбатско-Покровская линия";"2021";"I квартал";"2273416";"2373439";"1139050927";
"Петровский парк";"Большая кольцевая линия";"2021";"II квартал";"807729";"819640";"1139050928";
"Тимирязевская";"Московская монорельсовая транспортная система";"2021";"I квартал";"43525";"38091";"1139050929";
"Курская";"Арбатско-Покровская линия";"2021";"I квартал";"1522995";"1540141";"1139050930";
"Шелепиха";"Большая кольцевая линия";"2021";"II квартал";"824537";"848390";"1139050931";
"Автозаводская";"Московское центральное кольцо";"2021";"I квартал";"376437";"427063";"1139050932";
"Сокольники";"Сокольническая линия";"2021";"I квартал";"1963304";"1986175";"1139050933";
"Озёрная";"Солнцевская линия";"2021";"II квартал";"1317067";"1301533";"1139050934";
"Ботанический сад";"Московское центральное кольцо";"2021";"I квартал";"679834";"845888";"1139050935";
"Проспект Вернадского";"Сокольническая линия";"2021";"I квартал";"2168063";"2169456";"1139050936";
"Парк Победы";"Солнцевская линия";"2021";"II квартал";"400298";"412962";"1139050937";
"Бульвар Рокоссовского";"Московское центральное кольцо";"2021";"I квартал";"774605";"808964";"1139050938";
"Киевская";"Кольцевая линия";"2021";"I квартал";"2835525";"2799306";"1139050939";
"Таганская";"Таганско-Краснопресненская линия";"2021";"II квартал";"1118613";"1149560";"1139050940";
"Владыкино";"Московское центральное кольцо";"2021";"I квартал";"534865";"704933";"1139050941";
"Белорусская";"Кольцевая линия";"2021";"I квартал";"3132174";"3066857";"1139050942";
"Арбатская";"Филёвская линия";"2021";"II квартал";"504848";"482833";"1139050943";
"Москва-Сити";"Московское центральное кольцо";"2021";"I квартал";"1003278";"1079557";"1139050944";
"Кунцевская";"Филёвская линия";"2021";"II квартал";"688091";"676405";"1139050945";
"Таганская";"Кольцевая линия";"2021";"I квартал";"1853886";"1918432";"1139050946";
"Дубровка";"Московское центральное кольцо";"2021";"I квартал";"653303";"695273";"1139050947";
"Кутузовская";"Филёвская линия";"2021";"II квартал";"624911";"662047";"1139050948";
"Павелецкая";"Кольцевая линия";"2021";"I квартал";"2754059";"2857563";"1139050949";
"Кутузовская";"Московское центральное кольцо";"2021";"I квартал";"1238449";"1362642";"1139050950";
"Смоленская";"Филёвская линия";"2021";"II квартал";"1752887";"1799799";"1139050951";
"Нижегородская";"Московское центральное кольцо";"2021";"I квартал";"1284612";"1380068";"1139050952";
"Октябрьская";"Кольцевая линия";"2021";"I квартал";"1598582";"1668261";"1139050953";
"Тимирязевская";"Московская монорельсовая транспортная система";"2021";"II квартал";"58537";"50495";"1139050954";
"Окружная";"Московское центральное кольцо";"2021";"I квартал";"1060235";"1083798";"1139050955";
"Парк культуры";"Кольцевая линия";"2021";"I квартал";"2780848";"2897742";"1139050956";
"Шоссе Энтузиастов";"Московское центральное кольцо";"2021";"I квартал";"570854";"643990";"1139050958";
"Проспект Мира";"Калужско-Рижская линия";"2021";"I квартал";"1855291";"1924780";"1139050959";
"Автозаводская";"Московское центральное кольцо";"2021";"II квартал";"472838";"531541";"1139050960";
"Деловой центр";"Большая кольцевая линия";"2021";"II квартал";"1276196";"1246325";"1139050961";
"Кунцевская";"Филёвская линия";"2021";"I квартал";"587028";"571835";"1139050962";
"Ботанический сад";"Московское центральное кольцо";"2021";"II квартал";"842533";"1026219";"1139050963";
"Савёловская";"Большая кольцевая линия";"2021";"II квартал";"720136";"706104";"1139050964";
"Бульвар Рокоссовского";"Московское центральное кольцо";"2021";"II квартал";"869366";"911094";"1139050966";
"Авиамоторная";"Калининская линия";"2021";"I квартал";"3013520";"3142943";"1139050967";
"Третьяковская";"Калининская линия";"2021";"II квартал";"2151825";"2258667";"1139050968";
"Владыкино";"Московское центральное кольцо";"2021";"II квартал";"653437";"833596";"1139050969";
"Третьяковская";"Калининская линия";"2021";"I квартал";"1842681";"1939669";"1139050970";
"Москва-Сити";"Московское центральное кольцо";"2021";"II квартал";"1263911";"1344650";"1139050971";
"Проспект Мира";"Калужско-Рижская линия";"2021";"II квартал";"2013833";"2095190";"1139050972";
"Дубровка";"Московское центральное кольцо";"2021";"II квартал";"802965";"852089";"1139050973";
"Шелепиха";"Большая кольцевая линия";"2021";"I квартал";"752317";"784118";"1139050974";
"Белорусская";"Кольцевая линия";"2021";"II квартал";"3626060";"3498349";"1139050975";
"Деловой центр";"Большая кольцевая линия";"2021";"I квартал";"1062070";"1053347";"1139050976";
"Кутузовская";"Московское центральное кольцо";"2021";"II квартал";"1450055";"1591831";"1139050977";
"Киевская";"Кольцевая линия";"2021";"II квартал";"3239407";"3162640";"1139050978";
"Комсомольская";"Кольцевая линия";"2021";"I квартал";"6466685";"5514132";"1139050979";
"Нижегородская";"Московское центральное кольцо";"2021";"II квартал";"1524933";"1635336";"1139050980";
"Комсомольская";"Кольцевая линия";"2021";"II квартал";"7566022";"6397013";"1139050981";
"Окружная";"Московское центральное кольцо";"2021";"II квартал";"1240909";"1266941";"1139050982";
"Кунцевская";"Арбатско-Покровская линия";"2021";"II квартал";"1291769";"1308586";"1139050983";
"Октябрьская";"Кольцевая линия";"2021";"II квартал";"2260845";"2331673";"1139050984";
"Шелепиха";"Московское центральное кольцо";"2021";"II квартал";"648659";"706123";"1139050985";
"Парк Победы";"Арбатско-Покровская линия";"2021";"II квартал";"1285349";"1259705";"1139050986";
"Павелецкая";"Кольцевая линия";"2021";"II квартал";"3177057";"3285363";"1139050987";
"Смоленская";"Арбатско-Покровская линия";"2021";"II квартал";"0";"0";"1139050988";
"Шоссе Энтузиастов";"Московское центральное кольцо";"2021";"II квартал";"652573";"731678";"1139050989";
"Парк культуры";"Кольцевая линия";"2021";"II квартал";"2983513";"3079648";"1139050990";
"Арбатская";"Арбатско-Покровская линия";"2021";"II квартал";"2554972";"2664923";"1139050991";
"Таганская";"Кольцевая линия";"2021";"II квартал";"2119332";"2191457";"1139050992";
"Лефортово";"Некрасовская линия";"2021";"I квартал";"380922";"380900";"1146103169";
"Лефортово";"Некрасовская линия";"2021";"II квартал";"455742";"455125";"1146103172";
"Авиамоторная";"Некрасовская линия";"2021";"I квартал";"361301";"361296";"1146103236";
"Авиамоторная";"Некрасовская линия";"2021";"II квартал";"513622";"513610";"1146103248";
"Электрозаводская";"Некрасовская линия";"2021";"I квартал";"375488";"375374";"1146103262";
"Электрозаводская";"Некрасовская линия";"2021";"II квартал";"463826";"463241";"1146103275";
"Телецентр";"Московская монорельсовая транспортная система";"2021";"II квартал";"30234";"27626";"1146103358";
"Мнёвники";"Большая кольцевая линия";"2021";"II квартал";"70458";"67707";"1146103399";
"Москва-Сити";"Филёвская линия";"2021";"I квартал";"514697";"542625";"1146422262";
"Деловой центр";"Филёвская линия";"2021";"I квартал";"1179827";"1173476";"1146422463";
"Пятницкое шоссе";"Арбатско-Покровская линия";"2021";"III квартал";"1429142";"1357385";"1263040544";
"Митино";"Арбатско-Покровская линия";"2021";"III квартал";"2077107";"1922906";"1263040545";
"Мякинино";"Арбатско-Покровская линия";"2021";"III квартал";"1431976";"1366138";"1263040547";
"Строгино";"Арбатско-Покровская линия";"2021";"III квартал";"2225562";"2193012";"1263040548";
"Молодёжная";"Арбатско-Покровская линия";"2021";"III квартал";"3618398";"3566172";"1263040550";
"Беломорская";"Замоскворецкая линия";"2021";"III квартал";"2347549";"2220542";"1263040552";
"Речной вокзал";"Замоскворецкая линия";"2021";"III квартал";"2239918";"2171194";"1263040553";
"Водный стадион";"Замоскворецкая линия";"2021";"III квартал";"3017160";"3012294";"1263040554";
"Войковская";"Замоскворецкая линия";"2021";"III квартал";"3647103";"3673198";"1263040555";
"Аэропорт";"Замоскворецкая линия";"2021";"III квартал";"2652044";"2702433";"1263040556";
"Технопарк";"Замоскворецкая линия";"2021";"III квартал";"1419883";"1431768";"1263040557";
"Спортивная";"Сокольническая линия";"2021";"III квартал";"1655375";"1837108";"1263040562";
"Прокшино";"Сокольническая линия";"2021";"III квартал";"288920";"278445";"1263040566";
"Новослободская";"Кольцевая линия";"2021";"III квартал";"0";"0";"1263040568";
"Добрынинская";"Кольцевая линия";"2021";"III квартал";"1540114";"1604009";"1263040570";
"Свиблово";"Калужско-Рижская линия";"2021";"III квартал";"1831050";"1850298";"1263040573";
"ВДНХ";"Калужско-Рижская линия";"2021";"III квартал";"5444095";"5200904";"1263040575";
"Рижская";"Калужско-Рижская линия";"2021";"III квартал";"0";"0";"1263040577";
"Славянский бульвар";"Арбатско-Покровская линия";"2021";"III квартал";"4875673";"4803822";"1263040579";
"Тургеневская";"Калужско-Рижская линия";"2021";"III квартал";"1351082";"1428797";"1263040580";
"Измайловская";"Арбатско-Покровская линия";"2021";"III квартал";"1444236";"1448584";"1263040582";
"Профсоюзная";"Калужско-Рижская линия";"2021";"III квартал";"2511297";"2593212";"1263040583";
"Ховрино";"Замоскворецкая линия";"2021";"III квартал";"3373487";"3062394";"1263040584";
"Калужская";"Калужско-Рижская линия";"2021";"III квартал";"3032594";"3149403";"1263040585";
"Сокол";"Замоскворецкая линия";"2021";"III квартал";"2630578";"2679626";"1263040586";
"Ясенево";"Калужско-Рижская линия";"2021";"III квартал";"2205316";"2187465";"1263040588";
"Динамо";"Замоскворецкая линия";"2021";"III квартал";"2114735";"2177251";"1263040589";
"Маяковская";"Замоскворецкая линия";"2021";"III квартал";"2584875";"2675862";"1263040591";
"Новокузнецкая";"Замоскворецкая линия";"2021";"III квартал";"2340440";"2474435";"1263040592";
"Багратионовская";"Филёвская линия";"2021";"III квартал";"1121820";"1123352";"1263040593";
"Фили";"Филёвская линия";"2021";"III квартал";"1398226";"1404204";"1263040594";
"Кантемировская";"Замоскворецкая линия";"2021";"III квартал";"3212248";"3200100";"1263040595";
"Орехово";"Замоскворецкая линия";"2021";"III квартал";"1566290";"1511590";"1263040596";
"Домодедовская";"Замоскворецкая линия";"2021";"III квартал";"5172282";"4767319";"1263040597";
"Черкизовская";"Сокольническая линия";"2021";"III квартал";"1345069";"1208100";"1263040599";
"Планерная";"Таганско-Краснопресненская линия";"2021";"III квартал";"3314837";"3170515";"1263040601";
"Красные ворота";"Сокольническая линия";"2021";"III квартал";"1756008";"1822545";"1263040602";
"Сходненская";"Таганско-Краснопресненская линия";"2021";"III квартал";"3844813";"3801895";"1263040603";
"Чистые пруды";"Сокольническая линия";"2021";"III квартал";"1499165";"1536589";"1263040604";
"Тушинская";"Таганско-Краснопресненская линия";"2021";"III квартал";"3793265";"3640434";"1263040605";
"Кропоткинская";"Сокольническая линия";"2021";"III квартал";"1823187";"1912389";"1263040609";
"Щукинская";"Таганско-Краснопресненская линия";"2021";"III квартал";"3174030";"3195986";"1263040610";
"Октябрьское поле";"Таганско-Краснопресненская линия";"2021";"III квартал";"3079526";"3160201";"1263040611";
"Фрунзенская";"Сокольническая линия";"2021";"III квартал";"1941693";"2057997";"1263040612";
"Беговая";"Таганско-Краснопресненская линия";"2021";"III квартал";"3436677";"3480855";"1263040614";
"Баррикадная";"Таганско-Краснопресненская линия";"2021";"III квартал";"1652442";"1697718";"1263040616";
"Саларьево";"Сокольническая линия";"2021";"III квартал";"2954858";"2579993";"1263040618";
"Ольховая";"Сокольническая линия";"2021";"III квартал";"515491";"487143";"1263040619";
"Волгоградский проспект";"Таганско-Краснопресненская линия";"2021";"III квартал";"1600781";"1655800";"1263040620";
"Краснопресненская";"Кольцевая линия";"2021";"III квартал";"1548088";"1585142";"1263040621";
"Рязанский проспект";"Таганско-Краснопресненская линия";"2021";"III квартал";"2562489";"2596609";"1263040622";
"Лермонтовский проспект";"Таганско-Краснопресненская линия";"2021";"III квартал";"1614185";"1539284";"1263040623";
"Котельники";"Таганско-Краснопресненская линия";"2021";"III квартал";"4097483";"3633054";"1263040624";
"Медведково";"Калужско-Рижская линия";"2021";"III квартал";"4036623";"3909126";"1263040625";
"Бабушкинская";"Калужско-Рижская линия";"2021";"III квартал";"3692399";"3707261";"1263040626";
"Алексеевская";"Калужско-Рижская линия";"2021";"III квартал";"2542432";"2634400";"1263040628";
"Сухаревская";"Калужско-Рижская линия";"2021";"III квартал";"1532016";"1613365";"1263040629";
"Шаболовская";"Калужско-Рижская линия";"2021";"III квартал";"1896994";"2002592";"1263040631";
"Ленинский проспект";"Калужско-Рижская линия";"2021";"III квартал";"2883764";"3351369";"1263040632";
"Академическая";"Калужско-Рижская линия";"2021";"III квартал";"2539887";"2563915";"1263040633";
"Отрадное";"Серпуховско-Тимирязевская линия";"2021";"III квартал";"3843296";"3895299";"1263040634";
"Беляево";"Калужско-Рижская линия";"2021";"III квартал";"2729338";"2767735";"1263040635";
"Коньково";"Калужско-Рижская линия";"2021";"III квартал";"2059312";"2053712";"1263040636";
"Новоясеневская";"Калужско-Рижская линия";"2021";"III квартал";"487063";"477743";"1263040638";
"Цветной бульвар";"Серпуховско-Тимирязевская линия";"2021";"III квартал";"1685294";"1754510";"1263040639";
"Пионерская";"Филёвская линия";"2021";"III квартал";"432602";"416630";"1263040640";
"Полянка";"Серпуховско-Тимирязевская линия";"2021";"III квартал";"1226589";"1294092";"1263040642";
"Студенческая";"Филёвская линия";"2021";"III квартал";"462268";"474513";"1263040643";
"Серпуховская";"Серпуховско-Тимирязевская линия";"2021";"III квартал";"1490970";"1560467";"1263040644";
"Нагатинская";"Серпуховско-Тимирязевская линия";"2021";"III квартал";"3221879";"3304731";"1263040645";
"Нагорная";"Серпуховско-Тимирязевская линия";"2021";"III квартал";"1158781";"1181353";"1263040646";
"Нахимовский проспект";"Серпуховско-Тимирязевская линия";"2021";"III квартал";"1748441";"1779205";"1263040647";
"Севастопольская";"Серпуховско-Тимирязевская линия";"2021";"III квартал";"1998477";"2029010";"1263040648";
"Спартак";"Таганско-Краснопресненская линия";"2021";"III квартал";"311371";"300292";"1263040649";
"Пражская";"Серпуховско-Тимирязевская линия";"2021";"III квартал";"3773490";"3778505";"1263040650";
"Полежаевская";"Таганско-Краснопресненская линия";"2021";"III квартал";"2506179";"2571219";"1263040652";
"Улица 1905 года";"Таганско-Краснопресненская линия";"2021";"III квартал";"3381604";"3534051";"1263040653";
"Пушкинская";"Таганско-Краснопресненская линия";"2021";"III квартал";"3364990";"3498551";"1263040654";
"Кузнецкий мост";"Таганско-Краснопресненская линия";"2021";"III квартал";"1757764";"1856256";"1263040655";
"Битцевский парк";"Бутовская линия";"2021";"III квартал";"289003";"210118";"1263040656";
"Лесопарковая";"Бутовская линия";"2021";"III квартал";"500822";"483078";"1263040658";
"Пролетарская";"Таганско-Краснопресненская линия";"2021";"III квартал";"2460153";"2508785";"1263040659";
"Улица Скобелевская";"Бутовская линия";"2021";"III квартал";"1359010";"1316546";"1263040660";
"Кузьминки";"Таганско-Краснопресненская линия";"2021";"III квартал";"4655135";"4667688";"1263040662";
"Улица Горчакова";"Бутовская линия";"2021";"III квартал";"728360";"719522";"1263040663";
"Выхино";"Таганско-Краснопресненская линия";"2021";"III квартал";"5158048";"5006049";"1263040664";
"Бунинская аллея";"Бутовская линия";"2021";"III квартал";"1580736";"1551153";"1263040665";
"Селигерская";"Люблинско-Дмитровская линия";"2021";"III квартал";"3178444";"3132577";"1263040666";
"Жулебино";"Таганско-Краснопресненская линия";"2021";"III квартал";"1883576";"1822257";"1263040667";
"Верхние Лихоборы";"Люблинско-Дмитровская линия";"2021";"III квартал";"946487";"938314";"1263040668";
"Новокосино";"Калининская линия";"2021";"III квартал";"4787197";"4628634";"1263040669";
"Новогиреево";"Калининская линия";"2021";"III квартал";"5414517";"5286859";"1263040670";
"Перово";"Калининская линия";"2021";"III квартал";"3222725";"3225290";"1263040671";
"Фонвизинская";"Люблинско-Дмитровская линия";"2021";"III квартал";"1092347";"1084231";"1263040673";
"Бутырская";"Люблинско-Дмитровская линия";"2021";"III квартал";"1108023";"1151731";"1263040674";
"Площадь Ильича";"Калининская линия";"2021";"III квартал";"1817688";"1844756";"1263040675";
"Марксистская";"Калининская линия";"2021";"III квартал";"1724827";"1811802";"1263040676";
"Достоевская";"Люблинско-Дмитровская линия";"2021";"III квартал";"966705";"1019102";"1263040678";
"Алтуфьево";"Серпуховско-Тимирязевская линия";"2021";"III квартал";"3636635";"3558392";"1263040679";
"Трубная";"Люблинско-Дмитровская линия";"2021";"III квартал";"1182377";"1241012";"1263040680";
"Бибирево";"Серпуховско-Тимирязевская линия";"2021";"III квартал";"2246443";"2264162";"1263040681";
"Дмитровская";"Серпуховско-Тимирязевская линия";"2021";"III квартал";"2679567";"2734940";"1263040682";
"Менделеевская";"Серпуховско-Тимирязевская линия";"2021";"III квартал";"3407604";"3599222";"1263040683";
"Чеховская";"Серпуховско-Тимирязевская линия";"2021";"III квартал";"1553386";"1645445";"1263040684";
"Боровицкая";"Серпуховско-Тимирязевская линия";"2021";"III квартал";"496142";"523444";"1263040686";
"Тульская";"Серпуховско-Тимирязевская линия";"2021";"III квартал";"2733470";"2838749";"1263040687";
"Чертановская";"Серпуховско-Тимирязевская линия";"2021";"III квартал";"2393156";"2385231";"1263040688";
"Шипиловская";"Люблинско-Дмитровская линия";"2021";"III квартал";"1072656";"1079844";"1263040689";
"Южная";"Серпуховско-Тимирязевская линия";"2021";"III квартал";"1749851";"1747885";"1263040690";
"Зябликово";"Люблинско-Дмитровская линия";"2021";"III квартал";"805521";"809723";"1263040691";
"Аннино";"Серпуховско-Тимирязевская линия";"2021";"III квартал";"1953877";"1779322";"1263040692";
"Бульвар Дмитрия Донского";"Серпуховско-Тимирязевская линия";"2021";"III квартал";"4276856";"4134665";"1263040693";
"Лухмановская";"Некрасовская линия";"2021";"III квартал";"1197423";"1128163";"1263040694";
"Чкаловская";"Люблинско-Дмитровская линия";"2021";"III квартал";"3387730";"3285885";"1263040696";
"Римская";"Люблинско-Дмитровская линия";"2021";"III квартал";"1404051";"1434481";"1263040698";
"Мнёвники";"Большая кольцевая линия";"2021";"III квартал";"89886";"90262";"1263040700";
"Кожуховская";"Люблинско-Дмитровская линия";"2021";"III квартал";"1827079";"1934028";"1263040702";
"Минская";"Солнцевская линия";"2021";"III квартал";"464554";"477391";"1263040703";
"Волжская";"Люблинско-Дмитровская линия";"2021";"III квартал";"1303898";"1335773";"1263040704";
"Ломоносовский проспект";"Солнцевская линия";"2021";"III квартал";"1006800";"1009207";"1263040705";
"Люблино";"Люблинско-Дмитровская линия";"2021";"III квартал";"3563193";"3454724";"1263040706";
"Братиславская";"Люблинско-Дмитровская линия";"2021";"III квартал";"2993337";"2996008";"1263040707";
"Марьино";"Люблинско-Дмитровская линия";"2021";"III квартал";"2475429";"2467840";"1263040708";
"Борисово";"Люблинско-Дмитровская линия";"2021";"III квартал";"915219";"912244";"1263040709";
"Стахановская";"Некрасовская линия";"2021";"III квартал";"478411";"436574";"1263040710";
"Боровское шоссе";"Солнцевская линия";"2021";"III квартал";"445907";"421611";"1263040711";
"Окская";"Некрасовская линия";"2021";"III квартал";"498092";"487093";"1263040712";
"Юго-Восточная";"Некрасовская линия";"2021";"III квартал";"802152";"773046";"1263040713";
"Косино";"Некрасовская линия";"2021";"III квартал";"316194";"297138";"1263040714";
"Некрасовка";"Некрасовская линия";"2021";"III квартал";"3826979";"3619497";"1263040715";
"ЦСКА";"Большая кольцевая линия";"2021";"III квартал";"2599014";"2578948";"1263040717";
"Улица Милашенкова";"Московская монорельсовая транспортная система";"2021";"III квартал";"17378";"16186";"1263040718";
"Народное Ополчение";"Большая кольцевая линия";"2021";"III квартал";"907727";"887127";"1263040719";
"Белокаменная";"Московское центральное кольцо";"2021";"III квартал";"81549";"84580";"1263040720";
"Раменки";"Солнцевская линия";"2021";"III квартал";"1344810";"1322763";"1263040722";
"Озёрная";"Солнцевская линия";"2021";"III квартал";"1393152";"1381385";"1263040723";
"Локомотив";"Московское центральное кольцо";"2021";"III квартал";"900714";"945551";"1263040724";
"Говорово";"Солнцевская линия";"2021";"III квартал";"997731";"935008";"1263040725";
"Солнцево";"Солнцевская линия";"2021";"III квартал";"1229138";"1178211";"1263040726";
"Новопеределкино";"Солнцевская линия";"2021";"III квартал";"1211071";"1159110";"1263040727";
"Рассказовка";"Солнцевская линия";"2021";"III квартал";"1584348";"1479780";"1263040728";
"Андроновка";"Московское центральное кольцо";"2021";"III квартал";"682879";"699464";"1263040729";
"Новохохловская";"Московское центральное кольцо";"2021";"III квартал";"598631";"632915";"1263040731";
"Телецентр";"Московская монорельсовая транспортная система";"2021";"III квартал";"28448";"25845";"1263040732";
"Угрешская";"Московское центральное кольцо";"2021";"III квартал";"394729";"429043";"1263040733";
"Лихоборы";"Московское центральное кольцо";"2021";"III квартал";"930132";"947933";"1263040734";
"ЗИЛ";"Московское центральное кольцо";"2021";"III квартал";"633246";"663742";"1263040735";
"Верхние Котлы";"Московское центральное кольцо";"2021";"III квартал";"1428068";"1485366";"1263040736";
"Ростокино";"Московское центральное кольцо";"2021";"III квартал";"2530584";"2566353";"1263040737";
"Площадь Гагарина";"Московское центральное кольцо";"2021";"III квартал";"1106775";"1358832";"1263040738";
"Лужники";"Московское центральное кольцо";"2021";"III квартал";"970702";"1106461";"1263040739";
"Измайлово";"Московское центральное кольцо";"2021";"III квартал";"801358";"875072";"1263040740";
"Зорге";"Московское центральное кольцо";"2021";"III квартал";"405435";"425410";"1263040743";
"Панфиловская";"Московское центральное кольцо";"2021";"III квартал";"520492";"552227";"1263040744";
"Балтийская";"Московское центральное кольцо";"2021";"III квартал";"1051585";"1123506";"1263040745";
"Крымская";"Московское центральное кольцо";"2021";"III квартал";"831313";"872881";"1263040746";
"Волоколамская";"Арбатско-Покровская линия";"2021";"III квартал";"1351129";"1327707";"1263040748";
"Крылатское";"Арбатско-Покровская линия";"2021";"III квартал";"2009129";"1986769";"1263040750";
"Стрешнево";"Московское центральное кольцо";"2021";"III квартал";"1277553";"1330700";"1263040751";
"Коптево";"Московское центральное кольцо";"2021";"III квартал";"1201900";"1269688";"1263040752";
"Бауманская";"Арбатско-Покровская линия";"2021";"III квартал";"3913726";"4102678";"1263040756";
"Партизанская";"Арбатско-Покровская линия";"2021";"III квартал";"1494941";"1461792";"1263040757";
"Площадь Революции";"Арбатско-Покровская линия";"2021";"III квартал";"2761712";"2753036";"1263040759";
"Первомайская";"Арбатско-Покровская линия";"2021";"III квартал";"2663314";"2667697";"1263040763";
"Коломенская";"Замоскворецкая линия";"2021";"III квартал";"3846526";"3891717";"1263040774";
"Царицыно";"Замоскворецкая линия";"2021";"III квартал";"4712684";"4587321";"1263040775";
"Красногвардейская";"Замоскворецкая линия";"2021";"III квартал";"1416563";"1420401";"1263040780";
"Алма-Атинская";"Замоскворецкая линия";"2021";"III квартал";"1071583";"1046315";"1263040781";
"Преображенская площадь";"Сокольническая линия";"2021";"III квартал";"3472280";"3551328";"1263040783";
"Красносельская";"Сокольническая линия";"2021";"III квартал";"1709761";"1770018";"1263040784";
"Лубянка";"Сокольническая линия";"2021";"III квартал";"1850326";"1879123";"1263040787";
"Охотный ряд";"Сокольническая линия";"2021";"III квартал";"3525822";"3474340";"1263040788";
"Университет";"Сокольническая линия";"2021";"III квартал";"2430276";"2531693";"1263040792";
"Юго-Западная";"Сокольническая линия";"2021";"III квартал";"2972206";"3050700";"1263040793";
"Румянцево";"Сокольническая линия";"2021";"III квартал";"819313";"825323";"1263040794";
"Филатов луг";"Сокольническая линия";"2021";"III квартал";"549065";"530104";"1263040797";
"Новомосковская";"Сокольническая линия";"2021";"III квартал";"866890";"854573";"1263040800";
"Киевская";"Арбатско-Покровская линия";"2021";"III квартал";"3950817";"3625803";"1266156637";
"Электрозаводская";"Арбатско-Покровская линия";"2021";"III квартал";"2614718";"2783527";"1266156641";
"Семёновская";"Арбатско-Покровская линия";"2021";"III квартал";"2315274";"2396221";"1266156642";
"Щёлковская";"Арбатско-Покровская линия";"2021";"III квартал";"6153119";"5858489";"1266156643";
"Хорошёвская";"Большая кольцевая линия";"2021";"III квартал";"642534";"632871";"1266156646";
"Новые Черёмушки";"Калужско-Рижская линия";"2021";"III квартал";"3032430";"3103871";"1266159554";
"Бульвар Рокоссовского";"Московское центральное кольцо";"2021";"III квартал";"845177";"891599";"1266159556";
"Соколиная Гора";"Московское центральное кольцо";"2021";"III квартал";"499599";"529353";"1266159558";
"Тёплый стан";"Калужско-Рижская линия";"2021";"III квартал";"5031732";"4959070";"1266159559";
"Парк Победы";"Арбатско-Покровская линия";"2021";"III квартал";"1300816";"1275852";"1266159560";
"Шоссе Энтузиастов";"Московское центральное кольцо";"2021";"III квартал";"630933";"713747";"1266159561";
"Киевская";"Кольцевая линия";"2021";"III квартал";"3173234";"3093354";"1266159562";
"Белорусская";"Кольцевая линия";"2021";"III квартал";"3556387";"3378479";"1266159564";
"Нижегородская";"Московское центральное кольцо";"2021";"III квартал";"1549001";"1656129";"1266159565";
"Арбатская";"Арбатско-Покровская линия";"2021";"III квартал";"2088075";"2189926";"1266159566";
"Проспект Мира";"Кольцевая линия";"2021";"III квартал";"1935777";"2007717";"1266159567";
"Курская";"Арбатско-Покровская линия";"2021";"III квартал";"1398470";"1405105";"1266159568";
"Дубровка";"Московское центральное кольцо";"2021";"III квартал";"786129";"841059";"1266159569";
"Комсомольская";"Кольцевая линия";"2021";"III квартал";"7548425";"6225741";"1266159570";
"Автозаводская";"Московское центральное кольцо";"2021";"III квартал";"479225";"537238";"1266159571";
"Кутузовская";"Московское центральное кольцо";"2021";"III квартал";"1329171";"1475397";"1266159573";
"Курская";"Кольцевая линия";"2021";"III квартал";"3765406";"3464261";"1266159574";
"Петровский парк";"Большая кольцевая линия";"2021";"III квартал";"764778";"769096";"1266159575";
"Таганская";"Кольцевая линия";"2021";"III квартал";"2024833";"2100832";"1266159576";
"Москва-Сити";"Московское центральное кольцо";"2021";"III квартал";"1282044";"1361731";"1266159578";
"Павелецкая";"Кольцевая линия";"2021";"III квартал";"3133738";"3265736";"1266159579";
"Деловой центр";"Большая кольцевая линия";"2021";"III квартал";"1273979";"1240919";"1266159580";
"Шелепиха";"Московское центральное кольцо";"2021";"III квартал";"654565";"711197";"1266159581";
"Авиамоторная";"Некрасовская линия";"2021";"III квартал";"477981";"477503";"1266159582";
"Октябрьская";"Кольцевая линия";"2021";"III квартал";"2144522";"2208974";"1266159583";
"Хорошёво";"Московское центральное кольцо";"2021";"III квартал";"688060";"731451";"1266159584";
"Парк культуры";"Кольцевая линия";"2021";"III квартал";"3262106";"3398118";"1266159585";
"Лефортово";"Некрасовская линия";"2021";"III квартал";"460377";"459916";"1266159586";
"Нижегородская";"Некрасовская линия";"2021";"III квартал";"793224";"1053251";"1266159587";
"Окружная";"Люблинско-Дмитровская линия";"2021";"III квартал";"517182";"514637";"1266159588";
"Электрозаводская";"Некрасовская линия";"2021";"III квартал";"561749";"561887";"1266159589";
"Улица Дмитриевского";"Некрасовская линия";"2021";"III квартал";"733335";"722170";"1266159590";
"Петровско-Разумовская";"Люблинско-Дмитровская линия";"2021";"III квартал";"1777498";"1761540";"1266159591";
"Бульвар адмирала Ушакова";"Бутовская линия";"2021";"III квартал";"743358";"738430";"1266159592";
"Владыкино";"Серпуховско-Тимирязевская линия";"2021";"III квартал";"1253316";"1478142";"1266159593";
"Марьина Роща";"Люблинско-Дмитровская линия";"2021";"III квартал";"2212844";"2283247";"1266159594";
"Белорусская";"Замоскворецкая линия";"2021";"III квартал";"2437121";"2287334";"1266159595";
"Петровско-Разумовская";"Серпуховско-Тимирязевская линия";"2021";"III квартал";"0";"0";"1266159596";
"Сретенский бульвар";"Люблинско-Дмитровская линия";"2021";"III квартал";"684888";"731822";"1266159597";
"Павелецкая";"Замоскворецкая линия";"2021";"III квартал";"2887524";"2348764";"1266159598";
"Тимирязевская";"Серпуховско-Тимирязевская линия";"2021";"III квартал";"1635842";"1605798";"1266159599";
"Крестьянская застава";"Люблинско-Дмитровская линия";"2021";"III квартал";"564624";"597432";"1266159600";
"Автозаводская";"Замоскворецкая линия";"2021";"III квартал";"2845552";"3022687";"1266159601";
"Савёловская";"Серпуховско-Тимирязевская линия";"2021";"III квартал";"3289414";"3304660";"1266159602";
"Дубровка";"Люблинско-Дмитровская линия";"2021";"III квартал";"1413424";"1503289";"1266159603";
"Улица академика Янгеля";"Серпуховско-Тимирязевская линия";"2021";"III квартал";"2027006";"1968667";"1266159604";
"Каширская";"Замоскворецкая линия";"2021";"III квартал";"1663426";"1703283";"1266159605";
"Печатники";"Люблинско-Дмитровская линия";"2021";"III квартал";"1604318";"1621870";"1266159606";
"Бульвар Рокоссовского";"Сокольническая линия";"2021";"III квартал";"1732589";"1737141";"1266159607";
"Шоссе Энтузиастов";"Калининская линия";"2021";"III квартал";"1680559";"1831640";"1266159608";
"Сокольники";"Сокольническая линия";"2021";"III квартал";"2146908";"2181857";"1266159609";
"Улица Сергея Эйзенштейна";"Московская монорельсовая транспортная система";"2021";"III квартал";"19628";"16827";"1266159610";
"Авиамоторная";"Калининская линия";"2021";"III квартал";"3184019";"3359186";"1266159611";
"Комсомольская";"Сокольническая линия";"2021";"III квартал";"2667873";"2157109";"1266159612";
"Парк культуры";"Сокольническая линия";"2021";"III квартал";"469945";"469148";"1266159613";
"Третьяковская";"Калининская линия";"2021";"III квартал";"2064946";"2192325";"1266159614";
"Выставочный центр";"Московская монорельсовая транспортная система";"2021";"III квартал";"72287";"63164";"1266159615";
"Улица Академика Королёва";"Московская монорельсовая транспортная система";"2021";"III квартал";"15169";"13965";"1266159616";
"Воробьёвы горы";"Сокольническая линия";"2021";"III квартал";"691372";"653410";"1266159617";
"Ботанический сад";"Калужско-Рижская линия";"2021";"III квартал";"1349053";"1534063";"1266159618";
"Проспект Вернадского";"Сокольническая линия";"2021";"III квартал";"1427861";"1430672";"1266159619";
"Тимирязевская";"Московская монорельсовая транспортная система";"2021";"III квартал";"53906";"45944";"1266159620";
"Проспект Мира";"Калужско-Рижская линия";"2021";"III квартал";"1904535";"1994687";"1266159621";
"Окружная";"Московское центральное кольцо";"2021";"III квартал";"1276685";"1295530";"1266159622";
"Китай-город";"Калужско-Рижская линия";"2021";"III квартал";"4450614";"4586292";"1266159623";
"Тропарёво";"Сокольническая линия";"2021";"III квартал";"1217260";"1224054";"1266159624";
"Владыкино";"Московское центральное кольцо";"2021";"III квартал";"633266";"813352";"1266159625";
"Деловой центр";"Солнцевская линия";"2021";"III квартал";"838009";"825073";"1266159626";
"Третьяковская";"Калужско-Рижская линия";"2021";"III квартал";"0";"0";"1266159627";
"Октябрьская";"Калужско-Рижская линия";"2021";"III квартал";"972556";"1032738";"1266159628";
"Ботанический сад";"Московское центральное кольцо";"2021";"III квартал";"872248";"1056980";"1266159629";
"Парк Победы";"Солнцевская линия";"2021";"III квартал";"314808";"328847";"1266159632";
"Мичуринский проспект";"Солнцевская линия";"2021";"III квартал";"695814";"694288";"1266159633";
"Китай-город";"Таганско-Краснопресненская линия";"2021";"III квартал";"0";"0";"1266159634";
"Таганская";"Таганско-Краснопресненская линия";"2021";"III квартал";"1094723";"1129964";"1266159635";
"Текстильщики";"Таганско-Краснопресненская линия";"2021";"III квартал";"4375255";"4380112";"1266159636";
"Кунцевская";"Филёвская линия";"2021";"III квартал";"678595";"662661";"1266159637";
"Филёвский парк";"Филёвская линия";"2021";"III квартал";"707048";"691940";"1266159638";
"Кутузовская";"Филёвская линия";"2021";"III квартал";"623994";"645985";"1266159639";
"Киевская";"Филёвская линия";"2021";"III квартал";"0";"0";"1266159640";
"Смоленская";"Филёвская линия";"2021";"III квартал";"808419";"820954";"1266159641";
"Арбатская";"Филёвская линия";"2021";"III квартал";"457692";"436726";"1266159642";
"Александровский сад";"Филёвская линия";"2021";"III квартал";"1204314";"1209639";"1266159643";
"Москва-Сити";"Филёвская линия";"2021";"III квартал";"547513";"566452";"1266159644";
"Деловой центр";"Филёвская линия";"2021";"III квартал";"1423599";"1419594";"1266159645";
"Каширская";"Каховская линия";"2021";"III квартал";"0";"0";"1266159646";
"Савёловская";"Большая кольцевая линия";"2021";"III квартал";"723022";"704450";"1267121253";
"Пятницкое шоссе";"Арбатско-Покровская линия";"2021";"IV квартал";"1568663";"1481411";"1508957389";
"Митино";"Арбатско-Покровская линия";"2021";"IV квартал";"2217044";"2090460";"1508957391";
"Славянский бульвар";"Арбатско-Покровская линия";"2021";"IV квартал";"5167881";"5076680";"1508957412";
"Киевская";"Арбатско-Покровская линия";"2021";"IV квартал";"3905787";"3652754";"1508957821";
"Смоленская";"Арбатско-Покровская линия";"2021";"IV квартал";"1968177";"2052477";"1508957824";
"Арбатская";"Арбатско-Покровская линия";"2021";"IV квартал";"2334682";"2432028";"1508957827";
"Площадь Революции";"Арбатско-Покровская линия";"2021";"IV квартал";"2995040";"2989129";"1508957830";
"Курская";"Арбатско-Покровская линия";"2021";"IV квартал";"803766";"818519";"1508957833";
"Бауманская";"Арбатско-Покровская линия";"2021";"IV квартал";"4535307";"4750342";"1508957836";
"Электрозаводская";"Арбатско-Покровская линия";"2021";"IV квартал";"2941934";"3109898";"1508957839";
"Семёновская";"Арбатско-Покровская линия";"2021";"IV квартал";"2591407";"2682823";"1508957842";
"Партизанская";"Арбатско-Покровская линия";"2021";"IV квартал";"1523469";"1508112";"1508957845";
"Измайловская";"Арбатско-Покровская линия";"2021";"IV квартал";"1608778";"1621651";"1508957848";
"Первомайская";"Арбатско-Покровская линия";"2021";"IV квартал";"2987768";"2983700";"1508957852";
"Щёлковская";"Арбатско-Покровская линия";"2021";"IV квартал";"6465951";"6180041";"1508957856";
"Савёловская";"Большая кольцевая линия";"2021";"IV квартал";"861804";"860533";"1508957859";
"Петровский парк";"Большая кольцевая линия";"2021";"IV квартал";"909527";"926875";"1508957862";
"ЦСКА";"Большая кольцевая линия";"2021";"IV квартал";"2829382";"2858026";"1508957864";
"Хорошёвская";"Большая кольцевая линия";"2021";"IV квартал";"720688";"725329";"1508957866";
"Волоколамская";"Арбатско-Покровская линия";"2021";"IV квартал";"1493292";"1464196";"1508957868";
"Шелепиха";"Большая кольцевая линия";"2021";"IV квартал";"931019";"952325";"1508957869";
"Мякинино";"Арбатско-Покровская линия";"2021";"IV квартал";"1614681";"1530895";"1508957871";
"Деловой центр";"Большая кольцевая линия";"2021";"IV квартал";"1416645";"1373249";"1508957872";
"Строгино";"Арбатско-Покровская линия";"2021";"IV квартал";"2411559";"2380696";"1508957874";
"Народное Ополчение";"Большая кольцевая линия";"2021";"IV квартал";"1079615";"1059142";"1508957875";
"Крылатское";"Арбатско-Покровская линия";"2021";"IV квартал";"2188408";"2157807";"1508957877";
"Мнёвники";"Большая кольцевая линия";"2021";"IV квартал";"99462";"100067";"1508957878";
"Молодёжная";"Арбатско-Покровская линия";"2021";"IV квартал";"3929803";"3877394";"1508957880";
"Авиамоторная";"Некрасовская линия";"2021";"IV квартал";"552318";"552498";"1508957881";
"Кунцевская";"Арбатско-Покровская линия";"2021";"IV квартал";"1330211";"1347324";"1508957883";
"Лефортово";"Некрасовская линия";"2021";"IV квартал";"533582";"534056";"1508957884";
"Парк Победы";"Арбатско-Покровская линия";"2021";"IV квартал";"1577254";"1567582";"1508957886";
"Электрозаводская";"Некрасовская линия";"2021";"IV квартал";"693679";"693367";"1508957888";
"Терехово";"Большая кольцевая линия";"2021";"IV квартал";"33174";"35602";"1508957889";
"Кунцевская";"Большая кольцевая линия";"2021";"IV квартал";"216524";"222245";"1508957890";
"Давыдково";"Большая кольцевая линия";"2021";"IV квартал";"156097";"158951";"1508957891";
"Аминьевская";"Большая кольцевая линия";"2021";"IV квартал";"169580";"168823";"1508957892";
"Мичуринский проспект";"Большая кольцевая линия";"2021";"IV квартал";"161433";"164256";"1508957893";
"Проспект Вернадского";"Большая кольцевая линия";"2021";"IV квартал";"97296";"99593";"1508957894";
"Новаторская";"Большая кольцевая линия";"2021";"IV квартал";"223689";"225940";"1508957895";
"Воронцовская";"Большая кольцевая линия";"2021";"IV квартал";"143937";"151324";"1508957896";
"Зюзино";"Большая кольцевая линия";"2021";"IV квартал";"286405";"291437";"1508957897";
"Каховская";"Большая кольцевая линия";"2021";"IV квартал";"234347";"247205";"1508957898";
"Тверская";"Замоскворецкая линия";"2021";"IV квартал";"0";"0";"1508957899";
"Битцевский парк";"Бутовская линия";"2021";"IV квартал";"257069";"204106";"1508957900";
"Театральная";"Замоскворецкая линия";"2021";"IV квартал";"0";"0";"1508957901";
"Лесопарковая";"Бутовская линия";"2021";"IV квартал";"490076";"468329";"1508957902";
"Новокузнецкая";"Замоскворецкая линия";"2021";"IV квартал";"2529306";"2650146";"1508957903";
"Павелецкая";"Замоскворецкая линия";"2021";"IV квартал";"2922043";"2530668";"1508957905";
"Улица Старокачаловская";"Бутовская линия";"2021";"IV квартал";"1520737";"1471075";"1508957906";
"Автозаводская";"Замоскворецкая линия";"2021";"IV квартал";"3151656";"3320486";"1508957907";
"Бульвар адмирала Ушакова";"Бутовская линия";"2021";"IV квартал";"850308";"837331";"1508957908";
"Технопарк";"Замоскворецкая линия";"2021";"IV квартал";"1437730";"1455198";"1508957909";
"Улица Горчакова";"Бутовская линия";"2021";"IV квартал";"798983";"786781";"1508957910";
"Коломенская";"Замоскворецкая линия";"2021";"IV квартал";"4129485";"4167241";"1508957911";
"Бунинская аллея";"Бутовская линия";"2021";"IV квартал";"1715732";"1676849";"1508957912";
"Каширская";"Замоскворецкая линия";"2021";"IV квартал";"2177394";"2231913";"1508957913";
"Ховрино";"Замоскворецкая линия";"2021";"IV квартал";"3700437";"3378571";"1508957914";
"Кантемировская";"Замоскворецкая линия";"2021";"IV квартал";"3334402";"3309424";"1508957915";
"Беломорская";"Замоскворецкая линия";"2021";"IV квартал";"2564850";"2439067";"1508957916";
"Царицыно";"Замоскворецкая линия";"2021";"IV квартал";"5055514";"4941757";"1508957917";
"Речной вокзал";"Замоскворецкая линия";"2021";"IV квартал";"2317911";"2263288";"1508957918";
"Орехово";"Замоскворецкая линия";"2021";"IV квартал";"1633796";"1578997";"1508957919";
"Водный стадион";"Замоскворецкая линия";"2021";"IV квартал";"3347533";"3334623";"1508957920";
"Домодедовская";"Замоскворецкая линия";"2021";"IV квартал";"5320047";"4949446";"1508957921";
"Войковская";"Замоскворецкая линия";"2021";"IV квартал";"4076694";"4102131";"1508957922";
"Красногвардейская";"Замоскворецкая линия";"2021";"IV квартал";"1532733";"1528796";"1508957923";
"Сокол";"Замоскворецкая линия";"2021";"IV квартал";"2994269";"3044514";"1508957924";
"Алма-Атинская";"Замоскворецкая линия";"2021";"IV квартал";"1181868";"1150928";"1508957925";
"Аэропорт";"Замоскворецкая линия";"2021";"IV квартал";"3061758";"3120396";"1508957926";
"Новокосино";"Калининская линия";"2021";"IV квартал";"5042337";"4840975";"1508957927";
"Динамо";"Замоскворецкая линия";"2021";"IV квартал";"2412151";"2473745";"1508957928";
"Новогиреево";"Калининская линия";"2021";"IV квартал";"5849591";"5677197";"1508957929";
"Белорусская";"Замоскворецкая линия";"2021";"IV квартал";"2431922";"2338810";"1508957930";
"Перово";"Калининская линия";"2021";"IV квартал";"3492129";"3462935";"1508957931";
"Маяковская";"Замоскворецкая линия";"2021";"IV квартал";"2933387";"3018859";"1508957932";
"Шоссе Энтузиастов";"Калининская линия";"2021";"IV квартал";"1825302";"1974817";"1508957933";
"Авиамоторная";"Калининская линия";"2021";"IV квартал";"3459574";"3632495";"1508957934";
"Площадь Ильича";"Калининская линия";"2021";"IV квартал";"1918966";"1920103";"1508957935";
"Ботанический сад";"Калужско-Рижская линия";"2021";"IV квартал";"1369516";"1560364";"1508957936";
"ВДНХ";"Калужско-Рижская линия";"2021";"IV квартал";"5403185";"5264818";"1508957937";
"Марксистская";"Калининская линия";"2021";"IV квартал";"1905171";"1995722";"1508957938";
"Алексеевская";"Калужско-Рижская линия";"2021";"IV квартал";"2837629";"2922561";"1508957939";
"Третьяковская";"Калининская линия";"2021";"IV квартал";"2258177";"2370388";"1508957940";
"Медведково";"Калужско-Рижская линия";"2021";"IV квартал";"4330916";"4170859";"1508957941";
"Рижская";"Калужско-Рижская линия";"2021";"IV квартал";"0";"0";"1508957942";
"Бабушкинская";"Калужско-Рижская линия";"2021";"IV квартал";"4095509";"4093737";"1508957943";
"Проспект Мира";"Калужско-Рижская линия";"2021";"IV квартал";"2115800";"2210714";"1508957944";
"Свиблово";"Калужско-Рижская линия";"2021";"IV квартал";"2057971";"2064352";"1508957945";
"Павелецкая";"Кольцевая линия";"2021";"IV квартал";"2832351";"2950596";"1508958454";
"Шипиловская";"Люблинско-Дмитровская линия";"2021";"IV квартал";"1219973";"1218154";"1508958456";
"Добрынинская";"Кольцевая линия";"2021";"IV квартал";"1683619";"1743196";"1508958457";
"Зябликово";"Люблинско-Дмитровская линия";"2021";"IV квартал";"887210";"888018";"1508958458";
"Сухаревская";"Калужско-Рижская линия";"2021";"IV квартал";"1716468";"1793255";"1508958459";
"Улица Сергея Эйзенштейна";"Московская монорельсовая транспортная система";"2021";"IV квартал";"17345";"15334";"1508958460";
"Октябрьская";"Кольцевая линия";"2021";"IV квартал";"1955103";"2052777";"1508958461";
"Тургеневская";"Калужско-Рижская линия";"2021";"IV квартал";"1575227";"1643111";"1508958462";
"Парк культуры";"Кольцевая линия";"2021";"IV квартал";"3355015";"3498238";"1508958463";
"Китай-город";"Калужско-Рижская линия";"2021";"IV квартал";"4654371";"4809350";"1508958464";
"Выставочный центр";"Московская монорельсовая транспортная система";"2021";"IV квартал";"54879";"50541";"1508958465";
"Селигерская";"Люблинско-Дмитровская линия";"2021";"IV квартал";"3543097";"3477874";"1508958466";
"Третьяковская";"Калужско-Рижская линия";"2021";"IV квартал";"0";"0";"1508958467";
"Улица Академика Королёва";"Московская монорельсовая транспортная система";"2021";"IV квартал";"15231";"14254";"1508958468";
"Верхние Лихоборы";"Люблинско-Дмитровская линия";"2021";"IV квартал";"1084275";"1067336";"1508958469";
"Октябрьская";"Калужско-Рижская линия";"2021";"IV квартал";"1023188";"1077181";"1508958470";
"Окружная";"Люблинско-Дмитровская линия";"2021";"IV квартал";"522090";"515883";"1508958472";
"Шаболовская";"Калужско-Рижская линия";"2021";"IV квартал";"2186047";"2303101";"1508958473";
"Телецентр";"Московская монорельсовая транспортная система";"2021";"IV квартал";"17991";"17295";"1508958474";
"Ленинский проспект";"Калужско-Рижская линия";"2021";"IV квартал";"3191500";"3668856";"1508958475";
"Петровско-Разумовская";"Люблинско-Дмитровская линия";"2021";"IV квартал";"1902512";"1877601";"1508958476";
"Тимирязевская";"Московская монорельсовая транспортная система";"2021";"IV квартал";"48918";"43697";"1508958477";
"Фонвизинская";"Люблинско-Дмитровская линия";"2021";"IV квартал";"1246864";"1237597";"1508958478";
"Академическая";"Калужско-Рижская линия";"2021";"IV квартал";"2860549";"2874819";"1508958479";
"Лихоборы";"Московское центральное кольцо";"2021";"IV квартал";"1007543";"1016670";"1508958480";
"Бутырская";"Люблинско-Дмитровская линия";"2021";"IV квартал";"1221934";"1267713";"1508958481";
"Профсоюзная";"Калужско-Рижская линия";"2021";"IV квартал";"2759108";"2832226";"1508958482";
"Окружная";"Московское центральное кольцо";"2021";"IV квартал";"1327895";"1343075";"1508958483";
"Марьина Роща";"Люблинско-Дмитровская линия";"2021";"IV квартал";"2501950";"2570487";"1508958484";
"Новые Черёмушки";"Калужско-Рижская линия";"2021";"IV квартал";"3277984";"3339157";"1508958485";
"Владыкино";"Московское центральное кольцо";"2021";"IV квартал";"600091";"726463";"1508958486";
"Достоевская";"Люблинско-Дмитровская линия";"2021";"IV квартал";"1119254";"1171064";"1508958487";
"Калужская";"Калужско-Рижская линия";"2021";"IV квартал";"3239870";"3348891";"1508958488";
"Ботанический сад";"Московское центральное кольцо";"2021";"IV квартал";"936132";"1121625";"1508958489";
"Трубная";"Люблинско-Дмитровская линия";"2021";"IV квартал";"1295490";"1345997";"1508958490";
"Беляево";"Калужско-Рижская линия";"2021";"IV квартал";"3043530";"3077747";"1508958491";
"Ростокино";"Московское центральное кольцо";"2021";"IV квартал";"2716787";"2730061";"1508958492";
"Сретенский бульвар";"Люблинско-Дмитровская линия";"2021";"IV квартал";"737396";"779667";"1508958493";
"Белокаменная";"Московское центральное кольцо";"2021";"IV квартал";"93647";"98113";"1508958494";
"Коньково";"Калужско-Рижская линия";"2021";"IV квартал";"2299858";"2288013";"1508958495";
"Чкаловская";"Люблинско-Дмитровская линия";"2021";"IV квартал";"3708269";"3608940";"1508958496";
"Бульвар Рокоссовского";"Московское центральное кольцо";"2021";"IV квартал";"907771";"954130";"1508958497";
"Римская";"Люблинско-Дмитровская линия";"2021";"IV квартал";"1579809";"1600909";"1508958498";
"Тёплый стан";"Калужско-Рижская линия";"2021";"IV квартал";"5075738";"5001152";"1508958499";
"Локомотив";"Московское центральное кольцо";"2021";"IV квартал";"938549";"998579";"1508958500";
"Крестьянская застава";"Люблинско-Дмитровская линия";"2021";"IV квартал";"618961";"646748";"1508958501";
"Ясенево";"Калужско-Рижская линия";"2021";"IV квартал";"2459315";"2432596";"1508958502";
"Измайлово";"Московское центральное кольцо";"2021";"IV квартал";"830619";"907759";"1508958503";
"Дубровка";"Люблинско-Дмитровская линия";"2021";"IV квартал";"1550808";"1641431";"1508958504";
"Новоясеневская";"Калужско-Рижская линия";"2021";"IV квартал";"550564";"542278";"1508958505";
"Кожуховская";"Люблинско-Дмитровская линия";"2021";"IV квартал";"1989968";"2088272";"1508958506";
"Соколиная Гора";"Московское центральное кольцо";"2021";"IV квартал";"542757";"574220";"1508958507";
"Киевская";"Кольцевая линия";"2021";"IV квартал";"3215683";"3194643";"1508958508";
"Печатники";"Люблинско-Дмитровская линия";"2021";"IV квартал";"1773212";"1791273";"1508958509";
"Шоссе Энтузиастов";"Московское центральное кольцо";"2021";"IV квартал";"671021";"752405";"1508958510";
"Краснопресненская";"Кольцевая линия";"2021";"IV квартал";"1595831";"1642471";"1508958511";
"Волжская";"Люблинско-Дмитровская линия";"2021";"IV квартал";"1464528";"1492048";"1508958512";
"Андроновка";"Московское центральное кольцо";"2021";"IV квартал";"711110";"726273";"1508958513";
"Белорусская";"Кольцевая линия";"2021";"IV квартал";"3811544";"3655780";"1508958514";
"Люблино";"Люблинско-Дмитровская линия";"2021";"IV квартал";"3876035";"3740573";"1508958515";
"Нижегородская";"Московское центральное кольцо";"2021";"IV квартал";"1710776";"1796649";"1508958516";
"Новослободская";"Кольцевая линия";"2021";"IV квартал";"0";"0";"1508958517";
"Проспект Мира";"Кольцевая линия";"2021";"IV квартал";"2084641";"2158946";"1508958518";
"Братиславская";"Люблинско-Дмитровская линия";"2021";"IV квартал";"3317830";"3296533";"1508958519";
"Новохохловская";"Московское центральное кольцо";"2021";"IV квартал";"640958";"673913";"1508958520";
"Комсомольская";"Кольцевая линия";"2021";"IV квартал";"7660212";"6456479";"1508958521";
"Марьино";"Люблинско-Дмитровская линия";"2021";"IV квартал";"2748330";"2722733";"1508958522";
"Угрешская";"Московское центральное кольцо";"2021";"IV квартал";"446316";"480526";"1508958523";
"Курская";"Кольцевая линия";"2021";"IV квартал";"4515208";"4246903";"1508958524";
"Дубровка";"Московское центральное кольцо";"2021";"IV квартал";"835672";"888523";"1508958525";
"Борисово";"Люблинско-Дмитровская линия";"2021";"IV квартал";"1016140";"1003055";"1508958526";
"Таганская";"Кольцевая линия";"2021";"IV квартал";"2206611";"2277086";"1508958527";
"Автозаводская";"Московское центральное кольцо";"2021";"IV квартал";"504039";"554270";"1508958528";
"ЗИЛ";"Московское центральное кольцо";"2021";"IV квартал";"716598";"748728";"1508958529";
"Верхние Котлы";"Московское центральное кольцо";"2021";"IV квартал";"1547081";"1606106";"1508958530";
"Крымская";"Московское центральное кольцо";"2021";"IV квартал";"928455";"975164";"1508958531";
"Площадь Гагарина";"Московское центральное кольцо";"2021";"IV квартал";"1181367";"1414589";"1508958532";
"Лужники";"Московское центральное кольцо";"2021";"IV квартал";"865738";"1004893";"1508958533";
"Кутузовская";"Московское центральное кольцо";"2021";"IV квартал";"1614696";"1743801";"1508958534";
"Москва-Сити";"Московское центральное кольцо";"2021";"IV квартал";"1302421";"1368315";"1508958535";
"Шелепиха";"Московское центральное кольцо";"2021";"IV квартал";"684933";"740978";"1508958536";
"Хорошёво";"Московское центральное кольцо";"2021";"IV квартал";"697995";"741342";"1508958537";
"Зорге";"Московское центральное кольцо";"2021";"IV квартал";"438515";"457105";"1508958538";
"Панфиловская";"Московское центральное кольцо";"2021";"IV квартал";"580427";"611619";"1508958539";
"Стрешнево";"Московское центральное кольцо";"2021";"IV квартал";"1392176";"1443098";"1508958540";
"Балтийская";"Московское центральное кольцо";"2021";"IV квартал";"1106596";"1175492";"1508958541";
"Коптево";"Московское центральное кольцо";"2021";"IV квартал";"1332577";"1401340";"1508958542";
"Нижегородская";"Некрасовская линия";"2021";"IV квартал";"956004";"1218996";"1508958543";
"Стахановская";"Некрасовская линия";"2021";"IV квартал";"553535";"504500";"1508958544";
"Окская";"Некрасовская линия";"2021";"IV квартал";"577489";"558233";"1508958545";
"Юго-Восточная";"Некрасовская линия";"2021";"IV квартал";"941466";"905943";"1508958546";
"Косино";"Некрасовская линия";"2021";"IV квартал";"363011";"342211";"1508958547";
"Улица Дмитриевского";"Некрасовская линия";"2021";"IV квартал";"798966";"780715";"1508958548";
"Лухмановская";"Некрасовская линия";"2021";"IV квартал";"1352136";"1262990";"1508958549";
"Некрасовка";"Некрасовская линия";"2021";"IV квартал";"4222279";"3957092";"1508958550";
"Алтуфьево";"Серпуховско-Тимирязевская линия";"2021";"IV квартал";"3905143";"3814702";"1508958551";
"Бибирево";"Серпуховско-Тимирязевская линия";"2021";"IV квартал";"2473673";"2482332";"1508958552";
"Отрадное";"Серпуховско-Тимирязевская линия";"2021";"IV квартал";"4174379";"4200052";"1508958553";
"Владыкино";"Серпуховско-Тимирязевская линия";"2021";"IV квартал";"1385515";"1624309";"1508958554";
"Петровско-Разумовская";"Серпуховско-Тимирязевская линия";"2021";"IV квартал";"0";"0";"1508958555";
"Тимирязевская";"Серпуховско-Тимирязевская линия";"2021";"IV квартал";"1792816";"1765503";"1508958556";
"Дмитровская";"Серпуховско-Тимирязевская линия";"2021";"IV квартал";"2904209";"2958060";"1508958557";
"Сокольники";"Сокольническая линия";"2021";"IV квартал";"2250759";"2292507";"1508958558";
"Минская";"Солнцевская линия";"2021";"IV квартал";"500616";"513236";"1508958559";
"Савёловская";"Серпуховско-Тимирязевская линия";"2021";"IV квартал";"3554420";"3583203";"1508958560";
"Красносельская";"Сокольническая линия";"2021";"IV квартал";"1921293";"1986543";"1508958561";
"Менделеевская";"Серпуховско-Тимирязевская линия";"2021";"IV квартал";"3846554";"4057977";"1508958562";
"Ломоносовский проспект";"Солнцевская линия";"2021";"IV квартал";"1145362";"1146757";"1508958563";
"Комсомольская";"Сокольническая линия";"2021";"IV квартал";"2444929";"2085606";"1508958564";
"Цветной бульвар";"Серпуховско-Тимирязевская линия";"2021";"IV квартал";"1956894";"2022570";"1508958565";
"Раменки";"Солнцевская линия";"2021";"IV квартал";"1506705";"1481737";"1508958566";
"Красные ворота";"Сокольническая линия";"2021";"IV квартал";"1969209";"2022251";"1508958567";
"Чеховская";"Серпуховско-Тимирязевская линия";"2021";"IV квартал";"1777772";"1863610";"1508958568";
"Мичуринский проспект";"Солнцевская линия";"2021";"IV квартал";"632834";"628747";"1508958569";
"Чистые пруды";"Сокольническая линия";"2021";"IV квартал";"1583307";"1620563";"1508958570";
"Боровицкая";"Серпуховско-Тимирязевская линия";"2021";"IV квартал";"532961";"559113";"1508958571";
"Озёрная";"Солнцевская линия";"2021";"IV квартал";"1477569";"1458686";"1508958572";
"Лубянка";"Сокольническая линия";"2021";"IV квартал";"2184275";"2218958";"1508958573";
"Полянка";"Серпуховско-Тимирязевская линия";"2021";"IV квартал";"1331206";"1389655";"1508958574";
"Говорово";"Солнцевская линия";"2021";"IV квартал";"1074276";"1004871";"1508958575";
"Охотный ряд";"Сокольническая линия";"2021";"IV квартал";"4234210";"4199867";"1508958576";
"Серпуховская";"Серпуховско-Тимирязевская линия";"2021";"IV квартал";"1701424";"1768029";"1508958577";
"Солнцево";"Солнцевская линия";"2021";"IV квартал";"1393139";"1330928";"1508958578";
"Библиотека имени Ленина";"Сокольническая линия";"2021";"IV квартал";"0";"0";"1508958579";
"Тульская";"Серпуховско-Тимирязевская линия";"2021";"IV квартал";"2998046";"3084390";"1508958580";
"Боровское шоссе";"Солнцевская линия";"2021";"IV квартал";"494233";"466870";"1508958581";
"Кропоткинская";"Сокольническая линия";"2021";"IV квартал";"1965133";"2050967";"1508958582";
"Нагатинская";"Серпуховско-Тимирязевская линия";"2021";"IV квартал";"3407462";"3484361";"1508958583";
"Новопеределкино";"Солнцевская линия";"2021";"IV квартал";"1324530";"1267120";"1508958584";
"Парк культуры";"Сокольническая линия";"2021";"IV квартал";"522664";"547642";"1508958585";
"Нагорная";"Серпуховско-Тимирязевская линия";"2021";"IV квартал";"1331824";"1359576";"1508958586";
"Рассказовка";"Солнцевская линия";"2021";"IV квартал";"1680530";"1565538";"1508958587";
"Нахимовский проспект";"Серпуховско-Тимирязевская линия";"2021";"IV квартал";"1932253";"1962288";"1508958588";
"Фрунзенская";"Сокольническая линия";"2021";"IV квартал";"2219400";"2340122";"1508958589";
"Планерная";"Таганско-Краснопресненская линия";"2021";"IV квартал";"3544097";"3394017";"1508958590";
"Спортивная";"Сокольническая линия";"2021";"IV квартал";"1675800";"1852718";"1508958591";
"Севастопольская";"Серпуховско-Тимирязевская линия";"2021";"IV квартал";"1950178";"1970115";"1508958592";
"Воробьёвы горы";"Сокольническая линия";"2021";"IV квартал";"562326";"549287";"1508958593";
"Сходненская";"Таганско-Краснопресненская линия";"2021";"IV квартал";"4202581";"4136784";"1508958594";
"Чертановская";"Серпуховско-Тимирязевская линия";"2021";"IV квартал";"2697612";"2679952";"1508958595";
"Тушинская";"Таганско-Краснопресненская линия";"2021";"IV квартал";"3856814";"3720841";"1508958596";
"Университет";"Сокольническая линия";"2021";"IV квартал";"2563651";"2602500";"1508958597";
"Южная";"Серпуховско-Тимирязевская линия";"2021";"IV квартал";"1943258";"1934226";"1508958598";
"Спартак";"Таганско-Краснопресненская линия";"2021";"IV квартал";"358757";"346743";"1508958599";
"Проспект Вернадского";"Сокольническая линия";"2021";"IV квартал";"2492820";"2499166";"1508958600";
"Пражская";"Серпуховско-Тимирязевская линия";"2021";"IV квартал";"4133388";"4144978";"1508958601";
"Щукинская";"Таганско-Краснопресненская линия";"2021";"IV квартал";"3510913";"3523121";"1508958602";
"Юго-Западная";"Сокольническая линия";"2021";"IV квартал";"4060749";"4063794";"1508958603";
"Улица академика Янгеля";"Серпуховско-Тимирязевская линия";"2021";"IV квартал";"2258726";"2192257";"1508958604";
"Октябрьское поле";"Таганско-Краснопресненская линия";"2021";"IV квартал";"3393201";"3466114";"1508958605";
"Тропарёво";"Сокольническая линия";"2021";"IV квартал";"1524108";"1492861";"1508958606";
"Аннино";"Серпуховско-Тимирязевская линия";"2021";"IV квартал";"2027111";"1866951";"1508958607";
"Румянцево";"Сокольническая линия";"2021";"IV квартал";"886685";"886967";"1508958608";
"Полежаевская";"Таганско-Краснопресненская линия";"2021";"IV квартал";"2736614";"2809187";"1508958609";
"Бульвар Дмитрия Донского";"Серпуховско-Тимирязевская линия";"2021";"IV квартал";"4673141";"4497778";"1508958610";
"Саларьево";"Сокольническая линия";"2021";"IV квартал";"3283666";"2934169";"1508958611";
"Беговая";"Таганско-Краснопресненская линия";"2021";"IV квартал";"3702745";"3734047";"1508958612";
"Бульвар Рокоссовского";"Сокольническая линия";"2021";"IV квартал";"1952701";"1954203";"1508958613";
"Филатов луг";"Сокольническая линия";"2021";"IV квартал";"827324";"793878";"1508958614";
"Улица 1905 года";"Таганско-Краснопресненская линия";"2021";"IV квартал";"3761102";"3906518";"1508958615";
"Черкизовская";"Сокольническая линия";"2021";"IV квартал";"1407857";"1316388";"1508958616";
"Прокшино";"Сокольническая линия";"2021";"IV квартал";"446979";"431253";"1508958617";
"Баррикадная";"Таганско-Краснопресненская линия";"2021";"IV квартал";"1759466";"1836500";"1508958618";
"Преображенская площадь";"Сокольническая линия";"2021";"IV квартал";"3713992";"3776696";"1508958619";
"Ольховая";"Сокольническая линия";"2021";"IV квартал";"624575";"592867";"1508958620";
"Пушкинская";"Таганско-Краснопресненская линия";"2021";"IV квартал";"3772172";"3905807";"1508958621";
"Новомосковская";"Сокольническая линия";"2021";"IV квартал";"1099393";"1073355";"1508958622";
"Кузнецкий мост";"Таганско-Краснопресненская линия";"2021";"IV квартал";"1974538";"2067468";"1508958623";
"Деловой центр";"Солнцевская линия";"2021";"IV квартал";"988414";"961599";"1508958624";
"Китай-город";"Таганско-Краснопресненская линия";"2021";"IV квартал";"0";"0";"1508958625";
"Парк Победы";"Солнцевская линия";"2021";"IV квартал";"354";"327";"1508958626";
"Таганская";"Таганско-Краснопресненская линия";"2021";"IV квартал";"1173551";"1207397";"1508958627";
"Пролетарская";"Таганско-Краснопресненская линия";"2021";"IV квартал";"2663589";"2715714";"1508958628";
"Текстильщики";"Таганско-Краснопресненская линия";"2021";"IV квартал";"4703992";"4701330";"1508958630";
"Кузьминки";"Таганско-Краснопресненская линия";"2021";"IV квартал";"5003122";"5000659";"1508958631";
"Рязанский проспект";"Таганско-Краснопресненская линия";"2021";"IV квартал";"2777166";"2808557";"1508958632";
"Выхино";"Таганско-Краснопресненская линия";"2021";"IV квартал";"5357063";"5206847";"1508958633";
"Лермонтовский проспект";"Таганско-Краснопресненская линия";"2021";"IV квартал";"1725215";"1641414";"1508958634";
"Жулебино";"Таганско-Краснопресненская линия";"2021";"IV квартал";"2106481";"2020229";"1508958635";
"Котельники";"Таганско-Краснопресненская линия";"2021";"IV квартал";"4258009";"3806610";"1508958636";
"Кунцевская";"Филёвская линия";"2021";"IV квартал";"689874";"677208";"1508958637";
"Пионерская";"Филёвская линия";"2021";"IV квартал";"486682";"470811";"1508958638";
"Филёвский парк";"Филёвская линия";"2021";"IV квартал";"769869";"759578";"1508958639";
"Багратионовская";"Филёвская линия";"2021";"IV квартал";"1292561";"1295007";"1508958640";
"Фили";"Филёвская линия";"2021";"IV квартал";"1495797";"1505847";"1508958641";
"Кутузовская";"Филёвская линия";"2021";"IV квартал";"602380";"634326";"1508958642";
"Студенческая";"Филёвская линия";"2021";"IV квартал";"546885";"562545";"1508958643";
"Киевская";"Филёвская линия";"2021";"IV квартал";"0";"0";"1508958644";
"Смоленская";"Филёвская линия";"2021";"IV квартал";"787563";"802218";"1508958645";
"Арбатская";"Филёвская линия";"2021";"IV квартал";"422159";"415210";"1508958646";
"Александровский сад";"Филёвская линия";"2021";"IV квартал";"1322655";"1339861";"1508958647";
"Москва-Сити";"Филёвская линия";"2021";"IV квартал";"595796";"603729";"1508958648";
"Деловой центр";"Филёвская линия";"2021";"IV квартал";"1429746";"1430478";"1508958649";
"Улица Скобелевская";"Бутовская линия";"2021";"IV квартал";"5207371";"471075";"1508958652";
"Волгоградский проспект";"Таганско-Краснопресненская линия";"2021";"IV квартал";"1843149";"1900086";"1508958654";
"Пятницкое шоссе";"Арбатско-Покровская линия";"2022";"I квартал";"1443335";"1358629";"2363398660";
"Митино";"Арбатско-Покровская линия";"2022";"I квартал";"2005840";"1920776";"2363398661";
"Волоколамская";"Арбатско-Покровская линия";"2022";"I квартал";"1383379";"1348788";"2363398662";
"Мякинино";"Арбатско-Покровская линия";"2022";"I квартал";"1467960";"1399934";"2363398663";
"Строгино";"Арбатско-Покровская линия";"2022";"I квартал";"2332920";"2310772";"2363398664";
"Крылатское";"Арбатско-Покровская линия";"2022";"I квартал";"2039831";"2018109";"2363398665";
"Молодёжная";"Арбатско-Покровская линия";"2022";"I квартал";"3666016";"3620340";"2363398666";
"Славянский бульвар";"Арбатско-Покровская линия";"2022";"I квартал";"4464362";"4389912";"2363398669";
"Киевская";"Арбатско-Покровская линия";"2022";"I квартал";"3423797";"3164334";"2363398672";
"Площадь Революции";"Арбатско-Покровская линия";"2022";"I квартал";"2829766";"2767323";"2363398675";
"Бауманская";"Арбатско-Покровская линия";"2022";"I квартал";"4200671";"4403034";"2363398677";
"Электрозаводская";"Арбатско-Покровская линия";"2022";"I квартал";"2699090";"2864618";"2363398678";
"Семёновская";"Арбатско-Покровская линия";"2022";"I квартал";"2434850";"2508969";"2363398679";
"Партизанская";"Арбатско-Покровская линия";"2022";"I квартал";"1399544";"1365881";"2363398680";
"Измайловская";"Арбатско-Покровская линия";"2022";"I квартал";"1464235";"1473103";"2363398682";
"Первомайская";"Арбатско-Покровская линия";"2022";"I квартал";"2780183";"2773002";"2363398683";
"Щёлковская";"Арбатско-Покровская линия";"2022";"I квартал";"5994304";"5701877";"2363398685";
"ЦСКА";"Большая кольцевая линия";"2022";"I квартал";"2610162";"2663827";"2363398688";
"Хорошёвская";"Большая кольцевая линия";"2022";"I квартал";"738841";"753542";"2363398689";
"Народное Ополчение";"Большая кольцевая линия";"2022";"I квартал";"1284090";"1270719";"2363398692";
"Мнёвники";"Большая кольцевая линия";"2022";"I квартал";"77917";"75266";"2363398694";
"Авиамоторная";"Некрасовская линия";"2022";"I квартал";"532418";"532654";"2363398695";
"Терехово";"Большая кольцевая линия";"2022";"I квартал";"147336";"159066";"2363398698";
"Кунцевская";"Большая кольцевая линия";"2022";"I квартал";"750405";"744128";"2363398700";
"Давыдково";"Большая кольцевая линия";"2022";"I квартал";"614179";"611044";"2363398701";
"Аминьевская";"Большая кольцевая линия";"2022";"I квартал";"707904";"689800";"2363398702";
"Проспект Вернадского";"Большая кольцевая линия";"2022";"I квартал";"345147";"346714";"2363398704";
"Новаторская";"Большая кольцевая линия";"2022";"I квартал";"802620";"797244";"2363398706";
"Воронцовская";"Большая кольцевая линия";"2022";"I квартал";"520067";"541985";"2363398707";
"Зюзино";"Большая кольцевая линия";"2022";"I квартал";"1081014";"1064281";"2363398708";
"Каховская";"Большая кольцевая линия";"2022";"I квартал";"905486";"931802";"2363398709";
"Битцевский парк";"Бутовская линия";"2022";"I квартал";"230489";"172165";"2363398710";
"Лесопарковая";"Бутовская линия";"2022";"I квартал";"496156";"466650";"2363398711";
"Улица Старокачаловская";"Бутовская линия";"2022";"I квартал";"0";"0";"2363398712";
"Улица Скобелевская";"Бутовская линия";"2022";"I квартал";"1456965";"1411881";"2363398714";
"Бульвар адмирала Ушакова";"Бутовская линия";"2022";"I квартал";"809825";"798240";"2363398715";
"Улица Горчакова";"Бутовская линия";"2022";"I квартал";"755374";"742672";"2363398716";
"Бунинская аллея";"Бутовская линия";"2022";"I квартал";"1615947";"1586620";"2363398717";
"Ховрино";"Замоскворецкая линия";"2022";"I квартал";"3397467";"3120842";"2363398718";
"Беломорская";"Замоскворецкая линия";"2022";"I квартал";"2301022";"2194844";"2363398720";
"Речной вокзал";"Замоскворецкая линия";"2022";"I квартал";"2117601";"2071312";"2363398721";
"Водный стадион";"Замоскворецкая линия";"2022";"I квартал";"3136970";"3130001";"2363398722";
"Войковская";"Замоскворецкая линия";"2022";"I квартал";"3702205";"3723162";"2363398723";
"Сокол";"Замоскворецкая линия";"2022";"I квартал";"2693169";"2738377";"2363398724";
"Аэропорт";"Замоскворецкая линия";"2022";"I квартал";"2695551";"2752512";"2363398725";
"Динамо";"Замоскворецкая линия";"2022";"I квартал";"2099030";"2153762";"2363398726";
"Белорусская";"Замоскворецкая линия";"2022";"I квартал";"1950535";"1940869";"2363398727";
"Маяковская";"Замоскворецкая линия";"2022";"I квартал";"2655075";"2745194";"2363398729";
"Тверская";"Замоскворецкая линия";"2022";"I квартал";"0";"0";"2363398730";
"Театральная";"Замоскворецкая линия";"2022";"I квартал";"0";"0";"2363398731";
"Новокузнецкая";"Замоскворецкая линия";"2022";"I квартал";"2307903";"2429874";"2363398732";
"Павелецкая";"Замоскворецкая линия";"2022";"I квартал";"2715795";"2338262";"2363398733";
"Автозаводская";"Замоскворецкая линия";"2022";"I квартал";"2903282";"3071162";"2363398734";
"Технопарк";"Замоскворецкая линия";"2022";"I квартал";"1361802";"1374760";"2363398735";
"Коломенская";"Замоскворецкая линия";"2022";"I квартал";"3784757";"3815191";"2363398737";
"Каширская";"Замоскворецкая линия";"2022";"I квартал";"2025613";"2074945";"2363398738";
"Кантемировская";"Замоскворецкая линия";"2022";"I квартал";"2918596";"2903356";"2363398739";
"Царицыно";"Замоскворецкая линия";"2022";"I квартал";"4735342";"4597501";"2363398740";
"Орехово";"Замоскворецкая линия";"2022";"I квартал";"1485078";"1430786";"2363398741";
"Домодедовская";"Замоскворецкая линия";"2022";"I квартал";"4920664";"4569808";"2363398742";
"Красногвардейская";"Замоскворецкая линия";"2022";"I квартал";"1397121";"1392792";"2363398744";
"Алма-Атинская";"Замоскворецкая линия";"2022";"I квартал";"1091524";"1067771";"2363398745";
"Новокосино";"Калининская линия";"2022";"I квартал";"4651689";"4495820";"2363398746";
"Новогиреево";"Калининская линия";"2022";"I квартал";"5372096";"5225993";"2363398747";
"Перово";"Калининская линия";"2022";"I квартал";"3212624";"3187930";"2363398748";
"Шоссе Энтузиастов";"Калининская линия";"2022";"I квартал";"1654193";"1785163";"2363398749";
"Площадь Ильича";"Калининская линия";"2022";"I квартал";"1470250";"1488379";"2363398751";
"Марксистская";"Калининская линия";"2022";"I квартал";"1822277";"1904849";"2363398752";
"Медведково";"Калужско-Рижская линия";"2022";"I квартал";"4016537";"3880574";"2363398755";
"Бабушкинская";"Калужско-Рижская линия";"2022";"I квартал";"3758778";"3751147";"2363398756";
"Свиблово";"Калужско-Рижская линия";"2022";"I квартал";"1879747";"1889145";"2363398757";
"Ботанический сад";"Калужско-Рижская линия";"2022";"I квартал";"1236186";"1417398";"2363398759";
"ВДНХ";"Калужско-Рижская линия";"2022";"I квартал";"5100244";"4890423";"2363398760";
"Алексеевская";"Калужско-Рижская линия";"2022";"I квартал";"2565640";"2641992";"2363398761";
"Сухаревская";"Калужско-Рижская линия";"2022";"I квартал";"1569231";"1646225";"2363398764";
"Тургеневская";"Калужско-Рижская линия";"2022";"I квартал";"1451280";"1522748";"2363398765";
"Китай-город";"Калужско-Рижская линия";"2022";"I квартал";"4385148";"4516994";"2363398766";
"Октябрьская";"Калужско-Рижская линия";"2022";"I квартал";"952925";"1006550";"2363398768";
"Шаболовская";"Калужско-Рижская линия";"2022";"I квартал";"1974824";"2078531";"2363398770";
"Ленинский проспект";"Калужско-Рижская линия";"2022";"I квартал";"2895262";"3330731";"2363398771";
"Академическая";"Калужско-Рижская линия";"2022";"I квартал";"2616881";"2636484";"2363398772";
"Профсоюзная";"Калужско-Рижская линия";"2022";"I квартал";"2464169";"2530030";"2363398773";
"Новые Черёмушки";"Калужско-Рижская линия";"2022";"I квартал";"2856113";"2916738";"2363398775";
"Калужская";"Калужско-Рижская линия";"2022";"I квартал";"2608294";"2718325";"2363398776";
"Беляево";"Калужско-Рижская линия";"2022";"I квартал";"2806758";"2841192";"2363398777";
"Коньково";"Калужско-Рижская линия";"2022";"I квартал";"2166145";"2154649";"2363398778";
"Тёплый стан";"Калужско-Рижская линия";"2022";"I квартал";"4734229";"4636738";"2363398779";
"Ясенево";"Калужско-Рижская линия";"2022";"I квартал";"2332207";"2303436";"2363398780";
"Новоясеневская";"Калужско-Рижская линия";"2022";"I квартал";"527195";"519492";"2363398781";
"Краснопресненская";"Кольцевая линия";"2022";"I квартал";"1471339";"1525784";"2363398783";
"Новослободская";"Кольцевая линия";"2022";"I квартал";"585379";"628013";"2363398786";
"Проспект Мира";"Кольцевая линия";"2022";"I квартал";"1945041";"2013814";"2363398787";
"Курская";"Кольцевая линия";"2022";"I квартал";"2966255";"2763128";"2363398790";
"Добрынинская";"Кольцевая линия";"2022";"I квартал";"1562674";"1620093";"2363398793";
"Селигерская";"Люблинско-Дмитровская линия";"2022";"I квартал";"3350022";"3286475";"2363398796";
"Верхние Лихоборы";"Люблинско-Дмитровская линия";"2022";"I квартал";"1025557";"1006343";"2363398797";
"Окружная";"Люблинско-Дмитровская линия";"2022";"I квартал";"470514";"465464";"2363398798";
"Петровско-Разумовская";"Люблинско-Дмитровская линия";"2022";"I квартал";"1728713";"1706616";"2363398800";
"Фонвизинская";"Люблинско-Дмитровская линия";"2022";"I квартал";"1162868";"1152779";"2363398801";
"Бутырская";"Люблинско-Дмитровская линия";"2022";"I квартал";"1152953";"1195271";"2363398802";
"Марьина Роща";"Люблинско-Дмитровская линия";"2022";"I квартал";"2272173";"2334516";"2363398803";
"Достоевская";"Люблинско-Дмитровская линия";"2022";"I квартал";"1002188";"1047491";"2363398805";
"Трубная";"Люблинско-Дмитровская линия";"2022";"I квартал";"1258917";"1310266";"2363398806";
"Сретенский бульвар";"Люблинско-Дмитровская линия";"2022";"I квартал";"674007";"714162";"2363398807";
"Чкаловская";"Люблинско-Дмитровская линия";"2022";"I квартал";"3495147";"3409573";"2363398808";
"Римская";"Люблинско-Дмитровская линия";"2022";"I квартал";"1614308";"1629192";"2363398809";
"Крестьянская застава";"Люблинско-Дмитровская линия";"2022";"I квартал";"563949";"592997";"2363398810";
"Дубровка";"Люблинско-Дмитровская линия";"2022";"I квартал";"1439508";"1512868";"2363398811";
"Кожуховская";"Люблинско-Дмитровская линия";"2022";"I квартал";"1791734";"1877155";"2363398813";
"Печатники";"Люблинско-Дмитровская линия";"2022";"I квартал";"1678868";"1695510";"2363398814";
"Волжская";"Люблинско-Дмитровская линия";"2022";"I квартал";"1355918";"1378768";"2363398815";
"Люблино";"Люблинско-Дмитровская линия";"2022";"I квартал";"3643637";"3512918";"2363398816";
"Братиславская";"Люблинско-Дмитровская линия";"2022";"I квартал";"3091459";"3077531";"2363398817";
"Марьино";"Люблинско-Дмитровская линия";"2022";"I квартал";"2598424";"2580265";"2363398819";
"Борисово";"Люблинско-Дмитровская линия";"2022";"I квартал";"938895";"929927";"2363398820";
"Шипиловская";"Люблинско-Дмитровская линия";"2022";"I квартал";"1133376";"1137943";"2363398821";
"Зябликово";"Люблинско-Дмитровская линия";"2022";"I квартал";"819985";"823228";"2363398822";
"Улица Сергея Эйзенштейна";"Московская монорельсовая транспортная система";"2022";"I квартал";"15547";"12940";"2363398823";
"Выставочный центр";"Московская монорельсовая транспортная система";"2022";"I квартал";"57630";"50511";"2363398824";
"Улица Академика Королёва";"Московская монорельсовая транспортная система";"2022";"I квартал";"14483";"13430";"2363398825";
"Телецентр";"Московская монорельсовая транспортная система";"2022";"I квартал";"22378";"20861";"2363398826";
"Улица Милашенкова";"Московская монорельсовая транспортная система";"2022";"I квартал";"17382";"15787";"2363398828";
"Лихоборы";"Московское центральное кольцо";"2022";"I квартал";"914295";"931941";"2363398830";
"Ростокино";"Московское центральное кольцо";"2022";"I квартал";"2430183";"2466922";"2363398835";
"Белокаменная";"Московское центральное кольцо";"2022";"I квартал";"82581";"86319";"2363398836";
"Локомотив";"Московское центральное кольцо";"2022";"I квартал";"880232";"920939";"2363398838";
"Измайлово";"Московское центральное кольцо";"2022";"I квартал";"732718";"802817";"2363398839";
"Соколиная Гора";"Московское центральное кольцо";"2022";"I квартал";"489395";"517795";"2363398840";
"Андроновка";"Московское центральное кольцо";"2022";"I квартал";"627561";"641444";"2363398843";
"Новохохловская";"Московское центральное кольцо";"2022";"I квартал";"581772";"611953";"2363398845";
"Угрешская";"Московское центральное кольцо";"2022";"I квартал";"409297";"437436";"2363398846";
"ЗИЛ";"Московское центральное кольцо";"2022";"I квартал";"686605";"719090";"2363398850";
"Верхние Котлы";"Московское центральное кольцо";"2022";"I квартал";"1335563";"1389704";"2363398851";
"Крымская";"Московское центральное кольцо";"2022";"I квартал";"823626";"863076";"2363398852";
"Площадь Гагарина";"Московское центральное кольцо";"2022";"I квартал";"962030";"1184724";"2363398853";
"Лужники";"Московское центральное кольцо";"2022";"I квартал";"730630";"847820";"2363398854";
"Шелепиха";"Московское центральное кольцо";"2022";"I квартал";"583775";"638127";"2363398858";
"Хорошёво";"Московское центральное кольцо";"2022";"I квартал";"556940";"592461";"2363398859";
"Зорге";"Московское центральное кольцо";"2022";"I квартал";"385989";"405852";"2363398860";
"Панфиловская";"Московское центральное кольцо";"2022";"I квартал";"503894";"534669";"2363398861";
"Стрешнево";"Московское центральное кольцо";"2022";"I квартал";"1215354";"1258952";"2363398862";
"Балтийская";"Московское центральное кольцо";"2022";"I квартал";"980153";"1048716";"2363398863";
"Коптево";"Московское центральное кольцо";"2022";"I квартал";"1214384";"1275630";"2363398865";
"Нижегородская";"Некрасовская линия";"2022";"I квартал";"914262";"1159136";"2363398866";
"Стахановская";"Некрасовская линия";"2022";"I квартал";"533311";"481651";"2363398867";
"Окская";"Некрасовская линия";"2022";"I квартал";"550701";"534096";"2363398868";
"Юго-Восточная";"Некрасовская линия";"2022";"I квартал";"918650";"882026";"2363398869";
"Косино";"Некрасовская линия";"2022";"I квартал";"342936";"322349";"2363398870";
"Улица Дмитриевского";"Некрасовская линия";"2022";"I квартал";"728235";"709732";"2363398871";
"Лухмановская";"Некрасовская линия";"2022";"I квартал";"1294126";"1213627";"2363398872";
"Некрасовка";"Некрасовская линия";"2022";"I квартал";"4054110";"3818806";"2363398874";
"Алтуфьево";"Серпуховско-Тимирязевская линия";"2022";"I квартал";"3591766";"3512761";"2363398875";
"Бибирево";"Серпуховско-Тимирязевская линия";"2022";"I квартал";"2281562";"2295071";"2363398876";
"Отрадное";"Серпуховско-Тимирязевская линия";"2022";"I квартал";"3836313";"3872210";"2363398877";
"Владыкино";"Серпуховско-Тимирязевская линия";"2022";"I квартал";"1267963";"1491035";"2363398878";
"Тимирязевская";"Серпуховско-Тимирязевская линия";"2022";"I квартал";"1658133";"1632481";"2363398881";
"Дмитровская";"Серпуховско-Тимирязевская линия";"2022";"I квартал";"2601748";"2661282";"2363398882";
"Савёловская";"Серпуховско-Тимирязевская линия";"2022";"I квартал";"3327435";"3340628";"2363398883";
"Менделеевская";"Серпуховско-Тимирязевская линия";"2022";"I квартал";"2998834";"3163308";"2363398884";
"Цветной бульвар";"Серпуховско-Тимирязевская линия";"2022";"I квартал";"1775790";"1841798";"2363398885";
"Чеховская";"Серпуховско-Тимирязевская линия";"2022";"I квартал";"1672693";"1757020";"2363398886";
"Боровицкая";"Серпуховско-Тимирязевская линия";"2022";"I квартал";"484318";"508697";"2363398887";
"Полянка";"Серпуховско-Тимирязевская линия";"2022";"I квартал";"1224314";"1287873";"2363398888";
"Серпуховская";"Серпуховско-Тимирязевская линия";"2022";"I квартал";"1420793";"1478998";"2363398889";
"Тульская";"Серпуховско-Тимирязевская линия";"2022";"I квартал";"2624879";"2711433";"2363398890";
"Нагатинская";"Серпуховско-Тимирязевская линия";"2022";"I квартал";"2983006";"3074794";"2363398892";
"Нагорная";"Серпуховско-Тимирязевская линия";"2022";"I квартал";"1281036";"1310324";"2363398893";
"Нахимовский проспект";"Серпуховско-Тимирязевская линия";"2022";"I квартал";"1753911";"1784927";"2363398895";
"Севастопольская";"Серпуховско-Тимирязевская линия";"2022";"I квартал";"1166639";"1188259";"2363398896";
"Чертановская";"Серпуховско-Тимирязевская линия";"2022";"I квартал";"2577478";"2566780";"2363398897";
"Южная";"Серпуховско-Тимирязевская линия";"2022";"I квартал";"1846158";"1842028";"2363398898";
"Пражская";"Серпуховско-Тимирязевская линия";"2022";"I квартал";"3928570";"3941889";"2363398899";
"Улица академика Янгеля";"Серпуховско-Тимирязевская линия";"2022";"I квартал";"2134673";"2079163";"2363398900";
"Аннино";"Серпуховско-Тимирязевская линия";"2022";"I квартал";"1927448";"1771636";"2363398901";
"Бульвар Дмитрия Донского";"Серпуховско-Тимирязевская линия";"2022";"I квартал";"4372711";"4225385";"2363398902";
"Бульвар Рокоссовского";"Сокольническая линия";"2022";"I квартал";"1829536";"1821313";"2363398903";
"Черкизовская";"Сокольническая линия";"2022";"I квартал";"1372934";"1249941";"2363398904";
"Преображенская площадь";"Сокольническая линия";"2022";"I квартал";"3348232";"3400702";"2363398905";
"Красносельская";"Сокольническая линия";"2022";"I квартал";"1747508";"1807138";"2363398908";
"Комсомольская";"Сокольническая линия";"2022";"I квартал";"2296397";"1901328";"2363398909";
"Красные ворота";"Сокольническая линия";"2022";"I квартал";"1781464";"1840211";"2363398911";
"Чистые пруды";"Сокольническая линия";"2022";"I квартал";"1476305";"1516644";"2363398912";
"Лубянка";"Сокольническая линия";"2022";"I квартал";"2104102";"2112135";"2363398913";
"Охотный ряд";"Сокольническая линия";"2022";"I квартал";"3882855";"3806149";"2363398914";
"Библиотека имени Ленина";"Сокольническая линия";"2022";"I квартал";"0";"0";"2363398915";
"Кропоткинская";"Сокольническая линия";"2022";"I квартал";"1873927";"1949256";"2363398916";
"Парк культуры";"Сокольническая линия";"2022";"I квартал";"502567";"527828";"2363398917";
"Фрунзенская";"Сокольническая линия";"2022";"I квартал";"2019435";"2128087";"2363398918";
"Спортивная";"Сокольническая линия";"2022";"I квартал";"1545727";"1696101";"2363398919";
"Воробьёвы горы";"Сокольническая линия";"2022";"I квартал";"599848";"583016";"2363398920";
"Университет";"Сокольническая линия";"2022";"I квартал";"2244448";"2269316";"2363398921";
"Юго-Западная";"Сокольническая линия";"2022";"I квартал";"3624607";"3627832";"2363398924";
"Тропарёво";"Сокольническая линия";"2022";"I квартал";"1396181";"1365643";"2363398926";
"Румянцево";"Сокольническая линия";"2022";"I квартал";"817464";"819821";"2363398927";
"Саларьево";"Сокольническая линия";"2022";"I квартал";"3162915";"2813708";"2363398928";
"Филатов луг";"Сокольническая линия";"2022";"I квартал";"851185";"816388";"2363398929";
"Прокшино";"Сокольническая линия";"2022";"I квартал";"461709";"447234";"2363398930";
"Ольховая";"Сокольническая линия";"2022";"I квартал";"574751";"541134";"2363398931";
"Новомосковская";"Сокольническая линия";"2022";"I квартал";"1066189";"1043600";"2363398932";
"Деловой центр";"Солнцевская линия";"2022";"I квартал";"1001769";"989323";"2363398933";
"Парк Победы";"Солнцевская линия";"2022";"I квартал";"255429";"269298";"2363398934";
"Минская";"Солнцевская линия";"2022";"I квартал";"432064";"443660";"2363398935";
"Ломоносовский проспект";"Солнцевская линия";"2022";"I квартал";"988209";"991263";"2363398936";
"Раменки";"Солнцевская линия";"2022";"I квартал";"1418371";"1403537";"2363398937";
"Мичуринский проспект";"Солнцевская линия";"2022";"I квартал";"233833";"235550";"2363398939";
"Озёрная";"Солнцевская линия";"2022";"I квартал";"1328826";"1313533";"2363398940";
"Говорово";"Солнцевская линия";"2022";"I квартал";"1029159";"977400";"2363398941";
"Солнцево";"Солнцевская линия";"2022";"I квартал";"1372595";"1320721";"2363398943";
"Боровское шоссе";"Солнцевская линия";"2022";"I квартал";"473363";"451682";"2363398944";
"Новопеределкино";"Солнцевская линия";"2022";"I квартал";"1291804";"1239945";"2363398945";
"Рассказовка";"Солнцевская линия";"2022";"I квартал";"1630094";"1534834";"2363398946";
"Планерная";"Таганско-Краснопресненская линия";"2022";"I квартал";"3229194";"3105411";"2363398947";
"Сходненская";"Таганско-Краснопресненская линия";"2022";"I квартал";"3891501";"3834252";"2363398948";
"Тушинская";"Таганско-Краснопресненская линия";"2022";"I квартал";"3566799";"3424115";"2363398949";
"Спартак";"Таганско-Краснопресненская линия";"2022";"I квартал";"334809";"325788";"2363398950";
"Щукинская";"Таганско-Краснопресненская линия";"2022";"I квартал";"3238926";"3242087";"2363398951";
"Октябрьское поле";"Таганско-Краснопресненская линия";"2022";"I квартал";"3124439";"3189259";"2363398952";
"Полежаевская";"Таганско-Краснопресненская линия";"2022";"I квартал";"2449366";"2515417";"2363398954";
"Беговая";"Таганско-Краснопресненская линия";"2022";"I квартал";"3215721";"3256422";"2363398955";
"Улица 1905 года";"Таганско-Краснопресненская линия";"2022";"I квартал";"3348730";"3487417";"2363398956";
"Баррикадная";"Таганско-Краснопресненская линия";"2022";"I квартал";"1625383";"1698173";"2363398958";
"Пушкинская";"Таганско-Краснопресненская линия";"2022";"I квартал";"3513306";"3638174";"2363398959";
"Кузнецкий мост";"Таганско-Краснопресненская линия";"2022";"I квартал";"1859271";"1944645";"2363398960";
"Таганская";"Таганско-Краснопресненская линия";"2022";"I квартал";"1073299";"1108417";"2363398962";
"Пролетарская";"Таганско-Краснопресненская линия";"2022";"I квартал";"2437409";"2478744";"2363398963";
"Волгоградский проспект";"Таганско-Краснопресненская линия";"2022";"I квартал";"1684575";"1729216";"2363398964";
"Текстильщики";"Таганско-Краснопресненская линия";"2022";"I квартал";"4370553";"4352958";"2363398965";
"Кузьминки";"Таганско-Краснопресненская линия";"2022";"I квартал";"4648778";"4619063";"2363398966";
"Рязанский проспект";"Таганско-Краснопресненская линия";"2022";"I квартал";"2557954";"2569848";"2363398967";
"Выхино";"Таганско-Краснопресненская линия";"2022";"I квартал";"4905281";"4757932";"2363398968";
"Лермонтовский проспект";"Таганско-Краснопресненская линия";"2022";"I квартал";"1617677";"1540519";"2363398969";
"Жулебино";"Таганско-Краснопресненская линия";"2022";"I квартал";"1984647";"1914983";"2363398970";
"Котельники";"Таганско-Краснопресненская линия";"2022";"I квартал";"4089284";"3640124";"2363398972";
"Пионерская";"Филёвская линия";"2022";"I квартал";"468421";"450865";"2363398975";
"Филёвский парк";"Филёвская линия";"2022";"I квартал";"706704";"692081";"2363398976";
"Багратионовская";"Филёвская линия";"2022";"I квартал";"1225963";"1227724";"2363398977";
"Фили";"Филёвская линия";"2022";"I квартал";"1373173";"1382882";"2363398978";
"Кутузовская";"Филёвская линия";"2022";"I квартал";"510249";"540500";"2363398979";
"Студенческая";"Филёвская линия";"2022";"I квартал";"498056";"512054";"2363398980";
"Арбатская";"Филёвская линия";"2022";"I квартал";"451011";"434456";"2363398983";
"Александровский сад";"Филёвская линия";"2022";"I квартал";"1177451";"1181999";"2363398984";
"Москва-Сити";"Филёвская линия";"2022";"I квартал";"522032";"536659";"2363398985";
"Деловой центр";"Филёвская линия";"2022";"I квартал";"1302699";"1299946";"2363398986";
"Кунцевская";"Арбатско-Покровская линия";"2022";"I квартал";"966173";"988176";"2363417021";
"Парк Победы";"Арбатско-Покровская линия";"2022";"I квартал";"1204485";"1182816";"2363417313";
"Смоленская";"Арбатско-Покровская линия";"2022";"I квартал";"1945687";"2030140";"2363419180";
"Арбатская";"Арбатско-Покровская линия";"2022";"I квартал";"2126816";"2215797";"2363419309";
"Курская";"Арбатско-Покровская линия";"2022";"I квартал";"1626601";"1652367";"2363419465";
"Савёловская";"Большая кольцевая линия";"2022";"I квартал";"958403";"971995";"2363419559";
"Петровский парк";"Большая кольцевая линия";"2022";"I квартал";"874975";"901339";"2363420043";
"Шелепиха";"Большая кольцевая линия";"2022";"I квартал";"866326";"889055";"2363420407";
"Деловой центр";"Большая кольцевая линия";"2022";"I квартал";"1341704";"1323981";"2363420542";
"Лефортово";"Некрасовская линия";"2022";"I квартал";"498260";"500026";"2363420711";
"Электрозаводская";"Некрасовская линия";"2022";"I квартал";"666061";"666987";"2363420816";
"Мичуринский проспект";"Большая кольцевая линия";"2022";"I квартал";"564377";"563181";"2363420999";
"Авиамоторная";"Калининская линия";"2022";"I квартал";"3184038";"3348633";"2363422066";
"Третьяковская";"Калининская линия";"2022";"I квартал";"2132766";"2229014";"2363422306";
"Рижская";"Калужско-Рижская линия";"2022";"I квартал";"0";"0";"2363423819";
"Проспект Мира";"Калужско-Рижская линия";"2022";"I квартал";"1965594";"2051318";"2363423945";
"Третьяковская";"Калужско-Рижская линия";"2022";"I квартал";"0";"0";"2363424352";
"Киевская";"Кольцевая линия";"2022";"I квартал";"2878326";"2861688";"2363424466";
"Белорусская";"Кольцевая линия";"2022";"I квартал";"3601860";"3412025";"2363424682";
"Комсомольская";"Кольцевая линия";"2022";"I квартал";"7000177";"5856610";"2363424810";
"Таганская";"Кольцевая линия";"2022";"I квартал";"2017704";"2087943";"2363424989";
"Павелецкая";"Кольцевая линия";"2022";"I квартал";"3324283";"3454407";"2363425349";
"Октябрьская";"Кольцевая линия";"2022";"I квартал";"1816705";"1894746";"2363425430";
"Парк культуры";"Кольцевая линия";"2022";"I квартал";"2638852";"2755419";"2363425626";
"Тимирязевская";"Московская монорельсовая транспортная система";"2022";"I квартал";"48056";"40889";"2363425920";
"Окружная";"Московское центральное кольцо";"2022";"I квартал";"1177873";"1191045";"2363426102";
"Владыкино";"Московское центральное кольцо";"2022";"I квартал";"593456";"779089";"2363426402";
"Ботанический сад";"Московское центральное кольцо";"2022";"I квартал";"825588";"1012502";"2363426484";
"Бульвар Рокоссовского";"Московское центральное кольцо";"2022";"I квартал";"806580";"844420";"2363426609";
"Шоссе Энтузиастов";"Московское центральное кольцо";"2022";"I квартал";"595744";"669388";"2363426705";
"Нижегородская";"Московское центральное кольцо";"2022";"I квартал";"1532070";"1637725";"2363426813";
"Дубровка";"Московское центральное кольцо";"2022";"I квартал";"729979";"778399";"2363426933";
"Автозаводская";"Московское центральное кольцо";"2022";"I квартал";"443010";"494159";"2363429683";
"Кутузовская";"Московское центральное кольцо";"2022";"I квартал";"1311755";"1432568";"2363487156";
"Москва-Сити";"Московское центральное кольцо";"2022";"I квартал";"1153260";"1229402";"2363487167";
"Петровско-Разумовская";"Серпуховско-Тимирязевская линия";"2022";"I квартал";"0";"0";"2363487177";
"Сокольники";"Сокольническая линия";"2022";"I квартал";"2096694";"2133509";"2363487202";
"Проспект Вернадского";"Сокольническая линия";"2022";"I квартал";"2062912";"2078946";"2363487279";
"Китай-город";"Таганско-Краснопресненская линия";"2022";"I квартал";"0";"0";"2363487484";
"Киевская";"Филёвская линия";"2022";"I квартал";"0";"0";"2363487549";
"Улица Милашенкова";"Московская монорельсовая транспортная система";"2021";"IV квартал";"17991";"17295";"2363643842";
"Кунцевская";"Филёвская линия";"2022";"I квартал";"543507";"529972";"2363644363";
"Смоленская";"Филёвская линия";"2022";"I квартал";"726197";"742423";"2363644369";
"Пятницкое шоссе";"Арбатско-Покровская линия";"2022";"II квартал";"1586597";"1494986";"2375902224";
"Митино";"Арбатско-Покровская линия";"2022";"II квартал";"2135762";"2043853";"2375902225";
"Волоколамская";"Арбатско-Покровская линия";"2022";"II квартал";"1540121";"1498280";"2375902226";
"Мякинино";"Арбатско-Покровская линия";"2022";"II квартал";"1524550";"1467670";"2375902227";
"Строгино";"Арбатско-Покровская линия";"2022";"II квартал";"2571183";"2538389";"2375902228";
"Крылатское";"Арбатско-Покровская линия";"2022";"II квартал";"2221765";"2189532";"2375902229";
"Молодёжная";"Арбатско-Покровская линия";"2022";"II квартал";"4010031";"3949471";"2375902230";
"Славянский бульвар";"Арбатско-Покровская линия";"2022";"II квартал";"4883598";"4778530";"2375902232";
"Киевская";"Арбатско-Покровская линия";"2022";"II квартал";"3765674";"3484368";"2375902234";
"Площадь Революции";"Арбатско-Покровская линия";"2022";"II квартал";"3018192";"3032708";"2375902238";
"Бауманская";"Арбатско-Покровская линия";"2022";"II квартал";"4633111";"4871060";"2375902240";
"Электрозаводская";"Арбатско-Покровская линия";"2022";"II квартал";"2932265";"3131098";"2375902241";
"Семёновская";"Арбатско-Покровская линия";"2022";"II квартал";"2582010";"2659805";"2375902242";
"Партизанская";"Арбатско-Покровская линия";"2022";"II квартал";"1669265";"1615785";"2375902243";
"Измайловская";"Арбатско-Покровская линия";"2022";"II квартал";"1628601";"1631644";"2375902244";
"Первомайская";"Арбатско-Покровская линия";"2022";"II квартал";"3010996";"2986317";"2375902245";
"Щёлковская";"Арбатско-Покровская линия";"2022";"II квартал";"6528620";"6168534";"2375902246";
"ЦСКА";"Большая кольцевая линия";"2022";"II квартал";"2532271";"2610808";"2375902249";
"Хорошёвская";"Большая кольцевая линия";"2022";"II квартал";"744764";"761255";"2375902250";
"Народное Ополчение";"Большая кольцевая линия";"2022";"II квартал";"73839";"70776";"2375902253";
"Мнёвники";"Большая кольцевая линия";"2022";"II квартал";"195463";"207697";"2375902254";
"Авиамоторная";"Некрасовская линия";"2022";"II квартал";"587907";"587602";"2375902255";
"Терехово";"Большая кольцевая линия";"2022";"II квартал";"195463";"207697";"2375902258";
"Кунцевская";"Большая кольцевая линия";"2022";"II квартал";"924292";"919763";"2375902259";
"Давыдково";"Большая кольцевая линия";"2022";"II квартал";"755375";"753748";"2375902260";
"Аминьевская";"Большая кольцевая линия";"2022";"II квартал";"865753";"847504";"2375902261";
"Проспект Вернадского";"Большая кольцевая линия";"2022";"II квартал";"400920";"404651";"2375902263";
"Новаторская";"Большая кольцевая линия";"2022";"II квартал";"940611";"936135";"2375902264";
"Воронцовская";"Большая кольцевая линия";"2022";"II квартал";"584956";"604116";"2375902265";
"Зюзино";"Большая кольцевая линия";"2022";"II квартал";"1254997";"1242129";"2375902266";
"Каховская";"Большая кольцевая линия";"2022";"II квартал";"1291548";"1319405";"2375902267";
"Битцевский парк";"Бутовская линия";"2022";"II квартал";"265435";"204142";"2375902268";
"Лесопарковая";"Бутовская линия";"2022";"II квартал";"524394";"491077";"2375902269";
"Улица Старокачаловская";"Бутовская линия";"2022";"II квартал";"0";"0";"2375902270";
"Улица Скобелевская";"Бутовская линия";"2022";"II квартал";"1576056";"1511190";"2375902271";
"Бульвар адмирала Ушакова";"Бутовская линия";"2022";"II квартал";"868292";"854198";"2375902272";
"Улица Горчакова";"Бутовская линия";"2022";"II квартал";"813623";"792557";"2375902273";
"Бунинская аллея";"Бутовская линия";"2022";"II квартал";"1777962";"1732284";"2375902274";
"Ховрино";"Замоскворецкая линия";"2022";"II квартал";"3847454";"3525138";"2375902275";
"Беломорская";"Замоскворецкая линия";"2022";"II квартал";"2488621";"2386587";"2375902276";
"Речной вокзал";"Замоскворецкая линия";"2022";"II квартал";"2421306";"2365636";"2375902277";
"Водный стадион";"Замоскворецкая линия";"2022";"II квартал";"3449685";"3446336";"2375902278";
"Войковская";"Замоскворецкая линия";"2022";"II квартал";"3933565";"3974099";"2375902279";
"Сокол";"Замоскворецкая линия";"2022";"II квартал";"2949089";"2999723";"2375902280";
"Аэропорт";"Замоскворецкая линия";"2022";"II квартал";"3022530";"3092870";"2375902281";
"Динамо";"Замоскворецкая линия";"2022";"II квартал";"2450389";"2517913";"2375902282";
"Белорусская";"Замоскворецкая линия";"2022";"II квартал";"2250551";"2250815";"2375902283";
"Маяковская";"Замоскворецкая линия";"2022";"II квартал";"2885140";"3012138";"2375902284";
"Тверская";"Замоскворецкая линия";"2022";"II квартал";"0";"0";"2375902285";
"Театральная";"Замоскворецкая линия";"2022";"II квартал";"0";"0";"2375902286";
"Новокузнецкая";"Замоскворецкая линия";"2022";"II квартал";"2601989";"2758155";"2375902287";
"Павелецкая";"Замоскворецкая линия";"2022";"II квартал";"3080271";"2672294";"2375902288";
"Автозаводская";"Замоскворецкая линия";"2022";"II квартал";"3114461";"3310129";"2375902289";
"Технопарк";"Замоскворецкая линия";"2022";"II квартал";"1576170";"1598477";"2375902290";
"Коломенская";"Замоскворецкая линия";"2022";"II квартал";"4245486";"4270052";"2375902291";
"Каширская";"Замоскворецкая линия";"2022";"II квартал";"2247467";"2286992";"2375902292";
"Кантемировская";"Замоскворецкая линия";"2022";"II квартал";"3088184";"3054373";"2375902293";
"Царицыно";"Замоскворецкая линия";"2022";"II квартал";"5397838";"5186042";"2375902294";
"Орехово";"Замоскворецкая линия";"2022";"II квартал";"1686756";"1615668";"2375902295";
"Домодедовская";"Замоскворецкая линия";"2022";"II квартал";"5466033";"5065613";"2375902296";
"Красногвардейская";"Замоскворецкая линия";"2022";"II квартал";"1517464";"1497092";"2375902297";
"Алма-Атинская";"Замоскворецкая линия";"2022";"II квартал";"1183860";"1149308";"2375902298";
"Новокосино";"Калининская линия";"2022";"II квартал";"5231147";"5040768";"2375902299";
"Новогиреево";"Калининская линия";"2022";"II квартал";"5897756";"5693997";"2375902300";
"Перово";"Калининская линия";"2022";"II квартал";"3437105";"3401428";"2375902301";
"Шоссе Энтузиастов";"Калининская линия";"2022";"II квартал";"1775972";"1908167";"2375902302";
"Площадь Ильича";"Калининская линия";"2022";"II квартал";"1548457";"1556152";"2375902304";
"Марксистская";"Калининская линия";"2022";"II квартал";"1983869";"2076238";"2375902305";
"Медведково";"Калужско-Рижская линия";"2022";"II квартал";"4480793";"4308482";"2375902307";
"Бабушкинская";"Калужско-Рижская линия";"2022";"II квартал";"4096024";"4060458";"2375902308";
"Свиблово";"Калужско-Рижская линия";"2022";"II квартал";"2053663";"2055641";"2375902309";
"Ботанический сад";"Калужско-Рижская линия";"2022";"II квартал";"1454093";"1671223";"2375902310";
"ВДНХ";"Калужско-Рижская линия";"2022";"II квартал";"6282100";"5993874";"2375902311";
"Алексеевская";"Калужско-Рижская линия";"2022";"II квартал";"2799064";"2871672";"2375902312";
"Рижская";"Калужско-Рижская линия";"2022";"II квартал";"560639";"570695";"2375902313";
"Сухаревская";"Калужско-Рижская линия";"2022";"II квартал";"1740739";"1841053";"2375902315";
"Тургеневская";"Калужско-Рижская линия";"2022";"II квартал";"1587101";"1686922";"2375902316";
"Китай-город";"Калужско-Рижская линия";"2022";"II квартал";"5146888";"5344406";"2375902317";
"Октябрьская";"Калужско-Рижская линия";"2022";"II квартал";"1082879";"1137907";"2375902319";
"Шаболовская";"Калужско-Рижская линия";"2022";"II квартал";"2224228";"2350843";"2375902320";
"Ленинский проспект";"Калужско-Рижская линия";"2022";"II квартал";"3187441";"3683899";"2375902321";
"Академическая";"Калужско-Рижская линия";"2022";"II квартал";"2873329";"2893919";"2375902322";
"Профсоюзная";"Калужско-Рижская линия";"2022";"II квартал";"2668411";"2734236";"2375902323";
"Новые Черёмушки";"Калужско-Рижская линия";"2022";"II квартал";"3047381";"3104966";"2375902324";
"Калужская";"Калужско-Рижская линия";"2022";"II квартал";"2790699";"2898291";"2375902325";
"Беляево";"Калужско-Рижская линия";"2022";"II квартал";"3141714";"3188447";"2375902326";
"Коньково";"Калужско-Рижская линия";"2022";"II квартал";"2355615";"2340986";"2375902327";
"Тёплый стан";"Калужско-Рижская линия";"2022";"II квартал";"5345989";"5232646";"2375902328";
"Ясенево";"Калужско-Рижская линия";"2022";"II квартал";"2549885";"2503628";"2375902329";
"Новоясеневская";"Калужско-Рижская линия";"2022";"II квартал";"561313";"543383";"2375902330";
"Краснопресненская";"Кольцевая линия";"2022";"II квартал";"1947126";"1977168";"2375902332";
"Новослободская";"Кольцевая линия";"2022";"II квартал";"2084099";"2225278";"2375902334";
"Проспект Мира";"Кольцевая линия";"2022";"II квартал";"2233982";"2313669";"2375902335";
"Курская";"Кольцевая линия";"2022";"II квартал";"2823163";"2581055";"2375902337";
"Добрынинская";"Кольцевая линия";"2022";"II квартал";"1734972";"1810675";"2375902340";
"Селигерская";"Люблинско-Дмитровская линия";"2022";"II квартал";"3777876";"3683052";"2375902343";
"Верхние Лихоборы";"Люблинско-Дмитровская линия";"2022";"II квартал";"1122331";"1099032";"2375902344";
"Окружная";"Люблинско-Дмитровская линия";"2022";"II квартал";"534759";"528171";"2375902345";
"Петровско-Разумовская";"Люблинско-Дмитровская линия";"2022";"II квартал";"1844420";"1814647";"2375902346";
"Фонвизинская";"Люблинско-Дмитровская линия";"2022";"II квартал";"1238838";"1229926";"2375902347";
"Бутырская";"Люблинско-Дмитровская линия";"2022";"II квартал";"1184040";"1220935";"2375902348";
"Марьина Роща";"Люблинско-Дмитровская линия";"2022";"II квартал";"2418208";"2478365";"2375902349";
"Достоевская";"Люблинско-Дмитровская линия";"2022";"II квартал";"1087802";"1133406";"2375902350";
"Трубная";"Люблинско-Дмитровская линия";"2022";"II квартал";"1381345";"1463722";"2375902351";
"Сретенский бульвар";"Люблинско-Дмитровская линия";"2022";"II квартал";"719253";"765941";"2375902352";
"Чкаловская";"Люблинско-Дмитровская линия";"2022";"II квартал";"4062634";"3940894";"2375902353";
"Римская";"Люблинско-Дмитровская линия";"2022";"II квартал";"1650407";"1662803";"2375902354";
"Крестьянская застава";"Люблинско-Дмитровская линия";"2022";"II квартал";"669217";"701239";"2375902355";
"Дубровка";"Люблинско-Дмитровская линия";"2022";"II квартал";"1590283";"1680497";"2375902356";
"Кожуховская";"Люблинско-Дмитровская линия";"2022";"II квартал";"1871102";"1958066";"2375902357";
"Печатники";"Люблинско-Дмитровская линия";"2022";"II квартал";"1728086";"1735705";"2375902358";
"Волжская";"Люблинско-Дмитровская линия";"2022";"II квартал";"1444624";"1472605";"2375902359";
"Люблино";"Люблинско-Дмитровская линия";"2022";"II квартал";"3878004";"3742691";"2375902360";
"Братиславская";"Люблинско-Дмитровская линия";"2022";"II квартал";"3231080";"3209916";"2375902361";
"Марьино";"Люблинско-Дмитровская линия";"2022";"II квартал";"2703033";"2667846";"2375902362";
"Борисово";"Люблинско-Дмитровская линия";"2022";"II квартал";"979675";"965197";"2375902363";
"Шипиловская";"Люблинско-Дмитровская линия";"2022";"II квартал";"1164583";"1158179";"2375902364";
"Зябликово";"Люблинско-Дмитровская линия";"2022";"II квартал";"844192";"839685";"2375902365";
"Улица Сергея Эйзенштейна";"Московская монорельсовая транспортная система";"2022";"II квартал";"21121";"17606";"2375902366";
"Выставочный центр";"Московская монорельсовая транспортная система";"2022";"II квартал";"89220";"77534";"2375902367";
"Улица Академика Королёва";"Московская монорельсовая транспортная система";"2022";"II квартал";"14745";"13484";"2375902368";
"Телецентр";"Московская монорельсовая транспортная система";"2022";"II квартал";"30721";"27708";"2375902369";
"Улица Милашенкова";"Московская монорельсовая транспортная система";"2022";"II квартал";"19220";"17360";"2375902370";
"Лихоборы";"Московское центральное кольцо";"2022";"II квартал";"1008451";"1020934";"2375902372";
"Ростокино";"Московское центральное кольцо";"2022";"II квартал";"2777644";"2792250";"2375902376";
"Белокаменная";"Московское центральное кольцо";"2022";"II квартал";"117449";"122067";"2375902377";
"Локомотив";"Московское центральное кольцо";"2022";"II квартал";"1028209";"1073525";"2375902379";
"Измайлово";"Московское центральное кольцо";"2022";"II квартал";"867985";"941047";"2375902380";
"Соколиная Гора";"Московское центральное кольцо";"2022";"II квартал";"541886";"570404";"2375902381";
"Андроновка";"Московское центральное кольцо";"2022";"II квартал";"709683";"714878";"2375902383";
"Новохохловская";"Московское центральное кольцо";"2022";"II квартал";"651291";"674431";"2375902385";
"Угрешская";"Московское центральное кольцо";"2022";"II квартал";"438140";"466734";"2375902386";
"ЗИЛ";"Московское центральное кольцо";"2022";"II квартал";"765497";"805873";"2375902389";
"Верхние Котлы";"Московское центральное кольцо";"2022";"II квартал";"1550631";"1612880";"2375902390";
"Крымская";"Московское центральное кольцо";"2022";"II квартал";"901548";"942263";"2375902391";
"Площадь Гагарина";"Московское центральное кольцо";"2022";"II квартал";"1083491";"1360726";"2375902392";
"Лужники";"Московское центральное кольцо";"2022";"II квартал";"895103";"1040786";"2375902394";
"Шелепиха";"Московское центральное кольцо";"2022";"II квартал";"652084";"713379";"2375902397";
"Хорошёво";"Московское центральное кольцо";"2022";"II квартал";"622550";"659993";"2375902398";
"Зорге";"Московское центральное кольцо";"2022";"II квартал";"444658";"467505";"2375902399";
"Панфиловская";"Московское центральное кольцо";"2022";"II квартал";"577865";"613721";"2375902400";
"Стрешнево";"Московское центральное кольцо";"2022";"II квартал";"1417562";"1463492";"2375902401";
"Балтийская";"Московское центральное кольцо";"2022";"II квартал";"982429";"1069487";"2375902402";
"Коптево";"Московское центральное кольцо";"2022";"II квартал";"1353652";"1413203";"2375902403";
"Нижегородская";"Некрасовская линия";"2022";"II квартал";"1011600";"1290700";"2375902404";
"Стахановская";"Некрасовская линия";"2022";"II квартал";"559850";"502557";"2375902405";
"Окская";"Некрасовская линия";"2022";"II квартал";"585866";"569228";"2375902406";
"Юго-Восточная";"Некрасовская линия";"2022";"II квартал";"987264";"947300";"2375902407";
"Косино";"Некрасовская линия";"2022";"II квартал";"375067";"350579";"2375902408";
"Улица Дмитриевского";"Некрасовская линия";"2022";"II квартал";"788068";"766059";"2375902409";
"Лухмановская";"Некрасовская линия";"2022";"II квартал";"1382779";"1300148";"2375902410";
"Некрасовка";"Некрасовская линия";"2022";"II квартал";"4547788";"4281998";"2375902411";
"Алтуфьево";"Серпуховско-Тимирязевская линия";"2022";"II квартал";"3893848";"3775407";"2375902412";
"Бибирево";"Серпуховско-Тимирязевская линия";"2022";"II квартал";"2454493";"2446982";"2375902413";
"Отрадное";"Серпуховско-Тимирязевская линия";"2022";"II квартал";"4133067";"4142435";"2375902414";
"Владыкино";"Серпуховско-Тимирязевская линия";"2022";"II квартал";"1419722";"1672385";"2375902415";
"Тимирязевская";"Серпуховско-Тимирязевская линия";"2022";"II квартал";"1779149";"1743400";"2375902417";
"Дмитровская";"Серпуховско-Тимирязевская линия";"2022";"II квартал";"2878253";"2955824";"2375902418";
"Савёловская";"Серпуховско-Тимирязевская линия";"2022";"II квартал";"3685903";"3671426";"2375902419";
"Менделеевская";"Серпуховско-Тимирязевская линия";"2022";"II квартал";"2220420";"2370510";"2375902420";
"Цветной бульвар";"Серпуховско-Тимирязевская линия";"2022";"II квартал";"1981279";"2089243";"2375902421";
"Чеховская";"Серпуховско-Тимирязевская линия";"2022";"II квартал";"1856448";"1978050";"2375902422";
"Боровицкая";"Серпуховско-Тимирязевская линия";"2022";"II квартал";"587192";"616385";"2375902423";
"Полянка";"Серпуховско-Тимирязевская линия";"2022";"II квартал";"1388920";"1465231";"2375902424";
"Серпуховская";"Серпуховско-Тимирязевская линия";"2022";"II квартал";"1828534";"1932618";"2375902425";
"Тульская";"Серпуховско-Тимирязевская линия";"2022";"II квартал";"2859986";"2974763";"2375902426";
"Нагатинская";"Серпуховско-Тимирязевская линия";"2022";"II квартал";"3294824";"3373102";"2375902427";
"Нагорная";"Серпуховско-Тимирязевская линия";"2022";"II квартал";"1329751";"1359571";"2375902428";
"Нахимовский проспект";"Серпуховско-Тимирязевская линия";"2022";"II квартал";"1883458";"1909644";"2375902429";
"Севастопольская";"Серпуховско-Тимирязевская линия";"2022";"II квартал";"996563";"1019614";"2375902430";
"Чертановская";"Серпуховско-Тимирязевская линия";"2022";"II квартал";"2774424";"2761570";"2375902431";
"Южная";"Серпуховско-Тимирязевская линия";"2022";"II квартал";"1918896";"1904615";"2375902432";
"Пражская";"Серпуховско-Тимирязевская линия";"2022";"II квартал";"4027905";"4032142";"2375902433";
"Улица академика Янгеля";"Серпуховско-Тимирязевская линия";"2022";"II квартал";"2291352";"2231437";"2375902434";
"Аннино";"Серпуховско-Тимирязевская линия";"2022";"II квартал";"2185615";"2012387";"2375902436";
"Бульвар Дмитрия Донского";"Серпуховско-Тимирязевская линия";"2022";"II квартал";"4676685";"4511228";"2375902437";
"Бульвар Рокоссовского";"Сокольническая линия";"2022";"II квартал";"1981137";"1962222";"2375902438";
"Черкизовская";"Сокольническая линия";"2022";"II квартал";"1615556";"1448055";"2375902439";
"Преображенская площадь";"Сокольническая линия";"2022";"II квартал";"3717343";"3762037";"2375902440";
"Красносельская";"Сокольническая линия";"2022";"II квартал";"1854789";"1910673";"2375902442";
"Комсомольская";"Сокольническая линия";"2022";"II квартал";"2830842";"2326909";"2375902443";
"Красные ворота";"Сокольническая линия";"2022";"II квартал";"2041983";"2113107";"2375902444";
"Чистые пруды";"Сокольническая линия";"2022";"II квартал";"1717135";"1794008";"2375902445";
"Лубянка";"Сокольническая линия";"2022";"II квартал";"2175041";"2239480";"2375902446";
"Охотный ряд";"Сокольническая линия";"2022";"II квартал";"3990220";"4009380";"2375902447";
"Библиотека имени Ленина";"Сокольническая линия";"2022";"II квартал";"0";"0";"2375902448";
"Кропоткинская";"Сокольническая линия";"2022";"II квартал";"2091014";"2179938";"2375902449";
"Парк культуры";"Сокольническая линия";"2022";"II квартал";"569850";"601643";"2375902450";
"Фрунзенская";"Сокольническая линия";"2022";"II квартал";"2210735";"2331705";"2375902451";
"Спортивная";"Сокольническая линия";"2022";"II квартал";"1790196";"1969925";"2375902452";
"Воробьёвы горы";"Сокольническая линия";"2022";"II квартал";"967647";"942380";"2375902453";
"Университет";"Сокольническая линия";"2022";"II квартал";"2561169";"2596773";"2375902454";
"Юго-Западная";"Сокольническая линия";"2022";"II квартал";"4420729";"4473458";"2375902457";
"Тропарёво";"Сокольническая линия";"2022";"II квартал";"1560553";"1525305";"2375902458";
"Румянцево";"Сокольническая линия";"2022";"II квартал";"912005";"917565";"2375902459";
"Саларьево";"Сокольническая линия";"2022";"II квартал";"3549573";"3207828";"2375902460";
"Филатов луг";"Сокольническая линия";"2022";"II квартал";"1077300";"1039806";"2375902461";
"Прокшино";"Сокольническая линия";"2022";"II квартал";"535974";"522380";"2375902462";
"Ольховая";"Сокольническая линия";"2022";"II квартал";"676643";"642494";"2375902463";
"Новомосковская";"Сокольническая линия";"2022";"II квартал";"1255431";"1236904";"2375902464";
"Деловой центр";"Солнцевская линия";"2022";"II квартал";"1168660";"1189643";"2375902465";
"Парк Победы";"Солнцевская линия";"2022";"II квартал";"380570";"395087";"2375902466";
"Минская";"Солнцевская линия";"2022";"II квартал";"590119";"606832";"2375902467";
"Ломоносовский проспект";"Солнцевская линия";"2022";"II квартал";"1124257";"1133217";"2375902468";
"Раменки";"Солнцевская линия";"2022";"II квартал";"1496458";"1484391";"2375902469";
"Мичуринский проспект";"Солнцевская линия";"2022";"II квартал";"239642";"241263";"2375902470";
"Озёрная";"Солнцевская линия";"2022";"II квартал";"1418909";"1401908";"2375902471";
"Говорово";"Солнцевская линия";"2022";"II квартал";"1134681";"1088089";"2375902474";
"Солнцево";"Солнцевская линия";"2022";"II квартал";"1493638";"1431331";"2375902475";
"Боровское шоссе";"Солнцевская линия";"2022";"II квартал";"456724";"428207";"2375902476";
"Новопеределкино";"Солнцевская линия";"2022";"II квартал";"1394284";"1332082";"2375902477";
"Рассказовка";"Солнцевская линия";"2022";"II квартал";"1822459";"1725546";"2375902478";
"Планерная";"Таганско-Краснопресненская линия";"2022";"II квартал";"3568751";"3427799";"2375902479";
"Сходненская";"Таганско-Краснопресненская линия";"2022";"II квартал";"4218973";"4140763";"2375902480";
"Тушинская";"Таганско-Краснопресненская линия";"2022";"II квартал";"3998819";"3819480";"2375902481";
"Спартак";"Таганско-Краснопресненская линия";"2022";"II квартал";"439349";"432840";"2375902482";
"Щукинская";"Таганско-Краснопресненская линия";"2022";"II квартал";"3557139";"3557125";"2375902483";
"Октябрьское поле";"Таганско-Краснопресненская линия";"2022";"II квартал";"3399829";"3470650";"2375902484";
"Полежаевская";"Таганско-Краснопресненская линия";"2022";"II квартал";"2620549";"2685440";"2375902486";
"Беговая";"Таганско-Краснопресненская линия";"2022";"II квартал";"3484538";"3512973";"2375902487";
"Улица 1905 года";"Таганско-Краснопресненская линия";"2022";"II квартал";"3759315";"3933127";"2375902488";
"Баррикадная";"Таганско-Краснопресненская линия";"2022";"II квартал";"2116529";"2176969";"2375902489";
"Пушкинская";"Таганско-Краснопресненская линия";"2022";"II квартал";"3771960";"3980669";"2375902490";
"Кузнецкий мост";"Таганско-Краснопресненская линия";"2022";"II квартал";"1933566";"2055979";"2375902491";
"Таганская";"Таганско-Краснопресненская линия";"2022";"II квартал";"1192505";"1243184";"2375902493";
"Пролетарская";"Таганско-Краснопресненская линия";"2022";"II квартал";"2683725";"2720442";"2375902494";
"Волгоградский проспект";"Таганско-Краснопресненская линия";"2022";"II квартал";"1793631";"1834714";"2375902495";
"Текстильщики";"Таганско-Краснопресненская линия";"2022";"II квартал";"4824701";"4777353";"2375902496";
"Кузьминки";"Таганско-Краснопресненская линия";"2022";"II квартал";"5104386";"5068662";"2375902497";
"Рязанский проспект";"Таганско-Краснопресненская линия";"2022";"II квартал";"2829114";"2830688";"2375902498";
"Выхино";"Таганско-Краснопресненская линия";"2022";"II квартал";"5623477";"5397416";"2375902499";
"Лермонтовский проспект";"Таганско-Краснопресненская линия";"2022";"II квартал";"1732279";"1650390";"2375902500";
"Жулебино";"Таганско-Краснопресненская линия";"2022";"II квартал";"2124912";"2046361";"2375902502";
"Котельники";"Таганско-Краснопресненская линия";"2022";"II квартал";"4568423";"4064697";"2375902504";
"Пионерская";"Филёвская линия";"2022";"II квартал";"525958";"506691";"2375902506";
"Филёвский парк";"Филёвская линия";"2022";"II квартал";"773047";"755377";"2375902507";
"Багратионовская";"Филёвская линия";"2022";"II квартал";"1327874";"1331659";"2375902508";
"Фили";"Филёвская линия";"2022";"II квартал";"1489315";"1487407";"2375902509";
"Кутузовская";"Филёвская линия";"2022";"II квартал";"617215";"660396";"2375902510";
"Студенческая";"Филёвская линия";"2022";"II квартал";"541602";"556324";"2375902511";
"Смоленская";"Филёвская линия";"2022";"II квартал";"752285";"777083";"2375902513";
"Арбатская";"Филёвская линия";"2022";"II квартал";"504187";"489962";"2375902514";
"Александровский сад";"Филёвская линия";"2022";"II квартал";"1484135";"1494307";"2375902515";
"Москва-Сити";"Филёвская линия";"2022";"II квартал";"592216";"614634";"2375902516";
"Деловой центр";"Филёвская линия";"2022";"II квартал";"1344456";"1368929";"2375902517";
"Кунцевская";"Арбатско-Покровская линия";"2022";"II квартал";"1069272";"1083970";"2375914416";
"Парк Победы";"Арбатско-Покровская линия";"2022";"II квартал";"1415414";"1393910";"2375914617";
"Смоленская";"Арбатско-Покровская линия";"2022";"II квартал";"2196608";"2298545";"2375914665";
"Арбатская";"Арбатско-Покровская линия";"2022";"II квартал";"2325115";"2451093";"2375914667";
"Курская";"Арбатско-Покровская линия";"2022";"II квартал";"1849593";"1910668";"2375914669";
"Савёловская";"Большая кольцевая линия";"2022";"II квартал";"1076781";"1094823";"2375915211";
"Петровский парк";"Большая кольцевая линия";"2022";"II квартал";"949029";"986490";"2375915270";
"Шелепиха";"Большая кольцевая линия";"2022";"II квартал";"893780";"930464";"2375915379";
"Деловой центр";"Большая кольцевая линия";"2022";"II квартал";"1396662";"1420461";"2375915398";
"Лефортово";"Некрасовская линия";"2022";"II квартал";"588788";"588697";"2375915456";
"Мичуринский проспект";"Большая кольцевая линия";"2022";"II квартал";"687813";"689982";"2375915582";
"Авиамоторная";"Калининская линия";"2022";"II квартал";"3556366";"3712755";"2375915691";
"Третьяковская";"Калининская линия";"2022";"II квартал";"2490436";"2622460";"2375915703";
"Проспект Мира";"Калужско-Рижская линия";"2022";"II квартал";"1969544";"2041473";"2375917131";
"Третьяковская";"Калужско-Рижская линия";"2022";"II квартал";"0";"0";"2375917143";
"Киевская";"Кольцевая линия";"2022";"II квартал";"3123029";"3093274";"2375917184";
"Белорусская";"Кольцевая линия";"2022";"II квартал";"4065395";"3862320";"2375917197";
"Комсомольская";"Кольцевая линия";"2022";"II квартал";"8542064";"7093586";"2375917199";
"Таганская";"Кольцевая линия";"2022";"II квартал";"2299836";"2390524";"2375917300";
"Павелецкая";"Кольцевая линия";"2022";"II квартал";"3657889";"3806756";"2375917477";
"Октябрьская";"Кольцевая линия";"2022";"II квартал";"2377527";"2481524";"2375917728";
"Парк культуры";"Кольцевая линия";"2022";"II квартал";"3166336";"3310927";"2375917744";
"Тимирязевская";"Московская монорельсовая транспортная система";"2022";"II квартал";"62493";"51622";"2375917748";
"Окружная";"Московское центральное кольцо";"2022";"II квартал";"1357222";"1360214";"2375917749";
"Владыкино";"Московское центральное кольцо";"2022";"II квартал";"695345";"907711";"2375917750";
"Ботанический сад";"Московское центральное кольцо";"2022";"II квартал";"993082";"1215818";"2375917751";
"Бульвар Рокоссовского";"Московское центральное кольцо";"2022";"II квартал";"870097";"906486";"2375917755";
"Шоссе Энтузиастов";"Московское центральное кольцо";"2022";"II квартал";"657943";"740758";"2375917756";
"Нижегородская";"Московское центральное кольцо";"2022";"II квартал";"1814265";"1949267";"2375917765";
"Дубровка";"Московское центральное кольцо";"2022";"II квартал";"767673";"820551";"2375917825";
"Автозаводская";"Московское центральное кольцо";"2022";"II квартал";"502102";"571738";"2375917868";
"Кутузовская";"Московское центральное кольцо";"2022";"II квартал";"1587123";"1732014";"2375917905";
"Москва-Сити";"Московское центральное кольцо";"2022";"II квартал";"1387139";"1499574";"2375917946";
"Сокольники";"Сокольническая линия";"2022";"II квартал";"2381771";"2416243";"2375917991";
"Петровско-Разумовская";"Серпуховско-Тимирязевская линия";"2022";"II квартал";"0";"0";"2375918034";
"Проспект Вернадского";"Сокольническая линия";"2022";"II квартал";"2297854";"2314370";"2375918405";
"Китай-город";"Таганско-Краснопресненская линия";"2022";"II квартал";"0";"0";"2375918449";
"Кунцевская";"Филёвская линия";"2022";"II квартал";"581829";"566595";"2375918593";
"Киевская";"Филёвская линия";"2022";"II квартал";"0";"0";"2375918806";
"Пятницкое шоссе";"Арбатско-Покровская линия";"2022";"III квартал";"1526574";"1445736";"2389473433";
"Митино";"Арбатско-Покровская линия";"2022";"III квартал";"2009371";"1929109";"2389473434";
"Кунцевская";"Большая кольцевая линия";"2022";"III квартал";"1032029";"1028662";"2389473435";
"Волоколамская";"Арбатско-Покровская линия";"2022";"III квартал";"1505827";"1469545";"2389473553";
"Мякинино";"Арбатско-Покровская линия";"2022";"III квартал";"1405776";"1367384";"2389473554";
"Строгино";"Арбатско-Покровская линия";"2022";"III квартал";"2515082";"2488709";"2389473555";
"Крылатское";"Арбатско-Покровская линия";"2022";"III квартал";"2143615";"2120851";"2389473556";
"Молодёжная";"Арбатско-Покровская линия";"2022";"III квартал";"3852508";"3810934";"2389473557";
"Славянский бульвар";"Арбатско-Покровская линия";"2022";"III квартал";"4678969";"4571330";"2389473560";
"Киевская";"Арбатско-Покровская линия";"2022";"III квартал";"3736401";"3353081";"2389473562";
"Площадь Революции";"Арбатско-Покровская линия";"2022";"III квартал";"3251454";"3224295";"2389473565";
"Бауманская";"Арбатско-Покровская линия";"2022";"III квартал";"4259955";"4486711";"2389473567";
"Электрозаводская";"Арбатско-Покровская линия";"2022";"III квартал";"2814950";"3033474";"2389473568";
"Семёновская";"Арбатско-Покровская линия";"2022";"III квартал";"2414433";"2498393";"2389473569";
"Партизанская";"Арбатско-Покровская линия";"2022";"III квартал";"1774348";"1679955";"2389473570";
"Измайловская";"Арбатско-Покровская линия";"2022";"III квартал";"1501327";"1504664";"2389473571";
"Первомайская";"Арбатско-Покровская линия";"2022";"III квартал";"2813857";"2798686";"2389473572";
"Щёлковская";"Арбатско-Покровская линия";"2022";"III квартал";"6390495";"6021717";"2389473573";
"ЦСКА";"Большая кольцевая линия";"2022";"III квартал";"2535809";"2612432";"2389473576";
"Хорошёвская";"Большая кольцевая линия";"2022";"III квартал";"752712";"775165";"2389473577";
"Народное Ополчение";"Большая кольцевая линия";"2022";"III квартал";"1492783";"1499812";"2389473580";
"Мнёвники";"Большая кольцевая линия";"2022";"III квартал";"70343";"66298";"2389473581";
"Авиамоторная";"Некрасовская линия";"2022";"III квартал";"582950";"581998";"2389473582";
"Терехово";"Большая кольцевая линия";"2022";"III квартал";"315916";"337974";"2389473585";
"Давыдково";"Большая кольцевая линия";"2022";"III квартал";"820787";"828269";"2389473587";
"Аминьевская";"Большая кольцевая линия";"2022";"III квартал";"980843";"971577";"2389473588";
"Проспект Вернадского";"Большая кольцевая линия";"2022";"III квартал";"410903";"417446";"2389473591";
"Новаторская";"Большая кольцевая линия";"2022";"III квартал";"940037";"945099";"2389473592";
"Воронцовская";"Большая кольцевая линия";"2022";"III квартал";"582467";"609937";"2389473593";
"Зюзино";"Большая кольцевая линия";"2022";"III квартал";"1269052";"1269013";"2389473594";
"Каховская";"Большая кольцевая линия";"2022";"III квартал";"1390213";"1430073";"2389473595";
"Ховрино";"Замоскворецкая линия";"2022";"III квартал";"3806751";"3439687";"2389473603";
"Беломорская";"Замоскворецкая линия";"2022";"III квартал";"2400926";"2282201";"2389473604";
"Речной вокзал";"Замоскворецкая линия";"2022";"III квартал";"2347377";"2281021";"2389473605";
"Водный стадион";"Замоскворецкая линия";"2022";"III квартал";"3262948";"3266024";"2389473606";
"Войковская";"Замоскворецкая линия";"2022";"III квартал";"3703605";"3747020";"2389473607";
"Сокол";"Замоскворецкая линия";"2022";"III квартал";"2742379";"2799314";"2389473608";
"Аэропорт";"Замоскворецкая линия";"2022";"III квартал";"2759169";"2828739";"2389473609";
"Динамо";"Замоскворецкая линия";"2022";"III квартал";"2416479";"2487168";"2389473610";
"Белорусская";"Замоскворецкая линия";"2022";"III квартал";"2260731";"2242850";"2389473611";
"Маяковская";"Замоскворецкая линия";"2022";"III квартал";"2660259";"2793181";"2389473612";
"Тверская";"Замоскворецкая линия";"2022";"III квартал";"0";"0";"2389473613";
"Театральная";"Замоскворецкая линия";"2022";"III квартал";"0";"0";"2389473614";
"Новокузнецкая";"Замоскворецкая линия";"2022";"III квартал";"2417704";"2581917";"2389473615";
"Павелецкая";"Замоскворецкая линия";"2022";"III квартал";"3067211";"2508092";"2389473616";
"Автозаводская";"Замоскворецкая линия";"2022";"III квартал";"2987872";"3201000";"2389473617";
"Технопарк";"Замоскворецкая линия";"2022";"III квартал";"1677279";"1705799";"2389473618";
"Коломенская";"Замоскворецкая линия";"2022";"III квартал";"4071215";"4106636";"2389473619";
"Каширская";"Замоскворецкая линия";"2022";"III квартал";"2174192";"2217401";"2389473620";
"Кантемировская";"Замоскворецкая линия";"2022";"III квартал";"2935330";"2906449";"2389473621";
"Царицыно";"Замоскворецкая линия";"2022";"III квартал";"5318355";"5074044";"2389473622";
"Орехово";"Замоскворецкая линия";"2022";"III квартал";"1632164";"1550800";"2389473623";
"Домодедовская";"Замоскворецкая линия";"2022";"III квартал";"5393501";"4947968";"2389473624";
"Красногвардейская";"Замоскворецкая линия";"2022";"III квартал";"1430629";"1412372";"2389473626";
"Алма-Атинская";"Замоскворецкая линия";"2022";"III квартал";"1152212";"1117108";"2389473627";
"Новокосино";"Калининская линия";"2022";"III квартал";"5115569";"4931771";"2389473628";
"Новогиреево";"Калининская линия";"2022";"III квартал";"5717017";"5544079";"2389473629";
"Перово";"Калининская линия";"2022";"III квартал";"3302025";"3292826";"2389473630";
"Шоссе Энтузиастов";"Калининская линия";"2022";"III квартал";"1753325";"1898160";"2389473631";
"Площадь Ильича";"Калининская линия";"2022";"III квартал";"1606170";"1620061";"2389473633";
"Марксистская";"Калининская линия";"2022";"III квартал";"1859478";"1954332";"2389473634";
"Медведково";"Калужско-Рижская линия";"2022";"III квартал";"4397492";"4240594";"2389473636";
"Бабушкинская";"Калужско-Рижская линия";"2022";"III квартал";"3893149";"3879987";"2389473637";
"Свиблово";"Калужско-Рижская линия";"2022";"III квартал";"1939938";"1949665";"2389473638";
"Ботанический сад";"Калужско-Рижская линия";"2022";"III квартал";"1462321";"1671749";"2389473639";
"ВДНХ";"Калужско-Рижская линия";"2022";"III квартал";"6504395";"6104350";"2389473640";
"Алексеевская";"Калужско-Рижская линия";"2022";"III квартал";"2625051";"2710640";"2389473641";
"Рижская";"Калужско-Рижская линия";"2022";"III квартал";"1011163";"1016305";"2389473642";
"Сухаревская";"Калужско-Рижская линия";"2022";"III квартал";"1638251";"1746388";"2389473644";
"Тургеневская";"Калужско-Рижская линия";"2022";"III квартал";"1492616";"1602756";"2389473645";
"Китай-город";"Калужско-Рижская линия";"2022";"III квартал";"5124726";"5314589";"2389473646";
"Октябрьская";"Калужско-Рижская линия";"2022";"III квартал";"1042410";"1101630";"2389473648";
"Шаболовская";"Калужско-Рижская линия";"2022";"III квартал";"2119423";"2252609";"2389473649";
"Ленинский проспект";"Калужско-Рижская линия";"2022";"III квартал";"2991589";"3492919";"2389473650";
"Академическая";"Калужско-Рижская линия";"2022";"III квартал";"2708886";"2750742";"2389473651";
"Профсоюзная";"Калужско-Рижская линия";"2022";"III квартал";"2515166";"2592495";"2389473652";
"Новые Черёмушки";"Калужско-Рижская линия";"2022";"III квартал";"2902454";"2979622";"2389473653";
"Калужская";"Калужско-Рижская линия";"2022";"III квартал";"2642777";"2766666";"2389473654";
"Беляево";"Калужско-Рижская линия";"2022";"III квартал";"2971852";"3024333";"2389473655";
"Коньково";"Калужско-Рижская линия";"2022";"III квартал";"2175260";"2173626";"2389473656";
"Тёплый стан";"Калужско-Рижская линия";"2022";"III квартал";"5218770";"5124339";"2389473657";
"Ясенево";"Калужско-Рижская линия";"2022";"III квартал";"2424630";"2387246";"2389473658";
"Новоясеневская";"Калужско-Рижская линия";"2022";"III квартал";"519468";"498436";"2389473660";
"Краснопресненская";"Кольцевая линия";"2022";"III квартал";"1975172";"1990348";"2389473662";
"Новослободская";"Кольцевая линия";"2022";"III квартал";"2068303";"2214745";"2389473664";
"Проспект Мира";"Кольцевая линия";"2022";"III квартал";"1973715";"2057133";"2389473665";
"Курская";"Кольцевая линия";"2022";"III квартал";"2695032";"2436774";"2389473667";
"Добрынинская";"Кольцевая линия";"2022";"III квартал";"1703484";"1793110";"2389473670";
"Селигерская";"Люблинско-Дмитровская линия";"2022";"III квартал";"3687445";"3611296";"2389473673";
"Верхние Лихоборы";"Люблинско-Дмитровская линия";"2022";"III квартал";"1077152";"1066570";"2389473674";
"Окружная";"Люблинско-Дмитровская линия";"2022";"III квартал";"545591";"533577";"2389473675";
"Петровско-Разумовская";"Люблинско-Дмитровская линия";"2022";"III квартал";"1730076";"1701625";"2389473676";
"Фонвизинская";"Люблинско-Дмитровская линия";"2022";"III квартал";"1152725";"1147367";"2389473677";
"Бутырская";"Люблинско-Дмитровская линия";"2022";"III квартал";"1152530";"1200163";"2389473678";
"Марьина Роща";"Люблинско-Дмитровская линия";"2022";"III квартал";"2242344";"2315359";"2389473679";
"Достоевская";"Люблинско-Дмитровская линия";"2022";"III квартал";"963267";"1011068";"2389473680";
"Трубная";"Люблинско-Дмитровская линия";"2022";"III квартал";"1328597";"1420391";"2389473681";
"Сретенский бульвар";"Люблинско-Дмитровская линия";"2022";"III квартал";"675236";"729581";"2389473682";
"Чкаловская";"Люблинско-Дмитровская линия";"2022";"III квартал";"3837027";"3705107";"2389473683";
"Римская";"Люблинско-Дмитровская линия";"2022";"III квартал";"1466490";"1490885";"2389473684";
"Крестьянская застава";"Люблинско-Дмитровская линия";"2022";"III квартал";"638145";"675543";"2389473685";
"Дубровка";"Люблинско-Дмитровская линия";"2022";"III квартал";"1495683";"1595134";"2389473686";
"Кожуховская";"Люблинско-Дмитровская линия";"2022";"III квартал";"1835344";"1931927";"2389473687";
"Печатники";"Люблинско-Дмитровская линия";"2022";"III квартал";"1755715";"1767263";"2389473688";
"Волжская";"Люблинско-Дмитровская линия";"2022";"III квартал";"1324124";"1343464";"2389473689";
"Люблино";"Люблинско-Дмитровская линия";"2022";"III квартал";"3722702";"3594765";"2389473690";
"Братиславская";"Люблинско-Дмитровская линия";"2022";"III квартал";"3108297";"3107537";"2389473691";
"Марьино";"Люблинско-Дмитровская линия";"2022";"III квартал";"2573108";"2551683";"2389473692";
"Борисово";"Люблинско-Дмитровская линия";"2022";"III квартал";"968316";"956597";"2389473693";
"Шипиловская";"Люблинско-Дмитровская линия";"2022";"III квартал";"1107180";"1107882";"2389473695";
"Зябликово";"Люблинско-Дмитровская линия";"2022";"III квартал";"819796";"819128";"2389473696";
"Улица Сергея Эйзенштейна";"Московская монорельсовая транспортная система";"2022";"III квартал";"22833";"18813";"2389473697";
"Выставочный центр";"Московская монорельсовая транспортная система";"2022";"III квартал";"93653";"79900";"2389473698";
"Улица Академика Королёва";"Московская монорельсовая транспортная система";"2022";"III квартал";"13167";"11949";"2389473699";
"Телецентр";"Московская монорельсовая транспортная система";"2022";"III квартал";"30848";"27495";"2389473700";
"Улица Милашенкова";"Московская монорельсовая транспортная система";"2022";"III квартал";"17000";"15106";"2389473701";
"Лихоборы";"Московское центральное кольцо";"2022";"III квартал";"970982";"986826";"2389473703";
"Ростокино";"Московское центральное кольцо";"2022";"III квартал";"2732818";"2745701";"2389473707";
"Белокаменная";"Московское центральное кольцо";"2022";"III квартал";"113583";"117606";"2389473708";
"Локомотив";"Московское центральное кольцо";"2022";"III квартал";"1007867";"1039225";"2389473710";
"Измайлово";"Московское центральное кольцо";"2022";"III квартал";"855143";"925935";"2389473711";
"Соколиная Гора";"Московское центральное кольцо";"2022";"III квартал";"535827";"565613";"2389473712";
"Андроновка";"Московское центральное кольцо";"2022";"III квартал";"636275";"640631";"2389473714";
"Новохохловская";"Московское центральное кольцо";"2022";"III квартал";"654601";"681149";"2389473716";
"Угрешская";"Московское центральное кольцо";"2022";"III квартал";"449030";"482830";"2389473717";
"ЗИЛ";"Московское центральное кольцо";"2022";"III квартал";"759517";"806275";"2389473720";
"Верхние Котлы";"Московское центральное кольцо";"2022";"III квартал";"1539403";"1601724";"2389473721";
"Крымская";"Московское центральное кольцо";"2022";"III квартал";"870946";"917168";"2389473722";
"Площадь Гагарина";"Московское центральное кольцо";"2022";"III квартал";"1037278";"1315366";"2389473723";
"Лужники";"Московское центральное кольцо";"2022";"III квартал";"878897";"1019414";"2389473724";
"Шелепиха";"Московское центральное кольцо";"2022";"III квартал";"667600";"731084";"2389473728";
"Хорошёво";"Московское центральное кольцо";"2022";"III квартал";"636768";"681220";"2389473729";
"Зорге";"Московское центральное кольцо";"2022";"III квартал";"434901";"459490";"2389473730";
"Панфиловская";"Московское центральное кольцо";"2022";"III квартал";"543127";"579473";"2389473731";
"Стрешнево";"Московское центральное кольцо";"2022";"III квартал";"1334027";"1379071";"2389473732";
"Балтийская";"Московское центральное кольцо";"2022";"III квартал";"979932";"1073158";"2389473733";
"Коптево";"Московское центральное кольцо";"2022";"III квартал";"1280333";"1340436";"2389473734";
"Нижегородская";"Некрасовская линия";"2022";"III квартал";"1021546";"1311305";"2389473735";
"Стахановская";"Некрасовская линия";"2022";"III квартал";"555843";"500451";"2389473736";
"Окская";"Некрасовская линия";"2022";"III квартал";"581213";"570548";"2389473737";
"Юго-Восточная";"Некрасовская линия";"2022";"III квартал";"934115";"901220";"2389473738";
"Косино";"Некрасовская линия";"2022";"III квартал";"431165";"401007";"2389473739";
"Улица Дмитриевского";"Некрасовская линия";"2022";"III квартал";"769583";"751315";"2389473740";
"Лухмановская";"Некрасовская линия";"2022";"III квартал";"1352225";"1281109";"2389473741";
"Некрасовка";"Некрасовская линия";"2022";"III квартал";"4516515";"4288530";"2389473742";
"Алтуфьево";"Серпуховско-Тимирязевская линия";"2022";"III квартал";"3695698";"3588861";"2389473743";
"Бибирево";"Серпуховско-Тимирязевская линия";"2022";"III квартал";"2309399";"2317697";"2389473744";
"Отрадное";"Серпуховско-Тимирязевская линия";"2022";"III квартал";"3895859";"3931865";"2389473745";
"Владыкино";"Серпуховско-Тимирязевская линия";"2022";"III квартал";"1348830";"1600751";"2389473746";
"Тимирязевская";"Серпуховско-Тимирязевская линия";"2022";"III квартал";"1669650";"1629355";"2389473748";
"Дмитровская";"Серпуховско-Тимирязевская линия";"2022";"III квартал";"2812673";"2899901";"2389473749";
"Савёловская";"Серпуховско-Тимирязевская линия";"2022";"III квартал";"3780482";"3752785";"2389473750";
"Менделеевская";"Серпуховско-Тимирязевская линия";"2022";"III квартал";"1967230";"2109529";"2389473751";
"Цветной бульвар";"Серпуховско-Тимирязевская линия";"2022";"III квартал";"1825921";"1937625";"2389473752";
"Чеховская";"Серпуховско-Тимирязевская линия";"2022";"III квартал";"1712633";"1844117";"2389473753";
"Боровицкая";"Серпуховско-Тимирязевская линия";"2022";"III квартал";"554564";"589472";"2389473754";
"Полянка";"Серпуховско-Тимирязевская линия";"2022";"III квартал";"1335086";"1426029";"2389473755";
"Серпуховская";"Серпуховско-Тимирязевская линия";"2022";"III квартал";"1638317";"1740165";"2389473756";
"Тульская";"Серпуховско-Тимирязевская линия";"2022";"III квартал";"2731699";"2866195";"2389473757";
"Нагатинская";"Серпуховско-Тимирязевская линия";"2022";"III квартал";"3309546";"3398822";"2389473758";
"Нагорная";"Серпуховско-Тимирязевская линия";"2022";"III квартал";"1327848";"1372531";"2389473759";
"Нахимовский проспект";"Серпуховско-Тимирязевская линия";"2022";"III квартал";"1775406";"1810077";"2389473760";
"Севастопольская";"Серпуховско-Тимирязевская линия";"2022";"III квартал";"834025";"856555";"2389473761";
"Чертановская";"Серпуховско-Тимирязевская линия";"2022";"III квартал";"2583089";"2587103";"2389473762";
"Южная";"Серпуховско-Тимирязевская линия";"2022";"III квартал";"1833873";"1838557";"2389473763";
"Пражская";"Серпуховско-Тимирязевская линия";"2022";"III квартал";"3902867";"3925916";"2389473764";
"Улица академика Янгеля";"Серпуховско-Тимирязевская линия";"2022";"III квартал";"2169127";"2120711";"2389473765";
"Аннино";"Серпуховско-Тимирязевская линия";"2022";"III квартал";"2181143";"1995961";"2389473767";
"Бульвар Дмитрия Донского";"Серпуховско-Тимирязевская линия";"2022";"III квартал";"4561409";"4410874";"2389473768";
"Бульвар Рокоссовского";"Сокольническая линия";"2022";"III квартал";"1956493";"1947950";"2389473769";
"Черкизовская";"Сокольническая линия";"2022";"III квартал";"1641347";"1401007";"2389473770";
"Преображенская площадь";"Сокольническая линия";"2022";"III квартал";"3558582";"3623875";"2389473771";
"Красносельская";"Сокольническая линия";"2022";"III квартал";"1785035";"1843688";"2389473773";
"Комсомольская";"Сокольническая линия";"2022";"III квартал";"2773757";"2212298";"2389473774";
"Красные ворота";"Сокольническая линия";"2022";"III квартал";"1975931";"2059308";"2389473775";
"Чистые пруды";"Сокольническая линия";"2022";"III квартал";"1617901";"1698165";"2389473776";
"Лубянка";"Сокольническая линия";"2022";"III квартал";"2197379";"2251238";"2389473777";
"Охотный ряд";"Сокольническая линия";"2022";"III квартал";"3918387";"3872857";"2389473778";
"Библиотека имени Ленина";"Сокольническая линия";"2022";"III квартал";"0";"0";"2389473779";
"Кропоткинская";"Сокольническая линия";"2022";"III квартал";"2004307";"2106761";"2389473780";
"Парк культуры";"Сокольническая линия";"2022";"III квартал";"523254";"552948";"2389473781";
"Фрунзенская";"Сокольническая линия";"2022";"III квартал";"2107337";"2229131";"2389473782";
"Спортивная";"Сокольническая линия";"2022";"III квартал";"1684889";"1871633";"2389473783";
"Воробьёвы горы";"Сокольническая линия";"2022";"III квартал";"1106056";"1063181";"2389473784";
"Университет";"Сокольническая линия";"2022";"III квартал";"2415932";"2454507";"2389473785";
"Юго-Западная";"Сокольническая линия";"2022";"III квартал";"4057474";"4086248";"2389473787";
"Тропарёво";"Сокольническая линия";"2022";"III квартал";"1494432";"1462095";"2389473788";
"Румянцево";"Сокольническая линия";"2022";"III квартал";"922303";"938603";"2389473789";
"Саларьево";"Сокольническая линия";"2022";"III квартал";"3610632";"3198875";"2389473790";
"Филатов луг";"Сокольническая линия";"2022";"III квартал";"1184861";"1140010";"2389473791";
"Прокшино";"Сокольническая линия";"2022";"III квартал";"579900";"565779";"2389473792";
"Ольховая";"Сокольническая линия";"2022";"III квартал";"741148";"703616";"2389473793";
"Новомосковская";"Сокольническая линия";"2022";"III квартал";"1265843";"1247092";"2389473794";
"Деловой центр";"Солнцевская линия";"2022";"III квартал";"1269169";"1285203";"2389473795";
"Парк Победы";"Солнцевская линия";"2022";"III квартал";"378068";"400485";"2389473796";
"Минская";"Солнцевская линия";"2022";"III квартал";"542764";"556678";"2389473797";
"Ломоносовский проспект";"Солнцевская линия";"2022";"III квартал";"1046233";"1060750";"2389473798";
"Раменки";"Солнцевская линия";"2022";"III квартал";"1371034";"1374429";"2389473799";
"Мичуринский проспект";"Солнцевская линия";"2022";"III квартал";"230642";"235135";"2389473800";
"Озёрная";"Солнцевская линия";"2022";"III квартал";"1390778";"1380091";"2389473801";
"Говорово";"Солнцевская линия";"2022";"III квартал";"1104731";"1063264";"2389473802";
"Солнцево";"Солнцевская линия";"2022";"III квартал";"1447831";"1397502";"2389473804";
"Боровское шоссе";"Солнцевская линия";"2022";"III квартал";"443828";"419560";"2389473805";
"Новопеределкино";"Солнцевская линия";"2022";"III квартал";"1336282";"1280707";"2389473806";
"Рассказовка";"Солнцевская линия";"2022";"III квартал";"1803784";"1714208";"2389473807";
"Планерная";"Таганско-Краснопресненская линия";"2022";"III квартал";"3457717";"3324314";"2389473808";
"Сходненская";"Таганско-Краснопресненская линия";"2022";"III квартал";"4013514";"3957843";"2389473809";
"Тушинская";"Таганско-Краснопресненская линия";"2022";"III квартал";"3873740";"3688267";"2389473810";
"Спартак";"Таганско-Краснопресненская линия";"2022";"III квартал";"495560";"486001";"2389473811";
"Щукинская";"Таганско-Краснопресненская линия";"2022";"III квартал";"3414033";"3424522";"2389473812";
"Октябрьское поле";"Таганско-Краснопресненская линия";"2022";"III квартал";"3201573";"3283240";"2389473813";
"Полежаевская";"Таганско-Краснопресненская линия";"2022";"III квартал";"2539929";"2616904";"2389473814";
"Беговая";"Таганско-Краснопресненская линия";"2022";"III квартал";"3396415";"3427078";"2389473815";
"Улица 1905 года";"Таганско-Краснопресненская линия";"2022";"III квартал";"3588638";"3783737";"2389473816";
"Баррикадная";"Таганско-Краснопресненская линия";"2022";"III квартал";"1982838";"2018863";"2389473817";
"Пушкинская";"Таганско-Краснопресненская линия";"2022";"III квартал";"3697466";"3923026";"2389473818";
"Кузнецкий мост";"Таганско-Краснопресненская линия";"2022";"III квартал";"1806057";"1935659";"2389473819";
"Таганская";"Таганско-Краснопресненская линия";"2022";"III квартал";"1129892";"1180414";"2389473821";
"Пролетарская";"Таганско-Краснопресненская линия";"2022";"III квартал";"2533086";"2576770";"2389473822";
"Волгоградский проспект";"Таганско-Краснопресненская линия";"2022";"III квартал";"1745865";"1797071";"2389473823";
"Текстильщики";"Таганско-Краснопресненская линия";"2022";"III квартал";"4615725";"4585275";"2389473824";
"Кузьминки";"Таганско-Краснопресненская линия";"2022";"III квартал";"4811705";"4786095";"2389473825";
"Рязанский проспект";"Таганско-Краснопресненская линия";"2022";"III квартал";"2728431";"2741752";"2389473826";
"Выхино";"Таганско-Краснопресненская линия";"2022";"III квартал";"5630758";"5360017";"2389473827";
"Лермонтовский проспект";"Таганско-Краснопресненская линия";"2022";"III квартал";"1695056";"1619431";"2389473828";
"Жулебино";"Таганско-Краснопресненская линия";"2022";"III квартал";"2068920";"2004063";"2389473829";
"Котельники";"Таганско-Краснопресненская линия";"2022";"III квартал";"4811888";"4240706";"2389473830";
"Пионерская";"Филёвская линия";"2022";"III квартал";"498590";"484814";"2389473832";
"Филёвский парк";"Филёвская линия";"2022";"III квартал";"735789";"720246";"2389473833";
"Багратионовская";"Филёвская линия";"2022";"III квартал";"1293563";"1305797";"2389473834";
"Фили";"Филёвская линия";"2022";"III квартал";"1445115";"1451784";"2389473835";
"Кутузовская";"Филёвская линия";"2022";"III квартал";"582830";"631383";"2389473836";
"Студенческая";"Филёвская линия";"2022";"III квартал";"503036";"517518";"2389473837";
"Смоленская";"Филёвская линия";"2022";"III квартал";"713222";"740092";"2389473840";
"Арбатская";"Филёвская линия";"2022";"III квартал";"507830";"488482";"2389473841";
"Александровский сад";"Филёвская линия";"2022";"III квартал";"1473992";"1480073";"2389473842";
"Москва-Сити";"Филёвская линия";"2022";"III квартал";"590517";"616793";"2389473843";
"Деловой центр";"Филёвская линия";"2022";"III квартал";"1416179";"1435514";"2389473844";
"Кунцевская";"Арбатско-Покровская линия";"2022";"III квартал";"1015551";"1038237";"2389507321";
"Парк Победы";"Арбатско-Покровская линия";"2022";"III квартал";"1392254";"1371776";"2389507329";
"Смоленская";"Арбатско-Покровская линия";"2022";"III квартал";"2193600";"2297637";"2389510455";
"Арбатская";"Арбатско-Покровская линия";"2022";"III квартал";"2119890";"2247800";"2389510456";
"Курская";"Арбатско-Покровская линия";"2022";"III квартал";"1732837";"1800602";"2389510457";
"Савёловская";"Большая кольцевая линия";"2022";"III квартал";"756063";"767987";"2389510458";
"Петровский парк";"Большая кольцевая линия";"2022";"III квартал";"883729";"919405";"2389510459";
"Шелепиха";"Большая кольцевая линия";"2022";"III квартал";"846634";"878708";"2389510460";
"Деловой центр";"Большая кольцевая линия";"2022";"III квартал";"1315469";"1336208";"2389510461";
"Лефортово";"Некрасовская линия";"2022";"III квартал";"562076";"562123";"2389510462";
"Электрозаводская";"Некрасовская линия";"2022";"III квартал";"776278";"773968";"2389510463";
"Мичуринский проспект";"Большая кольцевая линия";"2022";"III квартал";"693090";"702360";"2389510464";
"Битцевский парк";"Бутовская линия";"2022";"III квартал";"287992";"205527";"2389510465";
"Лесопарковая";"Бутовская линия";"2022";"III квартал";"634458";"602966";"2389510466";
"Улица Старокачаловская";"Бутовская линия";"2022";"III квартал";"0";"0";"2389510467";
"Улица Скобелевская";"Бутовская линия";"2022";"III квартал";"1499048";"1445342";"2389510468";
"Бульвар адмирала Ушакова";"Бутовская линия";"2022";"III квартал";"850030";"841608";"2389510469";
"Улица Горчакова";"Бутовская линия";"2022";"III квартал";"763959";"749332";"2389510470";
"Бунинская аллея";"Бутовская линия";"2022";"III квартал";"1703934";"1667717";"2389510471";
"Авиамоторная";"Калининская линия";"2022";"III квартал";"3400258";"3570615";"2389510472";
"Третьяковская";"Калининская линия";"2022";"III квартал";"2423817";"2568229";"2389510473";
"Проспект Мира";"Калужско-Рижская линия";"2022";"III квартал";"1754623";"1839187";"2389510474";
"Третьяковская";"Калужско-Рижская линия";"2022";"III квартал";"0";"0";"2389510475";
"Киевская";"Кольцевая линия";"2022";"III квартал";"3152625";"3070193";"2389510476";
"Белорусская";"Кольцевая линия";"2022";"III квартал";"4036840";"3738250";"2389510477";
"Комсомольская";"Кольцевая линия";"2022";"III квартал";"8461732";"6782754";"2389510478";
"Таганская";"Кольцевая линия";"2022";"III квартал";"2190040";"2287469";"2389510479";
"Павелецкая";"Кольцевая линия";"2022";"III квартал";"3798997";"3943156";"2389510480";
"Октябрьская";"Кольцевая линия";"2022";"III квартал";"2316639";"2401698";"2389510481";
"Парк культуры";"Кольцевая линия";"2022";"III квартал";"3062301";"3209408";"2389510482";
"Тимирязевская";"Московская монорельсовая транспортная система";"2022";"III квартал";"59265";"47560";"2389510483";
"Окружная";"Московское центральное кольцо";"2022";"III квартал";"1359147";"1354616";"2389510484";
"Владыкино";"Московское центральное кольцо";"2022";"III квартал";"684588";"894752";"2389510485";
"Ботанический сад";"Московское центральное кольцо";"2022";"III квартал";"1002370";"1225726";"2389510486";
"Бульвар Рокоссовского";"Московское центральное кольцо";"2022";"III квартал";"843371";"884538";"2389510487";
"Шоссе Энтузиастов";"Московское центральное кольцо";"2022";"III квартал";"641994";"728457";"2389510488";
"Нижегородская";"Московское центральное кольцо";"2022";"III квартал";"1848636";"1989495";"2389510489";
"Дубровка";"Московское центральное кольцо";"2022";"III квартал";"737312";"795057";"2389510490";
"Автозаводская";"Московское центральное кольцо";"2022";"III квартал";"504829";"581930";"2389510491";
"Кутузовская";"Московское центральное кольцо";"2022";"III квартал";"1543093";"1721750";"2389510492";
"Москва-Сити";"Московское центральное кольцо";"2022";"III квартал";"1448159";"1576605";"2389510493";
"Петровско-Разумовская";"Серпуховско-Тимирязевская линия";"2022";"III квартал";"0";"0";"2389510494";
"Сокольники";"Сокольническая линия";"2022";"III квартал";"2291858";"2322318";"2389510495";
"Проспект Вернадского";"Сокольническая линия";"2022";"III квартал";"2149699";"2173954";"2389510496";
"Китай-город";"Таганско-Краснопресненская линия";"2022";"III квартал";"0";"0";"2389510497";
"Кунцевская";"Филёвская линия";"2022";"III квартал";"545717";"534076";"2389510498";
"Киевская";"Филёвская линия";"2022";"III квартал";"0";"0";"2389510499";
"Пятницкое шоссе";"Арбатско-Покровская линия";"2022";"IV квартал";"1640243";"1544504";"2507539352";
"Митино";"Арбатско-Покровская линия";"2022";"IV квартал";"2248792";"2150106";"2507539353";
"Волоколамская";"Арбатско-Покровская линия";"2022";"IV квартал";"1618530";"1574224";"2507539354";
"Мякинино";"Арбатско-Покровская линия";"2022";"IV квартал";"1592650";"1538744";"2507539355";
"Строгино";"Арбатско-Покровская линия";"2022";"IV квартал";"2637386";"2596511";"2507539356";
"Крылатское";"Арбатско-Покровская линия";"2022";"IV квартал";"2329158";"2291804";"2507539357";
"Молодёжная";"Арбатско-Покровская линия";"2022";"IV квартал";"4213778";"4160339";"2507539358";
"Площадь Революции";"Арбатско-Покровская линия";"2022";"IV квартал";"3033234";"3052572";"2507539365";
"Бауманская";"Арбатско-Покровская линия";"2022";"IV квартал";"5130274";"5385820";"2507539367";
"Семёновская";"Арбатско-Покровская линия";"2022";"IV квартал";"2722598";"2799830";"2507539369";
"Партизанская";"Арбатско-Покровская линия";"2022";"IV квартал";"1658088";"1616914";"2507539370";
"Измайловская";"Арбатско-Покровская линия";"2022";"IV квартал";"1689535";"1692504";"2507539371";
"Первомайская";"Арбатско-Покровская линия";"2022";"IV квартал";"3162666";"3128499";"2507539372";
"Щёлковская";"Арбатско-Покровская линия";"2022";"IV квартал";"6582217";"6223275";"2507539373";
"Петровский парк";"Большая кольцевая линия";"2022";"IV квартал";"1059131";"1097150";"2507539375";
"ЦСКА";"Большая кольцевая линия";"2022";"IV квартал";"2702427";"2788570";"2507539376";
"Хорошёвская";"Большая кольцевая линия";"2022";"IV квартал";"879790";"898586";"2507539377";
"Народное Ополчение";"Большая кольцевая линия";"2022";"IV квартал";"1601595";"1587603";"2507539380";
"Мнёвники";"Большая кольцевая линия";"2022";"IV квартал";"66917";"59175";"2507539381";
"Терехово";"Большая кольцевая линия";"2022";"IV квартал";"420594";"446101";"2507539385";
"Давыдково";"Большая кольцевая линия";"2022";"IV квартал";"938869";"935910";"2507539387";
"Аминьевская";"Большая кольцевая линия";"2022";"IV квартал";"1145868";"1125404";"2507539388";
"Новаторская";"Большая кольцевая линия";"2022";"IV квартал";"1106645";"1107366";"2507539391";
"Воронцовская";"Большая кольцевая линия";"2022";"IV квартал";"661919";"682851";"2507539392";
"Зюзино";"Большая кольцевая линия";"2022";"IV квартал";"1496621";"1485456";"2507539393";
"Каховская";"Большая кольцевая линия";"2022";"IV квартал";"1740407";"1765448";"2507539394";
"Битцевский парк";"Бутовская линия";"2022";"IV квартал";"253758";"196612";"2507539395";
"Лесопарковая";"Бутовская линия";"2022";"IV квартал";"607099";"577524";"2507539396";
"Улица Горчакова";"Бутовская линия";"2022";"IV квартал";"858685";"836639";"2507539400";
"Бунинская аллея";"Бутовская линия";"2022";"IV квартал";"1890373";"1842218";"2507539401";
"Ховрино";"Замоскворецкая линия";"2022";"IV квартал";"4046248";"3708048";"2507539402";
"Беломорская";"Замоскворецкая линия";"2022";"IV квартал";"2571502";"2453025";"2507539403";
"Речной вокзал";"Замоскворецкая линия";"2022";"IV квартал";"2354860";"2293555";"2507539404";
"Войковская";"Замоскворецкая линия";"2022";"IV квартал";"4079876";"4110777";"2507539406";
"Сокол";"Замоскворецкая линия";"2022";"IV квартал";"3195745";"3240495";"2507539407";
"Аэропорт";"Замоскворецкая линия";"2022";"IV квартал";"3244299";"3320048";"2507539408";
"Динамо";"Замоскворецкая линия";"2022";"IV квартал";"2598271";"2656089";"2507539409";
"Маяковская";"Замоскворецкая линия";"2022";"IV квартал";"2944134";"3071031";"2507539411";
"Тверская";"Замоскворецкая линия";"2022";"IV квартал";"0";"0";"2507539412";
"Театральная";"Замоскворецкая линия";"2022";"IV квартал";"0";"0";"2507539413";
"Новокузнецкая";"Замоскворецкая линия";"2022";"IV квартал";"2440504";"2584568";"2507539414";
"Технопарк";"Замоскворецкая линия";"2022";"IV квартал";"705462";"707658";"2507539417";
"Коломенская";"Замоскворецкая линия";"2022";"IV квартал";"1986889";"1941247";"2507539418";
"Кантемировская";"Замоскворецкая линия";"2022";"IV квартал";"1419478";"1354558";"2507539420";
"Царицыно";"Замоскворецкая линия";"2022";"IV квартал";"2497051";"2323507";"2507539421";
"Орехово";"Замоскворецкая линия";"2022";"IV квартал";"1456743";"1382201";"2507539422";
"Домодедовская";"Замоскворецкая линия";"2022";"IV квартал";"3709668";"3371974";"2507539423";
"Красногвардейская";"Замоскворецкая линия";"2022";"IV квартал";"1048579";"997988";"2507539424";
"Алма-Атинская";"Замоскворецкая линия";"2022";"IV квартал";"1042988";"996277";"2507539425";
"Новокосино";"Калининская линия";"2022";"IV квартал";"5410476";"5202899";"2507539426";
"Новогиреево";"Калининская линия";"2022";"IV квартал";"6200715";"5978702";"2507539427";
"Перово";"Калининская линия";"2022";"IV квартал";"3581579";"3532236";"2507539428";
"Площадь Ильича";"Калининская линия";"2022";"IV квартал";"1771979";"1778423";"2507539431";
"Марксистская";"Калининская линия";"2022";"IV квартал";"2031144";"2126452";"2507539432";
"Медведково";"Калужско-Рижская линия";"2022";"IV квартал";"4689983";"4504535";"2507539434";
"Бабушкинская";"Калужско-Рижская линия";"2022";"IV квартал";"4268920";"4213185";"2507539435";
"Свиблово";"Калужско-Рижская линия";"2022";"IV квартал";"2146809";"2145734";"2507539436";
"ВДНХ";"Калужско-Рижская линия";"2022";"IV квартал";"6107130";"5903816";"2507539438";
"Алексеевская";"Калужско-Рижская линия";"2022";"IV квартал";"2895032";"2967745";"2507539439";
"Рижская";"Калужско-Рижская линия";"2022";"IV квартал";"1113122";"1128793";"2507539440";
"Сухаревская";"Калужско-Рижская линия";"2022";"IV квартал";"1791813";"1898994";"2507539442";
"Тургеневская";"Калужско-Рижская линия";"2022";"IV квартал";"1627162";"1726516";"2507539444";
"Шаболовская";"Калужско-Рижская линия";"2022";"IV квартал";"2342063";"2470570";"2507539448";
"Ленинский проспект";"Калужско-Рижская линия";"2022";"IV квартал";"3025389";"3471991";"2507539449";
"Академическая";"Калужско-Рижская линия";"2022";"IV квартал";"2838814";"2859640";"2507539450";
"Профсоюзная";"Калужско-Рижская линия";"2022";"IV квартал";"2659212";"2712133";"2507539451";
"Новые Черёмушки";"Калужско-Рижская линия";"2022";"IV квартал";"3206637";"3284293";"2507539452";
"Калужская";"Калужско-Рижская линия";"2022";"IV квартал";"2953936";"3075228";"2507539453";
"Беляево";"Калужско-Рижская линия";"2022";"IV квартал";"3417834";"3466097";"2507539454";
"Коньково";"Калужско-Рижская линия";"2022";"IV квартал";"2475547";"2462104";"2507539455";
"Тёплый стан";"Калужско-Рижская линия";"2022";"IV квартал";"5294438";"5158862";"2507539456";
"Ясенево";"Калужско-Рижская линия";"2022";"IV квартал";"2687461";"2632923";"2507539457";
"Новоясеневская";"Калужско-Рижская линия";"2022";"IV квартал";"583716";"563099";"2507539458";
"Краснопресненская";"Кольцевая линия";"2022";"IV квартал";"1737382";"1807608";"2507539460";
"Новослободская";"Кольцевая линия";"2022";"IV квартал";"2605868";"2791425";"2507539462";
"Добрынинская";"Кольцевая линия";"2022";"IV квартал";"1764594";"1872022";"2507539468";
"Селигерская";"Люблинско-Дмитровская линия";"2022";"IV квартал";"3907417";"3805861";"2507539471";
"Верхние Лихоборы";"Люблинско-Дмитровская линия";"2022";"IV квартал";"1219094";"1198242";"2507539472";
"Фонвизинская";"Люблинско-Дмитровская линия";"2022";"IV квартал";"1291875";"1281872";"2507539475";
"Бутырская";"Люблинско-Дмитровская линия";"2022";"IV квартал";"1268501";"1301414";"2507539476";
"Достоевская";"Люблинско-Дмитровская линия";"2022";"IV квартал";"1167115";"1217811";"2507539478";
"Трубная";"Люблинско-Дмитровская линия";"2022";"IV квартал";"1444079";"1532763";"2507539479";
"Сретенский бульвар";"Люблинско-Дмитровская линия";"2022";"IV квартал";"752610";"802671";"2507539480";
"Чкаловская";"Люблинско-Дмитровская линия";"2022";"IV квартал";"4075533";"3981208";"2507539481";
"Римская";"Люблинско-Дмитровская линия";"2022";"IV квартал";"1616292";"1638440";"2507539482";
"Крестьянская застава";"Люблинско-Дмитровская линия";"2022";"IV квартал";"719130";"755426";"2507539483";
"Кожуховская";"Люблинско-Дмитровская линия";"2022";"IV квартал";"2098751";"2187214";"2507539485";
"Волжская";"Люблинско-Дмитровская линия";"2022";"IV квартал";"1454524";"1465320";"2507539487";
"Люблино";"Люблинско-Дмитровская линия";"2022";"IV квартал";"3934419";"3786244";"2507539488";
"Братиславская";"Люблинско-Дмитровская линия";"2022";"IV квартал";"3438680";"3411694";"2507539489";
"Марьино";"Люблинско-Дмитровская линия";"2022";"IV квартал";"2868374";"2818070";"2507539490";
"Борисово";"Люблинско-Дмитровская линия";"2022";"IV квартал";"1165817";"1144538";"2507539491";
"Шипиловская";"Люблинско-Дмитровская линия";"2022";"IV квартал";"1493559";"1479069";"2507539492";
"Зябликово";"Люблинско-Дмитровская линия";"2022";"IV квартал";"2085036";"2032584";"2507539493";
"Телецентр";"Московская монорельсовая транспортная система";"2022";"IV квартал";"25980";"23804";"2507539497";
"Стахановская";"Некрасовская линия";"2022";"IV квартал";"654010";"588270";"2507539532";
"Окская";"Некрасовская линия";"2022";"IV квартал";"662089";"638238";"2507539533";
"Юго-Восточная";"Некрасовская линия";"2022";"IV квартал";"1088520";"1036986";"2507539534";
"Косино";"Некрасовская линия";"2022";"IV квартал";"417869";"391295";"2507539535";
"Лухмановская";"Некрасовская линия";"2022";"IV квартал";"1477198";"1386302";"2507539537";
"Некрасовка";"Некрасовская линия";"2022";"IV квартал";"4878840";"4582211";"2507539538";
"Алтуфьево";"Серпуховско-Тимирязевская линия";"2022";"IV квартал";"4016661";"3897306";"2507539539";
"Бибирево";"Серпуховско-Тимирязевская линия";"2022";"IV квартал";"2534810";"2523758";"2507539540";
"Отрадное";"Серпуховско-Тимирязевская линия";"2022";"IV квартал";"4252883";"4254572";"2507539541";
"Дмитровская";"Серпуховско-Тимирязевская линия";"2022";"IV квартал";"3044063";"3119887";"2507539545";
"Менделеевская";"Серпуховско-Тимирязевская линия";"2022";"IV квартал";"2406752";"2563004";"2507539547";
"Чеховская";"Серпуховско-Тимирязевская линия";"2022";"IV квартал";"1927593";"2050946";"2507539549";
"Боровицкая";"Серпуховско-Тимирязевская линия";"2022";"IV квартал";"581456";"616012";"2507539550";
"Полянка";"Серпуховско-Тимирязевская линия";"2022";"IV квартал";"1439942";"1523140";"2507539551";
"Серпуховская";"Серпуховско-Тимирязевская линия";"2022";"IV квартал";"2007693";"2149951";"2507539552";
"Тульская";"Серпуховско-Тимирязевская линия";"2022";"IV квартал";"2721280";"2858486";"2507539553";
"Нагатинская";"Серпуховско-Тимирязевская линия";"2022";"IV квартал";"4559420";"4666538";"2507539554";
"Нагорная";"Серпуховско-Тимирязевская линия";"2022";"IV квартал";"1536591";"1573453";"2507539555";
"Нахимовский проспект";"Серпуховско-Тимирязевская линия";"2022";"IV квартал";"2117619";"2141036";"2507539556";
"Севастопольская";"Серпуховско-Тимирязевская линия";"2022";"IV квартал";"917710";"956388";"2507539557";
"Чертановская";"Серпуховско-Тимирязевская линия";"2022";"IV квартал";"3043505";"3017378";"2507539558";
"Южная";"Серпуховско-Тимирязевская линия";"2022";"IV квартал";"2128940";"2100869";"2507539559";
"Пражская";"Серпуховско-Тимирязевская линия";"2022";"IV квартал";"4690684";"4679443";"2507539560";
"Аннино";"Серпуховско-Тимирязевская линия";"2022";"IV квартал";"2341607";"2165213";"2507539562";
"Бульвар Дмитрия Донского";"Серпуховско-Тимирязевская линия";"2022";"IV квартал";"5043266";"4838998";"2507539563";
"Черкизовская";"Сокольническая линия";"2022";"IV квартал";"1654340";"1471911";"2507539565";
"Преображенская площадь";"Сокольническая линия";"2022";"IV квартал";"3874936";"3924479";"2507539566";
"Красносельская";"Сокольническая линия";"2022";"IV квартал";"1931748";"1990765";"2507539568";
"Красные ворота";"Сокольническая линия";"2022";"IV квартал";"2201514";"2272496";"2507539570";
"Чистые пруды";"Сокольническая линия";"2022";"IV квартал";"1751583";"1835086";"2507539571";
"Лубянка";"Сокольническая линия";"2022";"IV квартал";"2321856";"2401688";"2507539572";
"Охотный ряд";"Сокольническая линия";"2022";"IV квартал";"4260516";"4294361";"2507539573";
"Кропоткинская";"Сокольническая линия";"2022";"IV квартал";"2114236";"2213656";"2507539575";
"Фрунзенская";"Сокольническая линия";"2022";"IV квартал";"2380565";"2515874";"2507539577";
"Спортивная";"Сокольническая линия";"2022";"IV квартал";"1764026";"1968773";"2507539578";
"Воробьёвы горы";"Сокольническая линия";"2022";"IV квартал";"644011";"630803";"2507539579";
"Университет";"Сокольническая линия";"2022";"IV квартал";"3155345";"3211858";"2507539580";
"Тропарёво";"Сокольническая линия";"2022";"IV квартал";"1749171";"1723988";"2507539583";
"Румянцево";"Сокольническая линия";"2022";"IV квартал";"948315";"954439";"2507539584";
"Саларьево";"Сокольническая линия";"2022";"IV квартал";"3687220";"3372474";"2507539585";
"Филатов луг";"Сокольническая линия";"2022";"IV квартал";"1367892";"1322104";"2507539586";
"Прокшино";"Сокольническая линия";"2022";"IV квартал";"591658";"574268";"2507539587";
"Ольховая";"Сокольническая линия";"2022";"IV квартал";"819868";"782622";"2507539588";
"Новомосковская";"Сокольническая линия";"2022";"IV квартал";"1390266";"1367958";"2507539589";
"Минская";"Солнцевская линия";"2022";"IV квартал";"567091";"581023";"2507539592";
"Ломоносовский проспект";"Солнцевская линия";"2022";"IV квартал";"1266595";"1281914";"2507539593";
"Раменки";"Солнцевская линия";"2022";"IV квартал";"1607968";"1590939";"2507539594";
"Озёрная";"Солнцевская линия";"2022";"IV квартал";"1517757";"1495813";"2507539596";
"Говорово";"Солнцевская линия";"2022";"IV квартал";"1158731";"1115006";"2507539597";
"Солнцево";"Солнцевская линия";"2022";"IV квартал";"1639610";"1577353";"2507539598";
"Боровское шоссе";"Солнцевская линия";"2022";"IV квартал";"508800";"480031";"2507539599";
"Новопеределкино";"Солнцевская линия";"2022";"IV квартал";"1513223";"1443771";"2507539600";
"Рассказовка";"Солнцевская линия";"2022";"IV квартал";"1980564";"1881980";"2507539601";
"Планерная";"Таганско-Краснопресненская линия";"2022";"IV квартал";"3787387";"3642275";"2507539602";
"Сходненская";"Таганско-Краснопресненская линия";"2022";"IV квартал";"4366227";"4275018";"2507539603";
"Тушинская";"Таганско-Краснопресненская линия";"2022";"IV квартал";"3966609";"3796663";"2507539604";
"Спартак";"Таганско-Краснопресненская линия";"2022";"IV квартал";"455331";"447174";"2507539605";
"Щукинская";"Таганско-Краснопресненская линия";"2022";"IV квартал";"3723452";"3705920";"2507539606";
"Октябрьское поле";"Таганско-Краснопресненская линия";"2022";"IV квартал";"3580891";"3644439";"2507539607";
"Полежаевская";"Таганско-Краснопресненская линия";"2022";"IV квартал";"2686676";"2739667";"2507539608";
"Беговая";"Таганско-Краснопресненская линия";"2022";"IV квартал";"3613373";"3628893";"2507539609";
"Улица 1905 года";"Таганско-Краснопресненская линия";"2022";"IV квартал";"3894781";"4057734";"2507539610";
"Баррикадная";"Таганско-Краснопресненская линия";"2022";"IV квартал";"1959412";"2052934";"2507539611";
"Пушкинская";"Таганско-Краснопресненская линия";"2022";"IV квартал";"3901654";"4108167";"2507539612";
"Кузнецкий мост";"Таганско-Краснопресненская линия";"2022";"IV квартал";"2003026";"2131070";"2507539613";
"Пролетарская";"Таганско-Краснопресненская линия";"2022";"IV квартал";"2814285";"2854765";"2507539617";
"Кузьминки";"Таганско-Краснопресненская линия";"2022";"IV квартал";"5154093";"5082184";"2507539620";
"Рязанский проспект";"Таганско-Краснопресненская линия";"2022";"IV квартал";"2981473";"2959473";"2507539621";
"Выхино";"Таганско-Краснопресненская линия";"2022";"IV квартал";"5781304";"5520963";"2507539622";
"Лермонтовский проспект";"Таганско-Краснопресненская линия";"2022";"IV квартал";"1830280";"1742616";"2507539623";
"Жулебино";"Таганско-Краснопресненская линия";"2022";"IV квартал";"2361287";"2280944";"2507539624";
"Котельники";"Таганско-Краснопресненская линия";"2022";"IV квартал";"5028585";"4505568";"2507539625";
"Пионерская";"Филёвская линия";"2022";"IV квартал";"542903";"524658";"2507539627";
"Филёвский парк";"Филёвская линия";"2022";"IV квартал";"795285";"772598";"2507539628";
"Багратионовская";"Филёвская линия";"2022";"IV квартал";"1509650";"1519125";"2507539629";
"Фили";"Филёвская линия";"2022";"IV квартал";"1558247";"1560116";"2507539630";
"Студенческая";"Филёвская линия";"2022";"IV квартал";"604302";"624486";"2507539632";
"Александровский сад";"Филёвская линия";"2022";"IV квартал";"1578369";"1613870";"2507539636";
"Москва-Сити";"Филёвская линия";"2022";"IV квартал";"574946";"594642";"2507539637";
"Деловой центр";"Филёвская линия";"2022";"IV квартал";"1445130";"1471428";"2507539638";
"Славянский бульвар";"Арбатско-Покровская линия";"2022";"IV квартал";"4931116";"4812530";"2507539783";
"Киевская";"Арбатско-Покровская линия";"2022";"IV квартал";"3575934";"3316078";"2507539785";
"Электрозаводская";"Арбатско-Покровская линия";"2022";"IV квартал";"3225114";"3430899";"2507539789";
"Улица Академика Королёва";"Московская монорельсовая транспортная система";"2022";"IV квартал";"12733";"11701";"2507539831";
"Улица Милашенкова";"Московская монорельсовая транспортная система";"2022";"IV квартал";"16353";"14996";"2507539832";
"Лихоборы";"Московское центральное кольцо";"2022";"IV квартал";"1018256";"1030981";"2507539834";
"Ростокино";"Московское центральное кольцо";"2022";"IV квартал";"2832635";"2838705";"2507539838";
"Белокаменная";"Московское центральное кольцо";"2022";"IV квартал";"142895";"149731";"2507539839";
"Локомотив";"Московское центральное кольцо";"2022";"IV квартал";"1025957";"1069796";"2507539841";
"Измайлово";"Московское центральное кольцо";"2022";"IV квартал";"861733";"936286";"2507539842";
"Андроновка";"Московское центральное кольцо";"2022";"IV квартал";"719456";"720654";"2507539845";
"Новохохловская";"Московское центральное кольцо";"2022";"IV квартал";"736694";"759003";"2507539847";
"Угрешская";"Московское центральное кольцо";"2022";"IV квартал";"483367";"511342";"2507539848";
"ЗИЛ";"Московское центральное кольцо";"2022";"IV квартал";"978640";"1029538";"2507539851";
"Верхние Котлы";"Московское центральное кольцо";"2022";"IV квартал";"1725578";"1790475";"2507539852";
"Крымская";"Московское центральное кольцо";"2022";"IV квартал";"984775";"1028702";"2507539853";
"Площадь Гагарина";"Московское центральное кольцо";"2022";"IV квартал";"1176274";"1435413";"2507539854";
"Лужники";"Московское центральное кольцо";"2022";"IV квартал";"784112";"949893";"2507539855";
"Хорошёво";"Московское центральное кольцо";"2022";"IV квартал";"637292";"675821";"2507539859";
"Зорге";"Московское центральное кольцо";"2022";"IV квартал";"453911";"474773";"2507539860";
"Панфиловская";"Московское центральное кольцо";"2022";"IV квартал";"590327";"626543";"2507539861";
"Стрешнево";"Московское центральное кольцо";"2022";"IV квартал";"1432527";"1476730";"2507539862";
"Балтийская";"Московское центральное кольцо";"2022";"IV квартал";"1020076";"1111635";"2507539863";
"Коптево";"Московское центральное кольцо";"2022";"IV квартал";"1458118";"1523136";"2507539864";
"Библиотека имени Ленина";"Сокольническая линия";"2022";"IV квартал";"0";"0";"2507539876";
"Юго-Западная";"Сокольническая линия";"2022";"IV квартал";"5279789";"5382824";"2507539879";
"Волгоградский проспект";"Таганско-Краснопресненская линия";"2022";"IV квартал";"1913149";"1937629";"2507539885";
"Кунцевская";"Арбатско-Покровская линия";"2022";"IV квартал";"1081862";"1088168";"2507540331";
"Кунцевская";"Большая кольцевая линия";"2022";"IV квартал";"1224083";"1209875";"2507540857";
"Проспект Вернадского";"Большая кольцевая линия";"2022";"IV квартал";"532183";"572939";"2507540859";
"Парк Победы";"Арбатско-Покровская линия";"2022";"IV квартал";"1330481";"1326501";"2507541281";
"Смоленская";"Арбатско-Покровская линия";"2022";"IV квартал";"2304644";"2418011";"2507541283";
"Арбатская";"Арбатско-Покровская линия";"2022";"IV квартал";"2288881";"2417183";"2507541286";
"Курская";"Арбатско-Покровская линия";"2022";"IV квартал";"2013255";"2090505";"2507541481";
"Савёловская";"Большая кольцевая линия";"2022";"IV квартал";"1117908";"1127411";"2507541485";
"Шелепиха";"Большая кольцевая линия";"2022";"IV квартал";"962237";"995496";"2507541489";
"Улица Старокачаловская";"Бутовская линия";"2022";"IV квартал";"0";"0";"2507541501";
"Улица Скобелевская";"Бутовская линия";"2022";"IV квартал";"1716851";"1646495";"2507541502";
"Бульвар адмирала Ушакова";"Бутовская линия";"2022";"IV квартал";"992714";"975140";"2507541503";
"Водный стадион";"Замоскворецкая линия";"2022";"IV квартал";"3602331";"3587289";"2507541504";
"Деловой центр";"Большая кольцевая линия";"2022";"IV квартал";"1349070";"1370654";"2507558854";
"Белорусская";"Замоскворецкая линия";"2022";"IV квартал";"2210209";"2202759";"2507558914";
"Павелецкая";"Замоскворецкая линия";"2022";"IV квартал";"3169264";"2724469";"2507558915";
"Автозаводская";"Замоскворецкая линия";"2022";"IV квартал";"4925885";"5097051";"2507558916";
"Каширская";"Замоскворецкая линия";"2022";"IV квартал";"1087175";"1081282";"2507558917";
"Шоссе Энтузиастов";"Калининская линия";"2022";"IV квартал";"1871580";"2012060";"2507558918";
"Ботанический сад";"Калужско-Рижская линия";"2022";"IV квартал";"1525065";"1752836";"2507558921";
"Китай-город";"Калужско-Рижская линия";"2022";"IV квартал";"5061234";"5302278";"2507558923";
"Октябрьская";"Калужско-Рижская линия";"2022";"IV квартал";"1194034";"1276783";"2507558925";
"Проспект Мира";"Кольцевая линия";"2022";"IV квартал";"2035534";"2107460";"2507558928";
"Курская";"Кольцевая линия";"2022";"IV квартал";"3031377";"2805645";"2507558930";
"Окружная";"Люблинско-Дмитровская линия";"2022";"IV квартал";"767673";"771449";"2507558935";
"Петровско-Разумовская";"Люблинско-Дмитровская линия";"2022";"IV квартал";"2020275";"1910007";"2507558936";
"Марьина Роща";"Люблинско-Дмитровская линия";"2022";"IV квартал";"2520619";"2582455";"2507558937";
"Дубровка";"Люблинско-Дмитровская линия";"2022";"IV квартал";"1653138";"1749935";"2507558938";
"Печатники";"Люблинско-Дмитровская линия";"2022";"IV квартал";"2017311";"2004396";"2507558940";
"Улица Сергея Эйзенштейна";"Московская монорельсовая транспортная система";"2022";"IV квартал";"16583";"14338";"2507558941";
"Выставочный центр";"Московская монорельсовая транспортная система";"2022";"IV квартал";"57787";"52019";"2507558942";
"Соколиная Гора";"Московское центральное кольцо";"2022";"IV квартал";"559593";"593319";"2507558948";
"Шелепиха";"Московское центральное кольцо";"2022";"IV квартал";"700010";"761630";"2507558955";
"Нижегородская";"Некрасовская линия";"2022";"IV квартал";"1174981";"1470978";"2507558956";
"Улица Дмитриевского";"Некрасовская линия";"2022";"IV квартал";"856271";"827965";"2507558957";
"Владыкино";"Серпуховско-Тимирязевская линия";"2022";"IV квартал";"1417070";"1672507";"2507558958";
"Тимирязевская";"Серпуховско-Тимирязевская линия";"2022";"IV квартал";"1753047";"1723932";"2507558960";
"Савёловская";"Серпуховско-Тимирязевская линия";"2022";"IV квартал";"3698841";"3659961";"2507558961";
"Цветной бульвар";"Серпуховско-Тимирязевская линия";"2022";"IV квартал";"2057764";"2168253";"2507558962";
"Улица академика Янгеля";"Серпуховско-Тимирязевская линия";"2022";"IV квартал";"2492258";"2429701";"2507558963";
"Бульвар Рокоссовского";"Сокольническая линия";"2022";"IV квартал";"2204154";"2185029";"2507558964";
"Комсомольская";"Сокольническая линия";"2022";"IV квартал";"3153865";"2544589";"2507558966";
"Парк культуры";"Сокольническая линия";"2022";"IV квартал";"614790";"652362";"2507558967";
"Деловой центр";"Солнцевская линия";"2022";"IV квартал";"1211344";"1231911";"2507558969";
"Парк Победы";"Солнцевская линия";"2022";"IV квартал";"399181";"415915";"2507558970";
"Мичуринский проспект";"Солнцевская линия";"2022";"IV квартал";"250591";"252928";"2507558971";
"Таганская";"Таганско-Краснопресненская линия";"2022";"IV квартал";"1312577";"1358516";"2507558973";
"Текстильщики";"Таганско-Краснопресненская линия";"2022";"IV квартал";"5210890";"5116137";"2507558974";
"Кутузовская";"Филёвская линия";"2022";"IV квартал";"629615";"675339";"2507558976";
"Смоленская";"Филёвская линия";"2022";"IV квартал";"760043";"782730";"2507558978";
"Арбатская";"Филёвская линия";"2022";"IV квартал";"499615";"491771";"2507558979";
"Кунцевская";"Филёвская линия";"2022";"IV квартал";"576606";"559485";"2507559016";
"Китай-город";"Таганско-Краснопресненская линия";"2022";"IV квартал";"0";"0";"2507559017";
"Проспект Вернадского";"Сокольническая линия";"2022";"IV квартал";"2412282";"2427552";"2507559018";
"Сокольники";"Сокольническая линия";"2022";"IV квартал";"2361965";"2401765";"2507559019";
"Петровско-Разумовская";"Серпуховско-Тимирязевская линия";"2022";"IV квартал";"0";"0";"2507559020";
"Тимирязевская";"Московская монорельсовая транспортная система";"2022";"IV квартал";"49061";"42061";"2507559021";
"Окружная";"Московское центральное кольцо";"2022";"IV квартал";"1359851";"1366756";"2507559022";
"Владыкино";"Московское центральное кольцо";"2022";"IV квартал";"668030";"874721";"2507559023";
"Москва-Сити";"Московское центральное кольцо";"2022";"IV квартал";"1325844";"1432683";"2507559523";
"Кутузовская";"Московское центральное кольцо";"2022";"IV квартал";"1638680";"1811409";"2507559528";
"Автозаводская";"Московское центральное кольцо";"2022";"IV квартал";"677229";"735095";"2507559536";
"Дубровка";"Московское центральное кольцо";"2022";"IV квартал";"785871";"838661";"2507559543";
"Нижегородская";"Московское центральное кольцо";"2022";"IV квартал";"1968945";"2093536";"2507559553";
"Шоссе Энтузиастов";"Московское центральное кольцо";"2022";"IV квартал";"681240";"766148";"2507559561";
"Бульвар Рокоссовского";"Московское центральное кольцо";"2022";"IV квартал";"939148";"977675";"2507559566";
"Ботанический сад";"Московское центральное кольцо";"2022";"IV квартал";"1038368";"1258370";"2507559571";
"Парк культуры";"Кольцевая линия";"2022";"IV квартал";"2957303";"3098584";"2507559629";
"Октябрьская";"Кольцевая линия";"2022";"IV квартал";"2201697";"2335200";"2507559632";
"Павелецкая";"Кольцевая линия";"2022";"IV квартал";"4019414";"4172706";"2507559633";
"Таганская";"Кольцевая линия";"2022";"IV квартал";"2342736";"2426142";"2507559636";
"Комсомольская";"Кольцевая линия";"2022";"IV квартал";"7932461";"6698345";"2507559638";
"Белорусская";"Кольцевая линия";"2022";"IV квартал";"4060155";"3874947";"2507559639";
"Киевская";"Кольцевая линия";"2022";"IV квартал";"3055654";"3043732";"2507559645";
"Третьяковская";"Калужско-Рижская линия";"2022";"IV квартал";"0";"0";"2507559646";
"Проспект Мира";"Калужско-Рижская линия";"2022";"IV квартал";"1867160";"1944840";"2507559647";
"Третьяковская";"Калининская линия";"2022";"IV квартал";"2533648";"2668056";"2507559648";
"Авиамоторная";"Калининская линия";"2022";"IV квартал";"3909942";"4088306";"2507559649";
"Мичуринский проспект";"Большая кольцевая линия";"2022";"IV квартал";"841685";"846450";"2507559650";
"Авиамоторная";"Некрасовская линия";"2022";"IV квартал";"688603";"688321";"2507559656";
"Лефортово";"Некрасовская линия";"2022";"IV квартал";"654407";"654587";"2507559657";
"Электрозаводская";"Некрасовская линия";"2022";"IV квартал";"904819";"903998";"2507559659";
"Киевская";"Филёвская линия";"2022";"IV квартал";"0";"0";"2535337362";
"Пятницкое шоссе";"Арбатско-Покровская линия";"2023";"I квартал";"1513158";"1424167";"2581188693";
"Митино";"Арбатско-Покровская линия";"2023";"I квартал";"2077333";"1992849";"2581188695";
"Волоколамская";"Арбатско-Покровская линия";"2023";"I квартал";"1487085";"1444993";"2581188696";
"Мякинино";"Арбатско-Покровская линия";"2023";"I квартал";"1499235";"1431843";"2581188697";
"Строгино";"Арбатско-Покровская линия";"2023";"I квартал";"2431426";"2392189";"2581188698";
"Крылатское";"Арбатско-Покровская линия";"2023";"I квартал";"2162578";"2130423";"2581188700";
"Молодёжная";"Арбатско-Покровская линия";"2023";"I квартал";"3785767";"3728023";"2581188701";
"Славянский бульвар";"Арбатско-Покровская линия";"2023";"I квартал";"4558147";"4449477";"2581188703";
"Киевская";"Арбатско-Покровская линия";"2023";"I квартал";"3394184";"3137136";"2581188706";
"Площадь Революции";"Арбатско-Покровская линия";"2023";"I квартал";"2852090";"2810639";"2581188710";
"Бауманская";"Арбатско-Покровская линия";"2023";"I квартал";"4523897";"4730929";"2581188712";
"Электрозаводская";"Арбатско-Покровская линия";"2023";"I квартал";"2739937";"2933619";"2581188713";
"Семёновская";"Арбатско-Покровская линия";"2023";"I квартал";"2513374";"2580388";"2581188714";
"Партизанская";"Арбатско-Покровская линия";"2023";"I квартал";"1505321";"1455228";"2581188715";
"Измайловская";"Арбатско-Покровская линия";"2023";"I квартал";"1515881";"1521870";"2581188717";
"Первомайская";"Арбатско-Покровская линия";"2023";"I квартал";"2909252";"2882173";"2581188718";
"Щёлковская";"Арбатско-Покровская линия";"2023";"I квартал";"6084367";"5753639";"2581188719";
"ЦСКА";"Большая кольцевая линия";"2023";"I квартал";"2463956";"2526017";"2581188722";
"Хорошёвская";"Большая кольцевая линия";"2023";"I квартал";"878154";"892920";"2581188724";
"Народное Ополчение";"Большая кольцевая линия";"2023";"I квартал";"1482473";"1474367";"2581188727";
"Мнёвники";"Большая кольцевая линия";"2023";"I квартал";"58850";"51451";"2581188728";
"Авиамоторная";"Большая кольцевая линия";"2023";"I квартал";"721001";"453526";"2581188729";
"Терехово";"Большая кольцевая линия";"2023";"I квартал";"473859";"499752";"2581188733";
"Кунцевская";"Большая кольцевая линия";"2023";"I квартал";"1218418";"1210443";"2581188734";
"Давыдково";"Большая кольцевая линия";"2023";"I квартал";"884332";"887477";"2581188735";
"Аминьевская";"Большая кольцевая линия";"2023";"I квартал";"1131212";"1114359";"2581188736";
"Проспект Вернадского";"Большая кольцевая линия";"2023";"I квартал";"499252";"505873";"2581188738";
"Новаторская";"Большая кольцевая линия";"2023";"I квартал";"1039092";"1046047";"2581188739";
"Воронцовская";"Большая кольцевая линия";"2023";"I квартал";"845502";"879274";"2581188741";
"Зюзино";"Большая кольцевая линия";"2023";"I квартал";"1427079";"1424672";"2581188742";
"Каховская";"Большая кольцевая линия";"2023";"I квартал";"1584097";"1594341";"2581188743";
"Кленовый бульвар";"Большая кольцевая линия";"2023";"I квартал";"215230";"224732";"2581188746";
"Нагатинский Затон";"Большая кольцевая линия";"2023";"I квартал";"159651";"165290";"2581188747";
"Сокольники";"Большая кольцевая линия";"2023";"I квартал";"384018";"403506";"2581188751";
"Рижская";"Большая кольцевая линия";"2023";"I квартал";"136838";"143114";"2581188752";
"Марьина Роща";"Большая кольцевая линия";"2023";"I квартал";"148181";"154080";"2581188753";
"Битцевский парк";"Бутовская линия";"2023";"I квартал";"231010";"170633";"2581188754";
"Лесопарковая";"Бутовская линия";"2023";"I квартал";"628023";"592098";"2581188755";
"Улица Старокачаловская";"Бутовская линия";"2023";"I квартал";"0";"0";"2581188757";
"Улица Скобелевская";"Бутовская линия";"2023";"I квартал";"1617443";"1555679";"2581188758";
"Бульвар адмирала Ушакова";"Бутовская линия";"2023";"I квартал";"950236";"937143";"2581188759";
"Улица Горчакова";"Бутовская линия";"2023";"I квартал";"802005";"783976";"2581188760";
"Бунинская аллея";"Бутовская линия";"2023";"I квартал";"1799272";"1757919";"2581188761";
"Ховрино";"Замоскворецкая линия";"2023";"I квартал";"3751374";"3425809";"2581188762";
"Беломорская";"Замоскворецкая линия";"2023";"I квартал";"2391102";"2277969";"2581188764";
"Речной вокзал";"Замоскворецкая линия";"2023";"I квартал";"2139991";"2085732";"2581188766";
"Водный стадион";"Замоскворецкая линия";"2023";"I квартал";"3294939";"3281565";"2581188767";
"Войковская";"Замоскворецкая линия";"2023";"I квартал";"3645994";"3662998";"2581188768";
"Сокол";"Замоскворецкая линия";"2023";"I квартал";"2842238";"2876381";"2581188769";
"Аэропорт";"Замоскворецкая линия";"2023";"I квартал";"2831500";"2894323";"2581188770";
"Динамо";"Замоскворецкая линия";"2023";"I квартал";"2257010";"2298057";"2581188771";
"Белорусская";"Замоскворецкая линия";"2023";"I квартал";"1942778";"1928223";"2581188772";
"Маяковская";"Замоскворецкая линия";"2023";"I квартал";"2717921";"2824792";"2581188774";
"Тверская";"Замоскворецкая линия";"2023";"I квартал";"0";"0";"2581188775";
"Театральная";"Замоскворецкая линия";"2023";"I квартал";"0";"0";"2581188776";
"Новокузнецкая";"Замоскворецкая линия";"2023";"I квартал";"2242020";"2363549";"2581188777";
"Павелецкая";"Замоскворецкая линия";"2023";"I квартал";"2994464";"2514688";"2581188778";
"Автозаводская";"Замоскворецкая линия";"2023";"I квартал";"5454548";"5513980";"2581188779";
"Технопарк";"Замоскворецкая линия";"2023";"I квартал";"0";"0";"2581188780";
"Коломенская";"Замоскворецкая линия";"2023";"I квартал";"0";"0";"2581188781";
"Каширская";"Замоскворецкая линия";"2023";"I квартал";"0";"0";"2581188783";
"Кантемировская";"Замоскворецкая линия";"2023";"I квартал";"0";"0";"2581188784";
"Царицыно";"Замоскворецкая линия";"2023";"I квартал";"0";"0";"2581188785";
"Орехово";"Замоскворецкая линия";"2023";"I квартал";"1038181";"975722";"2581188786";
"Домодедовская";"Замоскворецкая линия";"2023";"I квартал";"1831773";"1645608";"2581188787";
"Красногвардейская";"Замоскворецкая линия";"2023";"I квартал";"481170";"445454";"2581188788";
"Алма-Атинская";"Замоскворецкая линия";"2023";"I квартал";"783202";"751770";"2581188789";
"Новокосино";"Калининская линия";"2023";"I квартал";"4912995";"4766480";"2581188790";
"Новогиреево";"Калининская линия";"2023";"I квартал";"5664424";"5493629";"2581188792";
"Перово";"Калининская линия";"2023";"I квартал";"3304334";"3271028";"2581188793";
"Шоссе Энтузиастов";"Калининская линия";"2023";"I квартал";"1743764";"1865614";"2581188795";
"Площадь Ильича";"Калининская линия";"2023";"I квартал";"1639144";"1653662";"2581188797";
"Марксистская";"Калининская линия";"2023";"I квартал";"1903766";"1984038";"2581188798";
"Медведково";"Калужско-Рижская линия";"2023";"I квартал";"4338474";"4181391";"2581188801";
"Бабушкинская";"Калужско-Рижская линия";"2023";"I квартал";"3916505";"3869774";"2581188802";
"Свиблово";"Калужско-Рижская линия";"2023";"I квартал";"1991890";"1993048";"2581188804";
"Ботанический сад";"Калужско-Рижская линия";"2023";"I квартал";"1421435";"1619942";"2581188805";
"ВДНХ";"Калужско-Рижская линия";"2023";"I квартал";"5700175";"5443508";"2581188806";
"Алексеевская";"Калужско-Рижская линия";"2023";"I квартал";"2653218";"2715625";"2581188807";
"Сухаревская";"Калужско-Рижская линия";"2023";"I квартал";"1659344";"1754271";"2581188811";
"Тургеневская";"Калужско-Рижская линия";"2023";"I квартал";"1560829";"1651556";"2581188812";
"Китай-город";"Калужско-Рижская линия";"2023";"I квартал";"4835525";"5028933";"2581188813";
"Октябрьская";"Калужско-Рижская линия";"2023";"I квартал";"1004666";"1055543";"2581188815";
"Шаболовская";"Калужско-Рижская линия";"2023";"I квартал";"2083683";"2191120";"2581188816";
"Ленинский проспект";"Калужско-Рижская линия";"2023";"I квартал";"2867636";"3310215";"2581188817";
"Академическая";"Калужско-Рижская линия";"2023";"I квартал";"2748879";"2771092";"2581188818";
"Профсоюзная";"Калужско-Рижская линия";"2023";"I квартал";"2604826";"2652311";"2581188819";
"Новые Черёмушки";"Калужско-Рижская линия";"2023";"I квартал";"2914564";"2961092";"2581188821";
"Калужская";"Калужско-Рижская линия";"2023";"I квартал";"2510493";"2603209";"2581188822";
"Беляево";"Калужско-Рижская линия";"2023";"I квартал";"3053224";"3092711";"2581188823";
"Коньково";"Калужско-Рижская линия";"2023";"I квартал";"2299013";"2288961";"2581188824";
"Тёплый стан";"Калужско-Рижская линия";"2023";"I квартал";"4912233";"4778650";"2581188825";
"Ясенево";"Калужско-Рижская линия";"2023";"I квартал";"2544778";"2503000";"2581188826";
"Новоясеневская";"Калужско-Рижская линия";"2023";"I квартал";"556145";"535365";"2581188827";
"Краснопресненская";"Кольцевая линия";"2023";"I квартал";"1630642";"1699396";"2581188829";
"Новослободская";"Кольцевая линия";"2023";"I квартал";"2276285";"2428684";"2581188832";
"Проспект Мира";"Кольцевая линия";"2023";"I квартал";"1933521";"1996886";"2581188833";
"Курская";"Кольцевая линия";"2023";"I квартал";"2641187";"2416773";"2581188835";
"Добрынинская";"Кольцевая линия";"2023";"I квартал";"1530503";"1638474";"2581188839";
"Селигерская";"Люблинско-Дмитровская линия";"2023";"I квартал";"3599387";"3505509";"2581188843";
"Верхние Лихоборы";"Люблинско-Дмитровская линия";"2023";"I квартал";"1148923";"1131881";"2581188844";
"Окружная";"Люблинско-Дмитровская линия";"2023";"I квартал";"959456";"972049";"2581188845";
"Петровско-Разумовская";"Люблинско-Дмитровская линия";"2023";"I квартал";"1801542";"1709964";"2581188846";
"Фонвизинская";"Люблинско-Дмитровская линия";"2023";"I квартал";"1215563";"1209181";"2581188848";
"Бутырская";"Люблинско-Дмитровская линия";"2023";"I квартал";"1233363";"1263441";"2581188849";
"Достоевская";"Люблинско-Дмитровская линия";"2023";"I квартал";"1055332";"1098272";"2581188851";
"Трубная";"Люблинско-Дмитровская линия";"2023";"I квартал";"1423352";"1507887";"2581188852";
"Сретенский бульвар";"Люблинско-Дмитровская линия";"2023";"I квартал";"727526";"775640";"2581188853";
"Чкаловская";"Люблинско-Дмитровская линия";"2023";"I квартал";"3726262";"3631638";"2581188855";
"Римская";"Люблинско-Дмитровская линия";"2023";"I квартал";"1496164";"1521498";"2581188856";
"Крестьянская застава";"Люблинско-Дмитровская линия";"2023";"I квартал";"700650";"736994";"2581188857";
"Дубровка";"Люблинско-Дмитровская линия";"2023";"I квартал";"1505815";"1587230";"2581188859";
"Кожуховская";"Люблинско-Дмитровская линия";"2023";"I квартал";"2002402";"2076023";"2581188860";
"Печатники";"Люблинско-Дмитровская линия";"2023";"I квартал";"1962710";"1944655";"2581188862";
"Волжская";"Люблинско-Дмитровская линия";"2023";"I квартал";"1327959";"1341729";"2581188863";
"Люблино";"Люблинско-Дмитровская линия";"2023";"I квартал";"3602441";"3470773";"2581188864";
"Братиславская";"Люблинско-Дмитровская линия";"2023";"I квартал";"3178438";"3150500";"2581188866";
"Марьино";"Люблинско-Дмитровская линия";"2023";"I квартал";"2694371";"2644635";"2581188867";
"Борисово";"Люблинско-Дмитровская линия";"2023";"I квартал";"1160133";"1131376";"2581188868";
"Шипиловская";"Люблинско-Дмитровская линия";"2023";"I квартал";"1550500";"1523249";"2581188869";
"Зябликово";"Люблинско-Дмитровская линия";"2023";"I квартал";"2877006";"2739205";"2581188870";
"Улица Сергея Эйзенштейна";"Московская монорельсовая транспортная система";"2023";"I квартал";"15277";"13017";"2581188871";
"Выставочный центр";"Московская монорельсовая транспортная система";"2023";"I квартал";"60545";"52529";"2581188872";
"Улица Академика Королёва";"Московская монорельсовая транспортная система";"2023";"I квартал";"11429";"10365";"2581188873";
"Телецентр";"Московская монорельсовая транспортная система";"2023";"I квартал";"23977";"21792";"2581188874";
"Улица Милашенкова";"Московская монорельсовая транспортная система";"2023";"I квартал";"15929";"14781";"2581188875";
"Нижегородская";"Некрасовская линия";"2023";"I квартал";"1357176";"1682959";"2581188911";
"Стахановская";"Некрасовская линия";"2023";"I квартал";"637549";"611375";"2581188912";
"Окская";"Некрасовская линия";"2023";"I квартал";"643831";"640556";"2581188913";
"Юго-Восточная";"Некрасовская линия";"2023";"I квартал";"1035426";"1015248";"2581188914";
"Косино";"Некрасовская линия";"2023";"I квартал";"385152";"365957";"2581188915";
"Улица Дмитриевского";"Некрасовская линия";"2023";"I квартал";"799312";"787016";"2581188916";
"Лухмановская";"Некрасовская линия";"2023";"I квартал";"1402400";"1345052";"2581188917";
"Некрасовка";"Некрасовская линия";"2023";"I квартал";"4560500";"4389645";"2581188918";
"Алтуфьево";"Серпуховско-Тимирязевская линия";"2023";"I квартал";"3725751";"3619740";"2581188920";
"Бибирево";"Серпуховско-Тимирязевская линия";"2023";"I квартал";"2328406";"2323577";"2581188921";
"Отрадное";"Серпуховско-Тимирязевская линия";"2023";"I квартал";"3973103";"3987060";"2581188922";
"Владыкино";"Серпуховско-Тимирязевская линия";"2023";"I квартал";"1320664";"1541380";"2581188923";
"Тимирязевская";"Серпуховско-Тимирязевская линия";"2023";"I квартал";"1532212";"1511180";"2581188925";
"Дмитровская";"Серпуховско-Тимирязевская линия";"2023";"I квартал";"2780844";"2846671";"2581188927";
"Савёловская";"Серпуховско-Тимирязевская линия";"2023";"I квартал";"3197305";"3159807";"2581188928";
"Менделеевская";"Серпуховско-Тимирязевская линия";"2023";"I квартал";"2137068";"2262209";"2581188929";
"Цветной бульвар";"Серпуховско-Тимирязевская линия";"2023";"I квартал";"1870060";"1961040";"2581188930";
"Чеховская";"Серпуховско-Тимирязевская линия";"2023";"I квартал";"1859864";"1975273";"2581188931";
"Боровицкая";"Серпуховско-Тимирязевская линия";"2023";"I квартал";"545438";"577660";"2581188932";
"Полянка";"Серпуховско-Тимирязевская линия";"2023";"I квартал";"1376649";"1454335";"2581188933";
"Серпуховская";"Серпуховско-Тимирязевская линия";"2023";"I квартал";"1698243";"1824097";"2581188934";
"Тульская";"Серпуховско-Тимирязевская линия";"2023";"I квартал";"2347608";"2482363";"2581188935";
"Нагатинская";"Серпуховско-Тимирязевская линия";"2023";"I квартал";"4573953";"4642512";"2581188937";
"Нагорная";"Серпуховско-Тимирязевская линия";"2023";"I квартал";"1447542";"1478328";"2581188938";
"Нахимовский проспект";"Серпуховско-Тимирязевская линия";"2023";"I квартал";"1949590";"1966199";"2581188939";
"Севастопольская";"Серпуховско-Тимирязевская линия";"2023";"I квартал";"798379";"825737";"2581188940";
"Чертановская";"Серпуховско-Тимирязевская линия";"2023";"I квартал";"2883979";"2859973";"2581188941";
"Южная";"Серпуховско-Тимирязевская линия";"2023";"I квартал";"2043294";"2011954";"2581188942";
"Пражская";"Серпуховско-Тимирязевская линия";"2023";"I квартал";"4622325";"4566584";"2581188943";
"Улица академика Янгеля";"Серпуховско-Тимирязевская линия";"2023";"I квартал";"2341233";"2279088";"2581188944";
"Аннино";"Серпуховско-Тимирязевская линия";"2023";"I квартал";"2190039";"2014619";"2581188945";
"Бульвар Дмитрия Донского";"Серпуховско-Тимирязевская линия";"2023";"I квартал";"4741667";"4559598";"2581188946";
"Бульвар Рокоссовского";"Сокольническая линия";"2023";"I квартал";"2049377";"2030800";"2581188948";
"Черкизовская";"Сокольническая линия";"2023";"I квартал";"1502629";"1323352";"2581188949";
"Преображенская площадь";"Сокольническая линия";"2023";"I квартал";"3541811";"3575127";"2581188950";
"Красносельская";"Сокольническая линия";"2023";"I квартал";"1741259";"1796056";"2581188952";
"Комсомольская";"Сокольническая линия";"2023";"I квартал";"2620143";"2157713";"2581188953";
"Красные ворота";"Сокольническая линия";"2023";"I квартал";"2006475";"2070606";"2581188954";
"Чистые пруды";"Сокольническая линия";"2023";"I квартал";"1586284";"1660044";"2581188956";
"Лубянка";"Сокольническая линия";"2023";"I квартал";"2218576";"2267496";"2581188957";
"Охотный ряд";"Сокольническая линия";"2023";"I квартал";"3932435";"3892003";"2581188958";
"Библиотека имени Ленина";"Сокольническая линия";"2023";"I квартал";"0";"0";"2581188959";
"Кропоткинская";"Сокольническая линия";"2023";"I квартал";"1992384";"2073986";"2581188960";
"Парк культуры";"Сокольническая линия";"2023";"I квартал";"565727";"595609";"2581188961";
"Фрунзенская";"Сокольническая линия";"2023";"I квартал";"2216093";"2328106";"2581188962";
"Спортивная";"Сокольническая линия";"2023";"I квартал";"1656424";"1821517";"2581188964";
"Воробьёвы горы";"Сокольническая линия";"2023";"I квартал";"731598";"706918";"2581188965";
"Университет";"Сокольническая линия";"2023";"I квартал";"2663270";"2696065";"2581188966";
"Юго-Западная";"Сокольническая линия";"2023";"I квартал";"4366172";"4421177";"2581188968";
"Тропарёво";"Сокольническая линия";"2023";"I квартал";"1527376";"1503447";"2581188969";
"Румянцево";"Сокольническая линия";"2023";"I квартал";"889264";"892644";"2581188970";
"Саларьево";"Сокольническая линия";"2023";"I квартал";"3412917";"3117020";"2581188971";
"Филатов луг";"Сокольническая линия";"2023";"I квартал";"1343583";"1297178";"2581188972";
"Прокшино";"Сокольническая линия";"2023";"I квартал";"575442";"558625";"2581188974";
"Ольховая";"Сокольническая линия";"2023";"I квартал";"714473";"676933";"2581188975";
"Новомосковская";"Сокольническая линия";"2023";"I квартал";"1299287";"1278755";"2581188976";
"Деловой центр";"Солнцевская линия";"2023";"I квартал";"1147986";"1159697";"2581188977";
"Парк Победы";"Солнцевская линия";"2023";"I квартал";"297839";"306679";"2581188978";
"Минская";"Солнцевская линия";"2023";"I квартал";"540044";"554249";"2581188979";
"Ломоносовский проспект";"Солнцевская линия";"2023";"I квартал";"1112004";"1120025";"2581188980";
"Раменки";"Солнцевская линия";"2023";"I квартал";"1496351";"1478825";"2581188981";
"Мичуринский проспект";"Солнцевская линия";"2023";"I квартал";"256584";"261054";"2581188982";
"Озёрная";"Солнцевская линия";"2023";"I квартал";"1390293";"1370124";"2581188984";
"Говорово";"Солнцевская линия";"2023";"I квартал";"1065961";"1023867";"2581188985";
"Солнцево";"Солнцевская линия";"2023";"I квартал";"1533152";"1476739";"2581188986";
"Боровское шоссе";"Солнцевская линия";"2023";"I квартал";"502435";"477895";"2581188987";
"Новопеределкино";"Солнцевская линия";"2023";"I квартал";"1422955";"1357326";"2581188988";
"Рассказовка";"Солнцевская линия";"2023";"I квартал";"1875695";"1785068";"2581188989";
"Планерная";"Таганско-Краснопресненская линия";"2023";"I квартал";"3422094";"3291624";"2581188990";
"Сходненская";"Таганско-Краснопресненская линия";"2023";"I квартал";"4062775";"3972681";"2581188991";
"Тушинская";"Таганско-Краснопресненская линия";"2023";"I квартал";"3625668";"3469833";"2581188993";
"Спартак";"Таганско-Краснопресненская линия";"2023";"I квартал";"451800";"442827";"2581188994";
"Щукинская";"Таганско-Краснопресненская линия";"2023";"I квартал";"3440533";"3420961";"2581188995";
"Октябрьское поле";"Таганско-Краснопресненская линия";"2023";"I квартал";"3267117";"3315385";"2581188996";
"Полежаевская";"Таганско-Краснопресненская линия";"2023";"I квартал";"2384929";"2431233";"2581188997";
"Беговая";"Таганско-Краснопресненская линия";"2023";"I квартал";"2963116";"2979263";"2581188998";
"Улица 1905 года";"Таганско-Краснопресненская линия";"2023";"I квартал";"3520044";"3667579";"2581188999";
"Баррикадная";"Таганско-Краснопресненская линия";"2023";"I квартал";"1764964";"1840184";"2581189000";
"Пушкинская";"Таганско-Краснопресненская линия";"2023";"I квартал";"3531707";"3698296";"2581189001";
"Кузнецкий мост";"Таганско-Краснопресненская линия";"2023";"I квартал";"1883226";"1992281";"2581189002";
"Таганская";"Таганско-Краснопресненская линия";"2023";"I квартал";"1295366";"1328178";"2581189005";
"Пролетарская";"Таганско-Краснопресненская линия";"2023";"I квартал";"2670147";"2707695";"2581189006";
"Волгоградский проспект";"Таганско-Краснопресненская линия";"2023";"I квартал";"1774027";"1787873";"2581189007";
"Текстильщики";"Таганско-Краснопресненская линия";"2023";"I квартал";"4986825";"4936168";"2581189008";
"Кузьминки";"Таганско-Краснопресненская линия";"2023";"I квартал";"4723800";"4670313";"2581189009";
"Рязанский проспект";"Таганско-Краснопресненская линия";"2023";"I квартал";"2672428";"2657992";"2581189010";
"Выхино";"Таганско-Краснопресненская линия";"2023";"I квартал";"5155229";"4951932";"2581189011";
"Лермонтовский проспект";"Таганско-Краснопресненская линия";"2023";"I квартал";"1694304";"1625539";"2581189013";
"Жулебино";"Таганско-Краснопресненская линия";"2023";"I квартал";"2205155";"2150536";"2581189014";
"Котельники";"Таганско-Краснопресненская линия";"2023";"I квартал";"4701467";"4209410";"2581189015";
"Пионерская";"Филёвская линия";"2023";"I квартал";"512064";"495643";"2581189017";
"Филёвский парк";"Филёвская линия";"2023";"I квартал";"733649";"709571";"2581189018";
"Багратионовская";"Филёвская линия";"2023";"I квартал";"1303015";"1305285";"2581189019";
"Фили";"Филёвская линия";"2023";"I квартал";"1417666";"1421397";"2581189020";
"Кутузовская";"Филёвская линия";"2023";"I квартал";"567179";"606397";"2581189022";
"Студенческая";"Филёвская линия";"2023";"I квартал";"528227";"545028";"2581189024";
"Смоленская";"Филёвская линия";"2023";"I квартал";"714730";"732587";"2581189026";
"Арбатская";"Филёвская линия";"2023";"I квартал";"464121";"451823";"2581189027";
"Александровский сад";"Филёвская линия";"2023";"I квартал";"1400789";"1417294";"2581189028";
"Москва-Сити";"Филёвская линия";"2023";"I квартал";"521512";"537420";"2581189029";
"Деловой центр";"Филёвская линия";"2023";"I квартал";"1281280";"1284574";"2581189030";
"Лихоборы";"Московское центральное кольцо";"2023";"I квартал";"918598";"938108";"2581189577";
"Ростокино";"Московское центральное кольцо";"2023";"I квартал";"2518183";"2542177";"2581189581";
"Белокаменная";"Московское центральное кольцо";"2023";"I квартал";"124801";"131030";"2581189582";
"Локомотив";"Московское центральное кольцо";"2023";"I квартал";"915166";"949104";"2581189584";
"Измайлово";"Московское центральное кольцо";"2023";"I квартал";"773381";"837997";"2581189586";
"Соколиная Гора";"Московское центральное кольцо";"2023";"I квартал";"517213";"549014";"2581189587";
"Андроновка";"Московское центральное кольцо";"2023";"I квартал";"651264";"656351";"2581189590";
"Новохохловская";"Московское центральное кольцо";"2023";"I квартал";"669430";"689631";"2581189592";
"Угрешская";"Московское центральное кольцо";"2023";"I квартал";"409965";"433396";"2581189593";
"ЗИЛ";"Московское центральное кольцо";"2023";"I квартал";"1019783";"1070966";"2581189596";
"Верхние Котлы";"Московское центральное кольцо";"2023";"I квартал";"1564580";"1619835";"2581189597";
"Крымская";"Московское центральное кольцо";"2023";"I квартал";"866050";"909133";"2581189599";
"Площадь Гагарина";"Московское центральное кольцо";"2023";"I квартал";"998133";"1241140";"2581189600";
"Лужники";"Московское центральное кольцо";"2023";"I квартал";"748728";"879939";"2581189601";
"Хорошёво";"Московское центральное кольцо";"2023";"I квартал";"569914";"605205";"2581189605";
"Зорге";"Московское центральное кольцо";"2023";"I квартал";"403618";"425432";"2581189606";
"Панфиловская";"Московское центральное кольцо";"2023";"I квартал";"525331";"558426";"2581189607";
"Стрешнево";"Московское центральное кольцо";"2023";"I квартал";"1278104";"1320333";"2581189608";
"Балтийская";"Московское центральное кольцо";"2023";"I квартал";"919309";"1000549";"2581189609";
"Коптево";"Московское центральное кольцо";"2023";"I квартал";"1299959";"1360315";"2581189610";
"Шелепиха";"Московское центральное кольцо";"2023";"I квартал";"640539";"696182";"2581189706";
"Кунцевская";"Арбатско-Покровская линия";"2023";"I квартал";"956077";"962063";"2581189785";
"Парк Победы";"Арбатско-Покровская линия";"2023";"I квартал";"1313069";"1310812";"2581189797";
"Смоленская";"Арбатско-Покровская линия";"2023";"I квартал";"2231133";"2331527";"2581190018";
"Арбатская";"Арбатско-Покровская линия";"2023";"I квартал";"2198740";"2312376";"2581190032";
"Курская";"Арбатско-Покровская линия";"2023";"I квартал";"1821658";"1882493";"2581190036";
"Савёловская";"Большая кольцевая линия";"2023";"I квартал";"1172449";"1188445";"2581190042";
"Петровский парк";"Большая кольцевая линия";"2023";"I квартал";"1027306";"1063149";"2581190054";
"Шелепиха";"Большая кольцевая линия";"2023";"I квартал";"905289";"934845";"2581190062";
"Деловой центр";"Большая кольцевая линия";"2023";"I квартал";"1307921";"1316894";"2581190067";
"Лефортово";"Большая кольцевая линия";"2023";"I квартал";"625205";"622720";"2581190087";
"Электрозаводская";"Большая кольцевая линия";"2023";"I квартал";"980671";"1287421";"2581190162";
"Мичуринский проспект";"Большая кольцевая линия";"2023";"I квартал";"779283";"787509";"2581190173";
"Варшавская";"Большая кольцевая линия";"2023";"I квартал";"542841";"544403";"2581190181";
"Каширская";"Большая кольцевая линия";"2023";"I квартал";"720055";"753615";"2581190189";
"Печатники";"Большая кольцевая линия";"2023";"I квартал";"93058";"95169";"2581190194";
"Текстильщики";"Большая кольцевая линия";"2023";"I квартал";"347930";"412001";"2581190203";
"Авиамоторная";"Калининская линия";"2023";"I квартал";"3331127";"3493089";"2581190217";
"Третьяковская";"Калининская линия";"2023";"I квартал";"2435257";"2556258";"2581190222";
"Рижская";"Калужско-Рижская линия";"2023";"I квартал";"1096231";"1111321";"2581190234";
"Проспект Мира";"Калужско-Рижская линия";"2023";"I квартал";"1767455";"1820085";"2581190245";
"Третьяковская";"Калужско-Рижская линия";"2023";"I квартал";"0";"0";"2581190248";
"Киевская";"Кольцевая линия";"2023";"I квартал";"2677220";"2653040";"2581190254";
"Белорусская";"Кольцевая линия";"2023";"I квартал";"3892265";"3704269";"2581190258";
"Комсомольская";"Кольцевая линия";"2023";"I квартал";"7619557";"6332992";"2581190268";
"Таганская";"Кольцевая линия";"2023";"I квартал";"2064438";"2136441";"2581190278";
"Павелецкая";"Кольцевая линия";"2023";"I квартал";"3688958";"3816272";"2581190282";
"Октябрьская";"Кольцевая линия";"2023";"I квартал";"1948060";"2046662";"2581190289";
"Парк культуры";"Кольцевая линия";"2023";"I квартал";"2744569";"2865320";"2581190297";
"Марьина Роща";"Люблинско-Дмитровская линия";"2023";"I квартал";"2233584";"2288170";"2581190305";
"Тимирязевская";"Московская монорельсовая транспортная система";"2023";"I квартал";"45998";"38906";"2581190315";
"Окружная";"Московское центральное кольцо";"2023";"I квартал";"1204701";"1228513";"2581190325";
"Владыкино";"Московское центральное кольцо";"2023";"I квартал";"590451";"773549";"2581190433";
"Ботанический сад";"Московское центральное кольцо";"2023";"I квартал";"960458";"1164470";"2581190445";
"Бульвар Рокоссовского";"Московское центральное кольцо";"2023";"I квартал";"822495";"858423";"2581190458";
"Шоссе Энтузиастов";"Московское центральное кольцо";"2023";"I квартал";"628741";"705080";"2581190468";
"Нижегородская";"Московское центральное кольцо";"2023";"I квартал";"1692252";"1822210";"2581190482";
"Дубровка";"Московское центральное кольцо";"2023";"I квартал";"702540";"750437";"2581190493";
"Автозаводская";"Московское центральное кольцо";"2023";"I квартал";"686989";"723341";"2581190507";
"Кутузовская";"Московское центральное кольцо";"2023";"I квартал";"1516123";"1676698";"2581190515";
"Москва-Сити";"Московское центральное кольцо";"2023";"I квартал";"1243724";"1341390";"2581190522";
"Петровско-Разумовская";"Серпуховско-Тимирязевская линия";"2023";"I квартал";"0";"0";"2581190534";
"Сокольники";"Сокольническая линия";"2023";"I квартал";"1892829";"1916655";"2581190542";
"Проспект Вернадского";"Сокольническая линия";"2023";"I квартал";"2129756";"2141124";"2581190555";
"Китай-город";"Таганско-Краснопресненская линия";"2023";"I квартал";"0";"0";"2581190560";
"Кунцевская";"Филёвская линия";"2023";"I квартал";"518577";"502962";"2581190572";
"Киевская";"Филёвская линия";"2023";"I квартал";"0";"0";"2581190586";
"Пятницкое шоссе";"Арбатско-Покровская линия";"2023";"II квартал";"1638403";"1545067";"2602065891";
"Митино";"Арбатско-Покровская линия";"2023";"II квартал";"2150247";"2059907";"2602065892";
"Волоколамская";"Арбатско-Покровская линия";"2023";"II квартал";"1563539";"1524313";"2602065893";
"Мякинино";"Арбатско-Покровская линия";"2023";"II квартал";"1595360";"1521452";"2602065894";
"Строгино";"Арбатско-Покровская линия";"2023";"II квартал";"2594422";"2551576";"2602065895";
"Крылатское";"Арбатско-Покровская линия";"2023";"II квартал";"2339145";"2293924";"2602065896";
"Молодёжная";"Арбатско-Покровская линия";"2023";"II квартал";"3903434";"3835854";"2602065897";
"Славянский бульвар";"Арбатско-Покровская линия";"2023";"II квартал";"4804395";"4672992";"2602065899";
"Киевская";"Арбатско-Покровская линия";"2023";"II квартал";"3664420";"3377843";"2602065901";
"Площадь Революции";"Арбатско-Покровская линия";"2023";"II квартал";"2958456";"2960304";"2602065904";
"Бауманская";"Арбатско-Покровская линия";"2023";"II квартал";"4654189";"4864065";"2602065906";
"Электрозаводская";"Арбатско-Покровская линия";"2023";"II квартал";"2493749";"2706949";"2602065907";
"Семёновская";"Арбатско-Покровская линия";"2023";"II квартал";"2539043";"2607677";"2602065908";
"Партизанская";"Арбатско-Покровская линия";"2023";"II квартал";"1786114";"1698455";"2602065909";
"Измайловская";"Арбатско-Покровская линия";"2023";"II квартал";"1625271";"1631261";"2602065910";
"Первомайская";"Арбатско-Покровская линия";"2023";"II квартал";"2998639";"2969627";"2602065911";
"Щёлковская";"Арбатско-Покровская линия";"2023";"II квартал";"6473743";"6118432";"2602065912";
"ЦСКА";"Большая кольцевая линия";"2023";"II квартал";"2902427";"2980057";"2602065915";
"Хорошёвская";"Большая кольцевая линия";"2023";"II квартал";"1027960";"1044314";"2602065916";
"Народное Ополчение";"Большая кольцевая линия";"2023";"II квартал";"1868234";"1860597";"2602065919";
"Мнёвники";"Большая кольцевая линия";"2023";"II квартал";"69095";"63509";"2602065920";
"Авиамоторная";"Большая кольцевая линия";"2023";"II квартал";"1134140";"1269987";"2602065921";
"Терехово";"Большая кольцевая линия";"2023";"II квартал";"543069";"578311";"2602065924";
"Кунцевская";"Большая кольцевая линия";"2023";"II квартал";"1761990";"1757667";"2602065925";
"Давыдково";"Большая кольцевая линия";"2023";"II квартал";"1065561";"1069627";"2602065926";
"Аминьевская";"Большая кольцевая линия";"2023";"II квартал";"1492667";"1467182";"2602065927";
"Проспект Вернадского";"Большая кольцевая линия";"2023";"II квартал";"693052";"707563";"2602065929";
"Новаторская";"Большая кольцевая линия";"2023";"II квартал";"1284259";"1293247";"2602065930";
"Воронцовская";"Большая кольцевая линия";"2023";"II квартал";"1450278";"1501105";"2602065931";
"Зюзино";"Большая кольцевая линия";"2023";"II квартал";"1805568";"1811472";"2602065932";
"Каховская";"Большая кольцевая линия";"2023";"II квартал";"1433169";"1460786";"2602065933";
"Кленовый бульвар";"Большая кольцевая линия";"2023";"II квартал";"714851";"726875";"2602065936";
"Нагатинский Затон";"Большая кольцевая линия";"2023";"II квартал";"510892";"516258";"2602065937";
"Сокольники";"Большая кольцевая линия";"2023";"II квартал";"1425214";"1482335";"2602065940";
"Рижская";"Большая кольцевая линия";"2023";"II квартал";"507081";"524871";"2602065941";
"Марьина Роща";"Большая кольцевая линия";"2023";"II квартал";"561328";"571134";"2602065942";
"Битцевский парк";"Бутовская линия";"2023";"II квартал";"278623";"210555";"2602065943";
"Лесопарковая";"Бутовская линия";"2023";"II квартал";"629985";"593719";"2602065944";
"Улица Старокачаловская";"Бутовская линия";"2023";"II квартал";"0";"0";"2602065945";
"Улица Скобелевская";"Бутовская линия";"2023";"II квартал";"1665260";"1587883";"2602065946";
"Бульвар адмирала Ушакова";"Бутовская линия";"2023";"II квартал";"975666";"959714";"2602065947";
"Улица Горчакова";"Бутовская линия";"2023";"II квартал";"827247";"806747";"2602065948";
"Бунинская аллея";"Бутовская линия";"2023";"II квартал";"1903982";"1852840";"2602065949";
"Ховрино";"Замоскворецкая линия";"2023";"II квартал";"4185368";"3807866";"2602065950";
"Беломорская";"Замоскворецкая линия";"2023";"II квартал";"2530692";"2404569";"2602065951";
"Речной вокзал";"Замоскворецкая линия";"2023";"II квартал";"2432193";"2365595";"2602065952";
"Водный стадион";"Замоскворецкая линия";"2023";"II квартал";"3542347";"3524873";"2602065953";
"Войковская";"Замоскворецкая линия";"2023";"II квартал";"3967192";"3986317";"2602065954";
"Сокол";"Замоскворецкая линия";"2023";"II квартал";"3012221";"3052869";"2602065955";
"Аэропорт";"Замоскворецкая линия";"2023";"II квартал";"2921234";"2991372";"2602065956";
"Динамо";"Замоскворецкая линия";"2023";"II квартал";"2336893";"2371499";"2602065957";
"Белорусская";"Замоскворецкая линия";"2023";"II квартал";"2386004";"2276563";"2602065958";
"Маяковская";"Замоскворецкая линия";"2023";"II квартал";"2931027";"3036165";"2602065959";
"Тверская";"Замоскворецкая линия";"2023";"II квартал";"0";"0";"2602065960";
"Театральная";"Замоскворецкая линия";"2023";"II квартал";"0";"0";"2602065961";
"Новокузнецкая";"Замоскворецкая линия";"2023";"II квартал";"2475950";"2608778";"2602065962";
"Павелецкая";"Замоскворецкая линия";"2023";"II квартал";"3229177";"2699470";"2602065963";
"Автозаводская";"Замоскворецкая линия";"2023";"II квартал";"3943841";"4007710";"2602065964";
"Технопарк";"Замоскворецкая линия";"2023";"II квартал";"992489";"1003479";"2602065965";
"Коломенская";"Замоскворецкая линия";"2023";"II квартал";"1846466";"1886631";"2602065966";
"Каширская";"Замоскворецкая линия";"2023";"II квартал";"0";"0";"2602065967";
"Кантемировская";"Замоскворецкая линия";"2023";"II квартал";"1425625";"1443598";"2602065968";
"Царицыно";"Замоскворецкая линия";"2023";"II квартал";"2740850";"2687480";"2602065969";
"Орехово";"Замоскворецкая линия";"2023";"II квартал";"1350849";"1290980";"2602065970";
"Домодедовская";"Замоскворецкая линия";"2023";"II квартал";"3691619";"3454012";"2602065971";
"Красногвардейская";"Замоскворецкая линия";"2023";"II квартал";"1023118";"1005807";"2602065972";
"Алма-Атинская";"Замоскворецкая линия";"2023";"II квартал";"987561";"959338";"2602065973";
"Новокосино";"Калининская линия";"2023";"II квартал";"5251402";"5067908";"2602065974";
"Новогиреево";"Калининская линия";"2023";"II квартал";"5917244";"5708910";"2602065975";
"Перово";"Калининская линия";"2023";"II квартал";"3446333";"3409826";"2602065976";
"Шоссе Энтузиастов";"Калининская линия";"2023";"II квартал";"1816574";"1935248";"2602065977";
"Площадь Ильича";"Калининская линия";"2023";"II квартал";"1610194";"1627918";"2602065979";
"Марксистская";"Калининская линия";"2023";"II квартал";"1956267";"2035368";"2602065980";
"Медведково";"Калужско-Рижская линия";"2023";"II квартал";"4658151";"4465596";"2602065982";
"Бабушкинская";"Калужско-Рижская линия";"2023";"II квартал";"4083495";"4032066";"2602065983";
"Свиблово";"Калужско-Рижская линия";"2023";"II квартал";"2094271";"2090597";"2602065984";
"Ботанический сад";"Калужско-Рижская линия";"2023";"II квартал";"1689348";"1869044";"2602065985";
"ВДНХ";"Калужско-Рижская линия";"2023";"II квартал";"6703180";"6387324";"2602065986";
"Алексеевская";"Калужско-Рижская линия";"2023";"II квартал";"2787923";"2845856";"2602065987";
"Сухаревская";"Калужско-Рижская линия";"2023";"II квартал";"1798427";"1893165";"2602065990";
"Тургеневская";"Калужско-Рижская линия";"2023";"II квартал";"1661313";"1754837";"2602065991";
"Китай-город";"Калужско-Рижская линия";"2023";"II квартал";"5310318";"5492982";"2602065992";
"Октябрьская";"Калужско-Рижская линия";"2023";"II квартал";"1085957";"1133808";"2602065994";
"Шаболовская";"Калужско-Рижская линия";"2023";"II квартал";"2193949";"2306775";"2602065995";
"Ленинский проспект";"Калужско-Рижская линия";"2023";"II квартал";"3133182";"3551295";"2602065996";
"Академическая";"Калужско-Рижская линия";"2023";"II квартал";"2911356";"2933000";"2602065997";
"Профсоюзная";"Калужско-Рижская линия";"2023";"II квартал";"2692230";"2749115";"2602065998";
"Новые Черёмушки";"Калужско-Рижская линия";"2023";"II квартал";"2968059";"3013655";"2602065999";
"Калужская";"Калужско-Рижская линия";"2023";"II квартал";"2001048";"2090500";"2602066000";
"Беляево";"Калужско-Рижская линия";"2023";"II квартал";"3242047";"3287782";"2602066001";
"Коньково";"Калужско-Рижская линия";"2023";"II квартал";"2384608";"2368295";"2602066002";
"Тёплый стан";"Калужско-Рижская линия";"2023";"II квартал";"5431209";"5319497";"2602066003";
"Ясенево";"Калужско-Рижская линия";"2023";"II квартал";"2638262";"2593829";"2602066004";
"Новоясеневская";"Калужско-Рижская линия";"2023";"II квартал";"570341";"545808";"2602066005";
"Краснопресненская";"Кольцевая линия";"2023";"II квартал";"2063994";"2091198";"2602066007";
"Новослободская";"Кольцевая линия";"2023";"II квартал";"2458115";"2612077";"2602066009";
"Проспект Мира";"Кольцевая линия";"2023";"II квартал";"2049657";"2111747";"2602066010";
"Курская";"Кольцевая линия";"2023";"II квартал";"2657416";"2417194";"2602066012";
"Добрынинская";"Кольцевая линия";"2023";"II квартал";"1771336";"1860342";"2602066015";
"Селигерская";"Люблинско-Дмитровская линия";"2023";"II квартал";"3871827";"3764761";"2602066018";
"Верхние Лихоборы";"Люблинско-Дмитровская линия";"2023";"II квартал";"1197340";"1180066";"2602066019";
"Окружная";"Люблинско-Дмитровская линия";"2023";"II квартал";"1084210";"1096319";"2602066020";
"Петровско-Разумовская";"Люблинско-Дмитровская линия";"2023";"II квартал";"1894147";"1803309";"2602066021";
"Фонвизинская";"Люблинско-Дмитровская линия";"2023";"II квартал";"1306071";"1294382";"2602066022";
"Бутырская";"Люблинско-Дмитровская линия";"2023";"II квартал";"1273201";"1303994";"2602066023";
"Достоевская";"Люблинско-Дмитровская линия";"2023";"II квартал";"1160603";"1200823";"2602066025";
"Трубная";"Люблинско-Дмитровская линия";"2023";"II квартал";"1740979";"1837205";"2602066026";
"Сретенский бульвар";"Люблинско-Дмитровская линия";"2023";"II квартал";"735048";"779428";"2602066027";
"Чкаловская";"Люблинско-Дмитровская линия";"2023";"II квартал";"3688798";"3566792";"2602066028";
"Римская";"Люблинско-Дмитровская линия";"2023";"II квартал";"1489759";"1515640";"2602066029";
"Крестьянская застава";"Люблинско-Дмитровская линия";"2023";"II квартал";"706771";"737918";"2602066030";
"Дубровка";"Люблинско-Дмитровская линия";"2023";"II квартал";"1603467";"1679063";"2602066031";
"Кожуховская";"Люблинско-Дмитровская линия";"2023";"II квартал";"1972197";"2036955";"2602066032";
"Печатники";"Люблинско-Дмитровская линия";"2023";"II квартал";"1995738";"1989517";"2602066033";
"Волжская";"Люблинско-Дмитровская линия";"2023";"II квартал";"1422008";"1436700";"2602066034";
"Люблино";"Люблинско-Дмитровская линия";"2023";"II квартал";"3921302";"3777181";"2602066035";
"Братиславская";"Люблинско-Дмитровская линия";"2023";"II квартал";"3330831";"3303082";"2602066036";
"Марьино";"Люблинско-Дмитровская линия";"2023";"II квартал";"2743390";"2697235";"2602066037";
"Борисово";"Люблинско-Дмитровская линия";"2023";"II квартал";"1117933";"1091843";"2602066038";
"Шипиловская";"Люблинско-Дмитровская линия";"2023";"II квартал";"1396807";"1372529";"2602066039";
"Зябликово";"Люблинско-Дмитровская линия";"2023";"II квартал";"1870700";"1769346";"2602066040";
"Улица Сергея Эйзенштейна";"Московская монорельсовая транспортная система";"2023";"II квартал";"19902";"16688";"2602066041";
"Выставочный центр";"Московская монорельсовая транспортная система";"2023";"II квартал";"91049";"78919";"2602066042";
"Улица Академика Королёва";"Московская монорельсовая транспортная система";"2023";"II квартал";"12794";"11362";"2602066043";
"Телецентр";"Московская монорельсовая транспортная система";"2023";"II квартал";"33865";"29949";"2602066044";
"Улица Милашенкова";"Московская монорельсовая транспортная система";"2023";"II квартал";"18792";"16755";"2602066045";
"Лихоборы";"Московское центральное кольцо";"2023";"II квартал";"975523";"991138";"2602066047";
"Ростокино";"Московское центральное кольцо";"2023";"II квартал";"2743917";"2743392";"2602066051";
"Белокаменная";"Московское центральное кольцо";"2023";"II квартал";"142429";"148459";"2602066052";
"Локомотив";"Московское центральное кольцо";"2023";"II квартал";"1006102";"1030716";"2602066054";
"Измайлово";"Московское центральное кольцо";"2023";"II квартал";"914881";"967043";"2602066055";
"Соколиная Гора";"Московское центральное кольцо";"2023";"II квартал";"587627";"620339";"2602066056";
"Андроновка";"Московское центральное кольцо";"2023";"II квартал";"622453";"621126";"2602066058";
"Новохохловская";"Московское центральное кольцо";"2023";"II квартал";"596871";"612988";"2602066060";
"Угрешская";"Московское центральное кольцо";"2023";"II квартал";"458634";"482524";"2602066061";
"ЗИЛ";"Московское центральное кольцо";"2023";"II квартал";"1034042";"1083810";"2602066064";
"Верхние Котлы";"Московское центральное кольцо";"2023";"II квартал";"1543852";"1590279";"2602066065";
"Крымская";"Московское центральное кольцо";"2023";"II квартал";"922793";"966999";"2602066066";
"Площадь Гагарина";"Московское центральное кольцо";"2023";"II квартал";"1131761";"1354000";"2602066067";
"Лужники";"Московское центральное кольцо";"2023";"II квартал";"882888";"1007942";"2602066068";
"Шелепиха";"Московское центральное кольцо";"2023";"II квартал";"724005";"776459";"2602066071";
"Хорошёво";"Московское центральное кольцо";"2023";"II квартал";"591857";"629034";"2602066072";
"Зорге";"Московское центральное кольцо";"2023";"II квартал";"434252";"452460";"2602066073";
"Панфиловская";"Московское центральное кольцо";"2023";"II квартал";"574388";"605755";"2602066074";
"Стрешнево";"Московское центральное кольцо";"2023";"II квартал";"1441361";"1482831";"2602066075";
"Балтийская";"Московское центральное кольцо";"2023";"II квартал";"981780";"1062302";"2602066076";
"Коптево";"Московское центральное кольцо";"2023";"II квартал";"1419695";"1483273";"2602066077";
"Нижегородская";"Некрасовская линия";"2023";"II квартал";"2618858";"2969314";"2602066078";
"Стахановская";"Некрасовская линия";"2023";"II квартал";"675337";"700183";"2602066079";
"Окская";"Некрасовская линия";"2023";"II квартал";"768663";"789425";"2602066080";
"Юго-Восточная";"Некрасовская линия";"2023";"II квартал";"1156680";"1171161";"2602066081";
"Косино";"Некрасовская линия";"2023";"II квартал";"490625";"473721";"2602066082";
"Улица Дмитриевского";"Некрасовская линия";"2023";"II квартал";"864864";"866902";"2602066083";
"Лухмановская";"Некрасовская линия";"2023";"II квартал";"1534892";"1500082";"2602066084";
"Некрасовка";"Некрасовская линия";"2023";"II квартал";"4967109";"4885505";"2602066085";
"Алтуфьево";"Серпуховско-Тимирязевская линия";"2023";"II квартал";"3948881";"3825602";"2602066086";
"Бибирево";"Серпуховско-Тимирязевская линия";"2023";"II квартал";"2395450";"2384840";"2602066087";
"Отрадное";"Серпуховско-Тимирязевская линия";"2023";"II квартал";"4108031";"4111934";"2602066088";
"Владыкино";"Серпуховско-Тимирязевская линия";"2023";"II квартал";"1459925";"1666705";"2602066089";
"Тимирязевская";"Серпуховско-Тимирязевская линия";"2023";"II квартал";"1577275";"1551674";"2602066091";
"Дмитровская";"Серпуховско-Тимирязевская линия";"2023";"II квартал";"2909151";"2977433";"2602066092";
"Савёловская";"Серпуховско-Тимирязевская линия";"2023";"II квартал";"3051286";"2994617";"2602066093";
"Менделеевская";"Серпуховско-Тимирязевская линия";"2023";"II квартал";"2073690";"2199959";"2602066094";
"Цветной бульвар";"Серпуховско-Тимирязевская линия";"2023";"II квартал";"1579142";"1651519";"2602066095";
"Чеховская";"Серпуховско-Тимирязевская линия";"2023";"II квартал";"1411742";"1496114";"2602066096";
"Боровицкая";"Серпуховско-Тимирязевская линия";"2023";"II квартал";"522750";"547798";"2602066097";
"Полянка";"Серпуховско-Тимирязевская линия";"2023";"II квартал";"1410064";"1476007";"2602066098";
"Серпуховская";"Серпуховско-Тимирязевская линия";"2023";"II квартал";"1815300";"1921252";"2602066099";
"Тульская";"Серпуховско-Тимирязевская линия";"2023";"II квартал";"2718229";"2825879";"2602066100";
"Нагатинская";"Серпуховско-Тимирязевская линия";"2023";"II квартал";"3745162";"3780571";"2602066101";
"Нагорная";"Серпуховско-Тимирязевская линия";"2023";"II квартал";"1456677";"1484919";"2602066102";
"Нахимовский проспект";"Серпуховско-Тимирязевская линия";"2023";"II квартал";"1823884";"1844752";"2602066103";
"Севастопольская";"Серпуховско-Тимирязевская линия";"2023";"II квартал";"813143";"839996";"2602066104";
"Чертановская";"Серпуховско-Тимирязевская линия";"2023";"II квартал";"2876580";"2855922";"2602066105";
"Южная";"Серпуховско-Тимирязевская линия";"2023";"II квартал";"2010084";"1985112";"2602066106";
"Пражская";"Серпуховско-Тимирязевская линия";"2023";"II квартал";"4518163";"4483687";"2602066107";
"Улица академика Янгеля";"Серпуховско-Тимирязевская линия";"2023";"II квартал";"2403315";"2339408";"2602066108";
"Аннино";"Серпуховско-Тимирязевская линия";"2023";"II квартал";"2356647";"2172149";"2602066109";
"Бульвар Дмитрия Донского";"Серпуховско-Тимирязевская линия";"2023";"II квартал";"4870048";"4679221";"2602066110";
"Бульвар Рокоссовского";"Сокольническая линия";"2023";"II квартал";"2158762";"2137886";"2602066111";
"Черкизовская";"Сокольническая линия";"2023";"II квартал";"1672063";"1465433";"2602066112";
"Преображенская площадь";"Сокольническая линия";"2023";"II квартал";"3726836";"3766437";"2602066113";
"Красносельская";"Сокольническая линия";"2023";"II квартал";"1791287";"1839413";"2602066115";
"Комсомольская";"Сокольническая линия";"2023";"II квартал";"2677825";"2216517";"2602066116";
"Красные ворота";"Сокольническая линия";"2023";"II квартал";"2071812";"2131718";"2602066117";
"Чистые пруды";"Сокольническая линия";"2023";"II квартал";"1750285";"1828032";"2602066118";
"Лубянка";"Сокольническая линия";"2023";"II квартал";"2155974";"2217346";"2602066119";
"Охотный ряд";"Сокольническая линия";"2023";"II квартал";"4082502";"4069640";"2602066120";
"Библиотека имени Ленина";"Сокольническая линия";"2023";"II квартал";"0";"0";"2602066121";
"Кропоткинская";"Сокольническая линия";"2023";"II квартал";"2118066";"2196617";"2602066122";
"Парк культуры";"Сокольническая линия";"2023";"II квартал";"603806";"634698";"2602066123";
"Фрунзенская";"Сокольническая линия";"2023";"II квартал";"2385806";"2503270";"2602066124";
"Спортивная";"Сокольническая линия";"2023";"II квартал";"1836714";"2003938";"2602066125";
"Воробьёвы горы";"Сокольническая линия";"2023";"II квартал";"1048236";"1014834";"2602066126";
"Университет";"Сокольническая линия";"2023";"II квартал";"2747787";"2788475";"2602066127";
"Юго-Западная";"Сокольническая линия";"2023";"II квартал";"4724576";"4800442";"2602066129";
"Тропарёво";"Сокольническая линия";"2023";"II квартал";"1642860";"1614830";"2602066130";
"Румянцево";"Сокольническая линия";"2023";"II квартал";"980218";"983317";"2602066131";
"Саларьево";"Сокольническая линия";"2023";"II квартал";"3804186";"3501737";"2602066132";
"Филатов луг";"Сокольническая линия";"2023";"II квартал";"1571534";"1521749";"2602066133";
"Прокшино";"Сокольническая линия";"2023";"II квартал";"645940";"629654";"2602066134";
"Ольховая";"Сокольническая линия";"2023";"II квартал";"802776";"762741";"2602066135";
"Новомосковская";"Сокольническая линия";"2023";"II квартал";"1439015";"1414178";"2602066136";
"Деловой центр";"Солнцевская линия";"2023";"II квартал";"1299869";"1306098";"2602066137";
"Парк Победы";"Солнцевская линия";"2023";"II квартал";"347592";"353528";"2602066138";
"Минская";"Солнцевская линия";"2023";"II квартал";"631124";"644032";"2602066139";
"Ломоносовский проспект";"Солнцевская линия";"2023";"II квартал";"1222585";"1229091";"2602066140";
"Раменки";"Солнцевская линия";"2023";"II квартал";"1554511";"1537044";"2602066141";
"Мичуринский проспект";"Солнцевская линия";"2023";"II квартал";"258721";"260809";"2602066142";
"Озёрная";"Солнцевская линия";"2023";"II квартал";"1476507";"1461228";"2602066143";
"Говорово";"Солнцевская линия";"2023";"II квартал";"1162505";"1116140";"2602066144";
"Солнцево";"Солнцевская линия";"2023";"II квартал";"1601137";"1542523";"2602066145";
"Боровское шоссе";"Солнцевская линия";"2023";"II квартал";"523645";"500699";"2602066146";
"Новопеределкино";"Солнцевская линия";"2023";"II квартал";"1472176";"1404021";"2602066147";
"Рассказовка";"Солнцевская линия";"2023";"II квартал";"2047691";"1952164";"2602066148";
"Планерная";"Таганско-Краснопресненская линия";"2023";"II квартал";"3612966";"3470714";"2602066149";
"Сходненская";"Таганско-Краснопресненская линия";"2023";"II квартал";"4228452";"4141884";"2602066150";
"Тушинская";"Таганско-Краснопресненская линия";"2023";"II квартал";"3980351";"3812818";"2602066151";
"Спартак";"Таганско-Краснопресненская линия";"2023";"II квартал";"564260";"552597";"2602066152";
"Щукинская";"Таганско-Краснопресненская линия";"2023";"II квартал";"3651178";"3650491";"2602066153";
"Октябрьское поле";"Таганско-Краснопресненская линия";"2023";"II квартал";"3377128";"3436198";"2602066154";
"Полежаевская";"Таганско-Краснопресненская линия";"2023";"II квартал";"2412662";"2458671";"2602066155";
"Беговая";"Таганско-Краснопресненская линия";"2023";"II квартал";"2972085";"2996894";"2602066156";
"Улица 1905 года";"Таганско-Краснопресненская линия";"2023";"II квартал";"3771570";"3920234";"2602066157";
"Баррикадная";"Таганско-Краснопресненская линия";"2023";"II квартал";"2168048";"2208968";"2602066158";
"Пушкинская";"Таганско-Краснопресненская линия";"2023";"II квартал";"4211508";"4414930";"2602066159";
"Кузнецкий мост";"Таганско-Краснопресненская линия";"2023";"II квартал";"1909259";"2020447";"2602066160";
"Таганская";"Таганско-Краснопресненская линия";"2023";"II квартал";"1287704";"1324824";"2602066162";
"Пролетарская";"Таганско-Краснопресненская линия";"2023";"II квартал";"2734464";"2766005";"2602066163";
"Волгоградский проспект";"Таганско-Краснопресненская линия";"2023";"II квартал";"1899118";"1914427";"2602066164";
"Текстильщики";"Таганско-Краснопресненская линия";"2023";"II квартал";"4881766";"5052737";"2602066165";
"Кузьминки";"Таганско-Краснопресненская линия";"2023";"II квартал";"4988409";"4960291";"2602066166";
"Рязанский проспект";"Таганско-Краснопресненская линия";"2023";"II квартал";"2709783";"2715007";"2602066167";
"Выхино";"Таганско-Краснопресненская линия";"2023";"II квартал";"5629764";"5407049";"2602066168";
"Лермонтовский проспект";"Таганско-Краснопресненская линия";"2023";"II квартал";"1765834";"1694853";"2602066169";
"Жулебино";"Таганско-Краснопресненская линия";"2023";"II квартал";"2249675";"2195921";"2602066170";
"Котельники";"Таганско-Краснопресненская линия";"2023";"II квартал";"5135374";"4625973";"2602066171";
"Пионерская";"Филёвская линия";"2023";"II квартал";"527030";"507449";"2602066173";
"Филёвский парк";"Филёвская линия";"2023";"II квартал";"783308";"757798";"2602066174";
"Багратионовская";"Филёвская линия";"2023";"II квартал";"1315386";"1317805";"2602066175";
"Фили";"Филёвская линия";"2023";"II квартал";"1500145";"1493221";"2602066176";
"Кутузовская";"Филёвская линия";"2023";"II квартал";"611349";"648905";"2602066177";
"Студенческая";"Филёвская линия";"2023";"II квартал";"552826";"561019";"2602066178";
"Смоленская";"Филёвская линия";"2023";"II квартал";"742313";"759546";"2602066180";
"Арбатская";"Филёвская линия";"2023";"II квартал";"530625";"510451";"2602066181";
"Александровский сад";"Филёвская линия";"2023";"II квартал";"1594838";"1615260";"2602066182";
"Москва-Сити";"Филёвская линия";"2023";"II квартал";"538655";"552018";"2602066183";
"Деловой центр";"Филёвская линия";"2023";"II квартал";"1375859";"1380849";"2602066184";
"Кунцевская";"Арбатско-Покровская линия";"2023";"II квартал";"962537";"970086";"2602066353";
"Парк Победы";"Арбатско-Покровская линия";"2023";"II квартал";"1511095";"1502906";"2602066361";
"Смоленская";"Арбатско-Покровская линия";"2023";"II квартал";"2394445";"2486566";"2602066407";
"Арбатская";"Арбатско-Покровская линия";"2023";"II квартал";"2342735";"2458101";"2602066420";
"Курская";"Арбатско-Покровская линия";"2023";"II квартал";"1915042";"1971981";"2603013887";
"Савёловская";"Большая кольцевая линия";"2023";"II квартал";"1730778";"1759315";"2603013888";
"Петровский парк";"Большая кольцевая линия";"2023";"II квартал";"1414361";"1469136";"2603013900";
"Шелепиха";"Большая кольцевая линия";"2023";"II квартал";"1085547";"1112698";"2603013941";
"Деловой центр";"Большая кольцевая линия";"2023";"II квартал";"1562184";"1577607";"2603013973";
"Лефортово";"Большая кольцевая линия";"2023";"II квартал";"1013381";"1041504";"2603013984";
"Электрозаводская";"Большая кольцевая линия";"2023";"II квартал";"1677202";"1977920";"2603014026";
"Мичуринский проспект";"Большая кольцевая линия";"2023";"II квартал";"964384";"974042";"2603014062";
"Варшавская";"Большая кольцевая линия";"2023";"II квартал";"2080341";"2031905";"2603014085";
"Каширская";"Большая кольцевая линия";"2023";"II квартал";"2592300";"2621620";"2603014103";
"Печатники";"Большая кольцевая линия";"2023";"II квартал";"254438";"252396";"2603014134";
"Текстильщики";"Большая кольцевая линия";"2023";"II квартал";"1334869";"1571757";"2603014143";
"Авиамоторная";"Калининская линия";"2023";"II квартал";"3094929";"3248453";"2603014146";
"Третьяковская";"Калининская линия";"2023";"II квартал";"2542841";"2660772";"2603014156";
"Третьяковская";"Калужско-Рижская линия";"2023";"II квартал";"0";"0";"2603014231";
"Петровско-Разумовская";"Серпуховско-Тимирязевская линия";"2023";"II квартал";"0";"0";"2603014272";
"Китай-город";"Таганско-Краснопресненская линия";"2023";"II квартал";"0";"0";"2603014299";
"Киевская";"Филёвская линия";"2023";"II квартал";"0";"0";"2603014318";
"Рижская";"Калужско-Рижская линия";"2023";"II квартал";"1059575";"1077869";"2603014323";
"Проспект Мира";"Калужско-Рижская линия";"2023";"II квартал";"1855182";"1909681";"2603014325";
"Киевская";"Кольцевая линия";"2023";"II квартал";"3048217";"3012485";"2603014357";
"Белорусская";"Кольцевая линия";"2023";"II квартал";"3952763";"3809592";"2603014421";
"Комсомольская";"Кольцевая линия";"2023";"II квартал";"8389816";"6926410";"2603014430";
"Таганская";"Кольцевая линия";"2023";"II квартал";"2248827";"2324740";"2603014441";
"Павелецкая";"Кольцевая линия";"2023";"II квартал";"4045501";"4171339";"2603014449";
"Октябрьская";"Кольцевая линия";"2023";"II квартал";"2471996";"2574376";"2603014450";
"Парк культуры";"Кольцевая линия";"2023";"II квартал";"3223306";"3351272";"2603014454";
"Марьина Роща";"Люблинско-Дмитровская линия";"2023";"II квартал";"2125797";"2175753";"2603014456";
"Тимирязевская";"Московская монорельсовая транспортная система";"2023";"II квартал";"57395";"46865";"2603014459";
"Окружная";"Московское центральное кольцо";"2023";"II квартал";"1319752";"1338034";"2603014474";
"Владыкино";"Московское центральное кольцо";"2023";"II квартал";"679448";"852229";"2603014494";
"Ботанический сад";"Московское центральное кольцо";"2023";"II квартал";"1105423";"1306531";"2603014515";
"Бульвар Рокоссовского";"Московское центральное кольцо";"2023";"II квартал";"841567";"873728";"2603014530";
"Шоссе Энтузиастов";"Московское центральное кольцо";"2023";"II квартал";"682164";"758905";"2603014542";
"Нижегородская";"Московское центральное кольцо";"2023";"II квартал";"1572878";"1686465";"2603014563";
"Дубровка";"Московское центральное кольцо";"2023";"II квартал";"720999";"764052";"2603014584";
"Автозаводская";"Московское центральное кольцо";"2023";"II квартал";"567449";"605134";"2603014598";
"Кутузовская";"Московское центральное кольцо";"2023";"II квартал";"1709989";"1871420";"2603014612";
"Москва-Сити";"Московское центральное кольцо";"2023";"II квартал";"1388582";"1485286";"2603014620";
"Сокольники";"Сокольническая линия";"2023";"II квартал";"1569742";"1582842";"2603014625";
"Проспект Вернадского";"Сокольническая линия";"2023";"II квартал";"2208209";"2218502";"2603014632";
"Кунцевская";"Филёвская линия";"2023";"II квартал";"544739";"530739";"2603014639";
"Пятницкое шоссе";"Арбатско-Покровская линия";"2023";"III квартал";"1545302";"1461393";"2625907100";
"Митино";"Арбатско-Покровская линия";"2023";"III квартал";"2039967";"1958233";"2625907101";
"Волоколамская";"Арбатско-Покровская линия";"2023";"III квартал";"1540096";"1492053";"2625907102";
"Мякинино";"Арбатско-Покровская линия";"2023";"III квартал";"1417239";"1362823";"2625907103";
"Строгино";"Арбатско-Покровская линия";"2023";"III квартал";"2440256";"2390948";"2625907104";
"Крылатское";"Арбатско-Покровская линия";"2023";"III квартал";"2278798";"2234639";"2625907105";
"Молодёжная";"Арбатско-Покровская линия";"2023";"III квартал";"3504385";"3442387";"2625907106";
"Славянский бульвар";"Арбатско-Покровская линия";"2023";"III квартал";"4566202";"4419263";"2625907108";
"Киевская";"Арбатско-Покровская линия";"2023";"III квартал";"3500929";"3133210";"2625907110";
"Площадь Революции";"Арбатско-Покровская линия";"2023";"III квартал";"3014252";"3001334";"2625907113";
"Бауманская";"Арбатско-Покровская линия";"2023";"III квартал";"4243688";"4446551";"2625907115";
"Электрозаводская";"Арбатско-Покровская линия";"2023";"III квартал";"2515284";"2737697";"2625907116";
"Семёновская";"Арбатско-Покровская линия";"2023";"III квартал";"2359036";"2432863";"2625907117";
"Партизанская";"Арбатско-Покровская линия";"2023";"III квартал";"1893178";"1768391";"2625907118";
"Измайловская";"Арбатско-Покровская линия";"2023";"III квартал";"1526538";"1534099";"2625907119";
"Первомайская";"Арбатско-Покровская линия";"2023";"III квартал";"2739588";"2713596";"2625907120";
"Щёлковская";"Арбатско-Покровская линия";"2023";"III квартал";"6304487";"5922637";"2625907121";
"ЦСКА";"Большая кольцевая линия";"2023";"III квартал";"2952960";"3041514";"2625907124";
"Хорошёвская";"Большая кольцевая линия";"2023";"III квартал";"1005660";"1030847";"2625907125";
"Народное Ополчение";"Большая кольцевая линия";"2023";"III квартал";"1859606";"1862490";"2625907129";
"Мнёвники";"Большая кольцевая линия";"2023";"III квартал";"57211";"50635";"2625907130";
"Авиамоторная";"Большая кольцевая линия";"2023";"III квартал";"1037033";"1173379";"2625907131";
"Терехово";"Большая кольцевая линия";"2023";"III квартал";"466569";"501782";"2625907134";
"Кунцевская";"Большая кольцевая линия";"2023";"III квартал";"1772204";"1759267";"2625907135";
"Давыдково";"Большая кольцевая линия";"2023";"III квартал";"1060441";"1075809";"2625907136";
"Аминьевская";"Большая кольцевая линия";"2023";"III квартал";"1693283";"1668996";"2625907137";
"Проспект Вернадского";"Большая кольцевая линия";"2023";"III квартал";"684978";"705817";"2625907139";
"Новаторская";"Большая кольцевая линия";"2023";"III квартал";"1253547";"1266464";"2625907140";
"Воронцовская";"Большая кольцевая линия";"2023";"III квартал";"1379979";"1449488";"2625907141";
"Зюзино";"Большая кольцевая линия";"2023";"III квартал";"1765057";"1781714";"2625907142";
"Каховская";"Большая кольцевая линия";"2023";"III квартал";"1358255";"1395508";"2625907143";
"Кленовый бульвар";"Большая кольцевая линия";"2023";"III квартал";"679916";"703482";"2625907146";
"Нагатинский Затон";"Большая кольцевая линия";"2023";"III квартал";"394295";"400602";"2625907147";
"Сокольники";"Большая кольцевая линия";"2023";"III квартал";"1443265";"1509750";"2625907150";
"Рижская";"Большая кольцевая линия";"2023";"III квартал";"534847";"558689";"2625907151";
"Марьина Роща";"Большая кольцевая линия";"2023";"III квартал";"611244";"629008";"2625907152";
"Битцевский парк";"Бутовская линия";"2023";"III квартал";"306632";"215875";"2625907153";
"Лесопарковая";"Бутовская линия";"2023";"III квартал";"602961";"571046";"2625907154";
"Улица Старокачаловская";"Бутовская линия";"2023";"III квартал";"0";"0";"2625907155";
"Улица Скобелевская";"Бутовская линия";"2023";"III квартал";"1553053";"1485174";"2625907156";
"Бульвар адмирала Ушакова";"Бутовская линия";"2023";"III квартал";"942258";"930202";"2625907157";
"Улица Горчакова";"Бутовская линия";"2023";"III квартал";"779901";"764239";"2625907158";
"Бунинская аллея";"Бутовская линия";"2023";"III квартал";"1812877";"1772487";"2625907159";
"Ховрино";"Замоскворецкая линия";"2023";"III квартал";"4219385";"3774887";"2625907160";
"Беломорская";"Замоскворецкая линия";"2023";"III квартал";"2338924";"2216221";"2625907161";
"Речной вокзал";"Замоскворецкая линия";"2023";"III квартал";"2353531";"2281362";"2625907162";
"Водный стадион";"Замоскворецкая линия";"2023";"III квартал";"3324075";"3319179";"2625907163";
"Войковская";"Замоскворецкая линия";"2023";"III квартал";"3758038";"3787389";"2625907164";
"Сокол";"Замоскворецкая линия";"2023";"III квартал";"2802412";"2850416";"2625907165";
"Аэропорт";"Замоскворецкая линия";"2023";"III квартал";"2727010";"2791390";"2625907166";
"Динамо";"Замоскворецкая линия";"2023";"III квартал";"2273036";"2315263";"2625907167";
"Белорусская";"Замоскворецкая линия";"2023";"III квартал";"2485824";"2296838";"2625907168";
"Маяковская";"Замоскворецкая линия";"2023";"III квартал";"2819921";"2947905";"2625907169";
"Тверская";"Замоскворецкая линия";"2023";"III квартал";"0";"0";"2625907170";
"Театральная";"Замоскворецкая линия";"2023";"III квартал";"0";"0";"2625907171";
"Новокузнецкая";"Замоскворецкая линия";"2023";"III квартал";"2486561";"2640174";"2625907172";
"Павелецкая";"Замоскворецкая линия";"2023";"III квартал";"3178907";"2525561";"2625907173";
"Автозаводская";"Замоскворецкая линия";"2023";"III квартал";"2958149";"3125398";"2625907174";
"Технопарк";"Замоскворецкая линия";"2023";"III квартал";"1832940";"1847144";"2625907175";
"Коломенская";"Замоскворецкая линия";"2023";"III квартал";"3231252";"3257799";"2625907176";
"Каширская";"Замоскворецкая линия";"2023";"III квартал";"0";"0";"2625907177";
"Кантемировская";"Замоскворецкая линия";"2023";"III квартал";"2500840";"2480516";"2625907178";
"Царицыно";"Замоскворецкая линия";"2023";"III квартал";"4931765";"4692765";"2625907179";
"Орехово";"Замоскворецкая линия";"2023";"III квартал";"1584084";"1498412";"2625907180";
"Домодедовская";"Замоскворецкая линия";"2023";"III квартал";"5109222";"4739146";"2625907182";
"Красногвардейская";"Замоскворецкая линия";"2023";"III квартал";"1400490";"1381177";"2625907183";
"Алма-Атинская";"Замоскворецкая линия";"2023";"III квартал";"1109537";"1076417";"2625907184";
"Новокосино";"Калининская линия";"2023";"III квартал";"5001617";"4829372";"2625907185";
"Новогиреево";"Калининская линия";"2023";"III квартал";"5650771";"5472536";"2625907186";
"Перово";"Калининская линия";"2023";"III квартал";"3234842";"3218554";"2625907187";
"Шоссе Энтузиастов";"Калининская линия";"2023";"III квартал";"1750139";"1884795";"2625907188";
"Площадь Ильича";"Калининская линия";"2023";"III квартал";"1731242";"1746406";"2625907190";
"Марксистская";"Калининская линия";"2023";"III квартал";"1834478";"1926151";"2625907191";
"Медведково";"Калужско-Рижская линия";"2023";"III квартал";"4474470";"4289220";"2625907193";
"Бабушкинская";"Калужско-Рижская линия";"2023";"III квартал";"3859274";"3834837";"2625907194";
"Свиблово";"Калужско-Рижская линия";"2023";"III квартал";"1971705";"1976460";"2625907195";
"Ботанический сад";"Калужско-Рижская линия";"2023";"III квартал";"1658423";"1838715";"2625907196";
"ВДНХ";"Калужско-Рижская линия";"2023";"III квартал";"6811166";"6378959";"2625907197";
"Алексеевская";"Калужско-Рижская линия";"2023";"III квартал";"2636088";"2705730";"2625907198";
"Сухаревская";"Калужско-Рижская линия";"2023";"III квартал";"1648711";"1749437";"2625907201";
"Тургеневская";"Калужско-Рижская линия";"2023";"III квартал";"1707851";"1825475";"2625907202";
"Китай-город";"Калужско-Рижская линия";"2023";"III квартал";"5380204";"5556822";"2625907203";
"Октябрьская";"Калужско-Рижская линия";"2023";"III квартал";"1050585";"1106143";"2625907205";
"Шаболовская";"Калужско-Рижская линия";"2023";"III квартал";"1980855";"2093123";"2625907206";
"Ленинский проспект";"Калужско-Рижская линия";"2023";"III квартал";"2983484";"3429908";"2625907207";
"Академическая";"Калужско-Рижская линия";"2023";"III квартал";"2761588";"2800584";"2625907208";
"Профсоюзная";"Калужско-Рижская линия";"2023";"III квартал";"2481336";"2553464";"2625907209";
"Новые Черёмушки";"Калужско-Рижская линия";"2023";"III квартал";"2761384";"2820464";"2625907210";
"Калужская";"Калужско-Рижская линия";"2023";"III квартал";"1920323";"2023813";"2625907211";
"Беляево";"Калужско-Рижская линия";"2023";"III квартал";"2959507";"3005390";"2625907212";
"Коньково";"Калужско-Рижская линия";"2023";"III квартал";"2209255";"2202180";"2625907213";
"Тёплый стан";"Калужско-Рижская линия";"2023";"III квартал";"5159160";"5077078";"2625907214";
"Ясенево";"Калужско-Рижская линия";"2023";"III квартал";"2491139";"2458314";"2625907215";
"Новоясеневская";"Калужско-Рижская линия";"2023";"III квартал";"530993";"503375";"2625907216";
"Краснопресненская";"Кольцевая линия";"2023";"III квартал";"2108575";"2118844";"2625907218";
"Новослободская";"Кольцевая линия";"2023";"III квартал";"2250565";"2400741";"2625907220";
"Проспект Мира";"Кольцевая линия";"2023";"III квартал";"1867899";"1938470";"2625907221";
"Курская";"Кольцевая линия";"2023";"III квартал";"2802883";"2537084";"2625907223";
"Добрынинская";"Кольцевая линия";"2023";"III квартал";"1728232";"1811720";"2625907226";
"Селигерская";"Люблинско-Дмитровская линия";"2023";"III квартал";"3325526";"3239204";"2625907229";
"Верхние Лихоборы";"Люблинско-Дмитровская линия";"2023";"III квартал";"1106868";"1096363";"2625907230";
"Окружная";"Люблинско-Дмитровская линия";"2023";"III квартал";"1018510";"1033249";"2625907231";
"Петровско-Разумовская";"Люблинско-Дмитровская линия";"2023";"III квартал";"1808995";"1733334";"2625907232";
"Фонвизинская";"Люблинско-Дмитровская линия";"2023";"III квартал";"1143859";"1133948";"2625907233";
"Бутырская";"Люблинско-Дмитровская линия";"2023";"III квартал";"1211780";"1254198";"2625907234";
"Марьина Роща";"Люблинско-Дмитровская линия";"2023";"III квартал";"1952996";"2016296";"2625907235";
"Достоевская";"Люблинско-Дмитровская линия";"2023";"III квартал";"1016625";"1061710";"2625907236";
"Трубная";"Люблинско-Дмитровская линия";"2023";"III квартал";"1074928";"1142477";"2625907237";
"Сретенский бульвар";"Люблинско-Дмитровская линия";"2023";"III квартал";"553192";"593991";"2625907238";
"Чкаловская";"Люблинско-Дмитровская линия";"2023";"III квартал";"2569748";"2503928";"2625907239";
"Римская";"Люблинско-Дмитровская линия";"2023";"III квартал";"1431486";"1466783";"2625907240";
"Крестьянская застава";"Люблинско-Дмитровская линия";"2023";"III квартал";"659801";"696089";"2625907241";
"Дубровка";"Люблинско-Дмитровская линия";"2023";"III квартал";"1473471";"1552262";"2625907242";
"Кожуховская";"Люблинско-Дмитровская линия";"2023";"III квартал";"1763495";"1839476";"2625907243";
"Печатники";"Люблинско-Дмитровская линия";"2023";"III квартал";"1821622";"1829604";"2625907244";
"Волжская";"Люблинско-Дмитровская линия";"2023";"III квартал";"1291837";"1309832";"2625907245";
"Люблино";"Люблинско-Дмитровская линия";"2023";"III квартал";"3705135";"3569117";"2625907246";
"Братиславская";"Люблинско-Дмитровская линия";"2023";"III квартал";"3141994";"3127248";"2625907247";
"Марьино";"Люблинско-Дмитровская линия";"2023";"III квартал";"2630130";"2599320";"2625907248";
"Борисово";"Люблинско-Дмитровская линия";"2023";"III квартал";"944317";"935498";"2625907249";
"Шипиловская";"Люблинско-Дмитровская линия";"2023";"III квартал";"1131858";"1131425";"2625907250";
"Зябликово";"Люблинско-Дмитровская линия";"2023";"III квартал";"902935";"899991";"2625907251";
"Улица Сергея Эйзенштейна";"Московская монорельсовая транспортная система";"2023";"III квартал";"23049";"20036";"2625907252";
"Выставочный центр";"Московская монорельсовая транспортная система";"2023";"III квартал";"107760";"92246";"2625907253";
"Улица Академика Королёва";"Московская монорельсовая транспортная система";"2023";"III квартал";"14278";"12440";"2625907254";
"Телецентр";"Московская монорельсовая транспортная система";"2023";"III квартал";"38886";"33400";"2625907255";
"Улица Милашенкова";"Московская монорельсовая транспортная система";"2023";"III квартал";"18050";"15965";"2625907256";
"Лихоборы";"Московское центральное кольцо";"2023";"III квартал";"1012787";"1029566";"2625907258";
"Ростокино";"Московское центральное кольцо";"2023";"III квартал";"2681904";"2683704";"2625907262";
"Белокаменная";"Московское центральное кольцо";"2023";"III квартал";"124902";"129184";"2625907263";
"Локомотив";"Московское центральное кольцо";"2023";"III квартал";"982071";"996901";"2625907265";
"Измайлово";"Московское центральное кольцо";"2023";"III квартал";"909822";"966434";"2625907266";
"Соколиная Гора";"Московское центральное кольцо";"2023";"III квартал";"551314";"584000";"2625907267";
"Андроновка";"Московское центральное кольцо";"2023";"III квартал";"651093";"654944";"2625907269";
"Новохохловская";"Московское центральное кольцо";"2023";"III квартал";"546460";"565889";"2625907271";
"Угрешская";"Московское центральное кольцо";"2023";"III квартал";"445272";"473081";"2625907272";
"ЗИЛ";"Московское центральное кольцо";"2023";"III квартал";"895518";"948138";"2625907275";
"Верхние Котлы";"Московское центральное кольцо";"2023";"III квартал";"1416690";"1467265";"2625907276";
"Крымская";"Московское центральное кольцо";"2023";"III квартал";"867784";"911788";"2625907277";
"Площадь Гагарина";"Московское центральное кольцо";"2023";"III квартал";"1108804";"1342847";"2625907278";
"Лужники";"Московское центральное кольцо";"2023";"III квартал";"1106488";"1238332";"2625907279";
"Шелепиха";"Московское центральное кольцо";"2023";"III квартал";"716868";"766440";"2625907282";
"Хорошёво";"Московское центральное кольцо";"2023";"III квартал";"574542";"613885";"2625907283";
"Зорге";"Московское центральное кольцо";"2023";"III квартал";"429439";"452102";"2625907284";
"Панфиловская";"Московское центральное кольцо";"2023";"III квартал";"536027";"568817";"2625907285";
"Стрешнево";"Московское центральное кольцо";"2023";"III квартал";"1400264";"1439987";"2625907286";
"Балтийская";"Московское центральное кольцо";"2023";"III квартал";"955761";"1042017";"2625907287";
"Коптево";"Московское центральное кольцо";"2023";"III квартал";"1304325";"1363739";"2625907288";
"Нижегородская";"Некрасовская линия";"2023";"III квартал";"2886692";"3247188";"2625907289";
"Стахановская";"Некрасовская линия";"2023";"III квартал";"663899";"690068";"2625907290";
"Окская";"Некрасовская линия";"2023";"III квартал";"761607";"786458";"2625907291";
"Юго-Восточная";"Некрасовская линия";"2023";"III квартал";"1088606";"1107558";"2625907292";
"Косино";"Некрасовская линия";"2023";"III квартал";"456693";"445610";"2625907293";
"Улица Дмитриевского";"Некрасовская линия";"2023";"III квартал";"832697";"837289";"2625907294";
"Лухмановская";"Некрасовская линия";"2023";"III квартал";"1503361";"1472063";"2625907295";
"Некрасовка";"Некрасовская линия";"2023";"III квартал";"4898254";"4835026";"2625907296";
"Алтуфьево";"Серпуховско-Тимирязевская линия";"2023";"III квартал";"3682491";"3567943";"2625907297";
"Бибирево";"Серпуховско-Тимирязевская линия";"2023";"III квартал";"2258897";"2261133";"2625907298";
"Отрадное";"Серпуховско-Тимирязевская линия";"2023";"III квартал";"3875544";"3908141";"2625907299";
"Владыкино";"Серпуховско-Тимирязевская линия";"2023";"III квартал";"1396599";"1601314";"2625907300";
"Тимирязевская";"Серпуховско-Тимирязевская линия";"2023";"III квартал";"1727894";"1698587";"2625907302";
"Дмитровская";"Серпуховско-Тимирязевская линия";"2023";"III квартал";"2895561";"2977965";"2625907303";
"Савёловская";"Серпуховско-Тимирязевская линия";"2023";"III квартал";"2810283";"2754407";"2625907304";
"Менделеевская";"Серпуховско-Тимирязевская линия";"2023";"III квартал";"1935475";"2061264";"2625907305";
"Цветной бульвар";"Серпуховско-Тимирязевская линия";"2023";"III квартал";"2021585";"2136501";"2625907306";
"Чеховская";"Серпуховско-Тимирязевская линия";"2023";"III квартал";"1645451";"1766286";"2625907307";
"Боровицкая";"Серпуховско-Тимирязевская линия";"2023";"III квартал";"541770";"573816";"2625907308";
"Полянка";"Серпуховско-Тимирязевская линия";"2023";"III квартал";"1350601";"1428618";"2625907309";
"Серпуховская";"Серпуховско-Тимирязевская линия";"2023";"III квартал";"1700855";"1796053";"2625907310";
"Тульская";"Серпуховско-Тимирязевская линия";"2023";"III квартал";"2776791";"2894253";"2625907311";
"Нагатинская";"Серпуховско-Тимирязевская линия";"2023";"III квартал";"3209455";"3270468";"2625907312";
"Нагорная";"Серпуховско-Тимирязевская линия";"2023";"III квартал";"1382997";"1420363";"2625907313";
"Нахимовский проспект";"Серпуховско-Тимирязевская линия";"2023";"III квартал";"1636779";"1671461";"2625907314";
"Севастопольская";"Серпуховско-Тимирязевская линия";"2023";"III квартал";"744749";"774342";"2625907315";
"Чертановская";"Серпуховско-Тимирязевская линия";"2023";"III квартал";"2621017";"2620757";"2625907316";
"Южная";"Серпуховско-Тимирязевская линия";"2023";"III квартал";"1902713";"1898095";"2625907317";
"Пражская";"Серпуховско-Тимирязевская линия";"2023";"III квартал";"4072537";"4087691";"2625907319";
"Улица академика Янгеля";"Серпуховско-Тимирязевская линия";"2023";"III квартал";"2222634";"2169756";"2625907320";
"Аннино";"Серпуховско-Тимирязевская линия";"2023";"III квартал";"2268244";"2080386";"2625907321";
"Бульвар Дмитрия Донского";"Серпуховско-Тимирязевская линия";"2023";"III квартал";"4767474";"4589822";"2625907322";
"Бульвар Рокоссовского";"Сокольническая линия";"2023";"III квартал";"1992784";"1972999";"2625907323";
"Черкизовская";"Сокольническая линия";"2023";"III квартал";"1657369";"1406084";"2625907324";
"Преображенская площадь";"Сокольническая линия";"2023";"III квартал";"3517329";"3573193";"2625907325";
"Красносельская";"Сокольническая линия";"2023";"III квартал";"1748636";"1808681";"2625907327";
"Комсомольская";"Сокольническая линия";"2023";"III квартал";"2629866";"2087938";"2625907328";
"Красные ворота";"Сокольническая линия";"2023";"III квартал";"2007976";"2090312";"2625907329";
"Чистые пруды";"Сокольническая линия";"2023";"III квартал";"1695908";"1778257";"2625907330";
"Лубянка";"Сокольническая линия";"2023";"III квартал";"2186590";"2243724";"2625907331";
"Охотный ряд";"Сокольническая линия";"2023";"III квартал";"4234777";"4131523";"2625907332";
"Библиотека имени Ленина";"Сокольническая линия";"2023";"III квартал";"0";"0";"2625907333";
"Кропоткинская";"Сокольническая линия";"2023";"III квартал";"1980850";"2065883";"2625907334";
"Парк культуры";"Сокольническая линия";"2023";"III квартал";"571910";"601825";"2625907335";
"Фрунзенская";"Сокольническая линия";"2023";"III квартал";"2279775";"2406919";"2625907336";
"Спортивная";"Сокольническая линия";"2023";"III квартал";"2022922";"2196668";"2625907337";
"Воробьёвы горы";"Сокольническая линия";"2023";"III квартал";"1425499";"1375597";"2625907338";
"Университет";"Сокольническая линия";"2023";"III квартал";"2462687";"2495598";"2625907345";
"Юго-Западная";"Сокольническая линия";"2023";"III квартал";"4159044";"4203105";"2625907370";
"Тропарёво";"Сокольническая линия";"2023";"III квартал";"1541508";"1513697";"2625907383";
"Румянцево";"Сокольническая линия";"2023";"III квартал";"996586";"1008574";"2625907396";
"Саларьево";"Сокольническая линия";"2023";"III квартал";"3765826";"3406480";"2625907409";
"Филатов луг";"Сокольническая линия";"2023";"III квартал";"1608600";"1554948";"2625907425";
"Прокшино";"Сокольническая линия";"2023";"III квартал";"649481";"635269";"2625907439";
"Ольховая";"Сокольническая линия";"2023";"III квартал";"843048";"795172";"2625907447";
"Новомосковская";"Сокольническая линия";"2023";"III квартал";"1414642";"1387210";"2625907448";
"Деловой центр";"Солнцевская линия";"2023";"III квартал";"1367515";"1383998";"2625907449";
"Парк Победы";"Солнцевская линия";"2023";"III квартал";"331732";"342675";"2625907450";
"Минская";"Солнцевская линия";"2023";"III квартал";"612999";"625124";"2625907451";
"Ломоносовский проспект";"Солнцевская линия";"2023";"III квартал";"1089216";"1098196";"2625907452";
"Раменки";"Солнцевская линия";"2023";"III квартал";"1455913";"1448921";"2625907453";
"Мичуринский проспект";"Солнцевская линия";"2023";"III квартал";"232464";"237379";"2625907454";
"Озёрная";"Солнцевская линия";"2023";"III квартал";"1410817";"1402082";"2625907455";
"Говорово";"Солнцевская линия";"2023";"III квартал";"1059869";"1019895";"2625907456";
"Солнцево";"Солнцевская линия";"2023";"III квартал";"1544279";"1492981";"2625907457";
"Боровское шоссе";"Солнцевская линия";"2023";"III квартал";"482645";"463505";"2625907458";
"Новопеределкино";"Солнцевская линия";"2023";"III квартал";"1375383";"1310711";"2625907459";
"Рассказовка";"Солнцевская линия";"2023";"III квартал";"1877322";"1786664";"2625907460";
"Планерная";"Таганско-Краснопресненская линия";"2023";"III квартал";"3415017";"3278710";"2625907461";
"Сходненская";"Таганско-Краснопресненская линия";"2023";"III квартал";"4010818";"3944213";"2625907462";
"Тушинская";"Таганско-Краснопресненская линия";"2023";"III квартал";"3831864";"3654380";"2625907463";
"Спартак";"Таганско-Краснопресненская линия";"2023";"III квартал";"633812";"617226";"2625907464";
"Щукинская";"Таганско-Краснопресненская линия";"2023";"III квартал";"3473380";"3475492";"2625907465";
"Октябрьское поле";"Таганско-Краснопресненская линия";"2023";"III квартал";"3150367";"3225790";"2625907466";
"Полежаевская";"Таганско-Краснопресненская линия";"2023";"III квартал";"2281111";"2340702";"2625907467";
"Беговая";"Таганско-Краснопресненская линия";"2023";"III квартал";"2818643";"2858930";"2625907468";
"Улица 1905 года";"Таганско-Краснопресненская линия";"2023";"III квартал";"3511172";"3680740";"2625907469";
"Баррикадная";"Таганско-Краснопресненская линия";"2023";"III квартал";"2100241";"2120352";"2625907470";
"Пушкинская";"Таганско-Краснопресненская линия";"2023";"III квартал";"3669951";"3877721";"2625907471";
"Кузнецкий мост";"Таганско-Краснопресненская линия";"2023";"III квартал";"1810513";"1933980";"2625907472";
"Таганская";"Таганско-Краснопресненская линия";"2023";"III квартал";"1157842";"1208144";"2625907474";
"Пролетарская";"Таганско-Краснопресненская линия";"2023";"III квартал";"2595743";"2632833";"2625907475";
"Волгоградский проспект";"Таганско-Краснопресненская линия";"2023";"III квартал";"1726986";"1753637";"2625907476";
"Текстильщики";"Таганско-Краснопресненская линия";"2023";"III квартал";"4395421";"4662666";"2625907477";
"Кузьминки";"Таганско-Краснопресненская линия";"2023";"III квартал";"4653261";"4642957";"2625907478";
"Рязанский проспект";"Таганско-Краснопресненская линия";"2023";"III квартал";"2452697";"2469011";"2625907479";
"Выхино";"Таганско-Краснопресненская линия";"2023";"III квартал";"5445897";"5212132";"2625907480";
"Лермонтовский проспект";"Таганско-Краснопресненская линия";"2023";"III квартал";"1631960";"1567264";"2625907481";
"Жулебино";"Таганско-Краснопресненская линия";"2023";"III квартал";"2115993";"2071442";"2625907482";
"Котельники";"Таганско-Краснопресненская линия";"2023";"III квартал";"5101582";"4544141";"2625907483";
"Пионерская";"Филёвская линия";"2023";"III квартал";"487102";"467201";"2625907485";
"Филёвский парк";"Филёвская линия";"2023";"III квартал";"742106";"717170";"2625907486";
"Багратионовская";"Филёвская линия";"2023";"III квартал";"1221559";"1225044";"2625907487";
"Фили";"Филёвская линия";"2023";"III квартал";"1462303";"1459064";"2625907488";
"Кутузовская";"Филёвская линия";"2023";"III квартал";"599287";"644610";"2625907489";
"Студенческая";"Филёвская линия";"2023";"III квартал";"489357";"487527";"2625907490";
"Смоленская";"Филёвская линия";"2023";"III квартал";"720408";"739717";"2625907492";
"Арбатская";"Филёвская линия";"2023";"III квартал";"531321";"506428";"2625907493";
"Александровский сад";"Филёвская линия";"2023";"III квартал";"1490207";"1500890";"2625907494";
"Москва-Сити";"Филёвская линия";"2023";"III квартал";"524545";"541962";"2625907495";
"Деловой центр";"Филёвская линия";"2023";"III квартал";"1422078";"1423047";"2625907496";
"Яхромская";"Люблинско-Дмитровская линия";"2023";"III квартал";"357674";"359339";"2625907499";
"Лианозово";"Люблинско-Дмитровская линия";"2023";"III квартал";"263407";"263220";"2625907500";
"Физтех";"Люблинско-Дмитровская линия";"2023";"III квартал";"208459";"209622";"2625907501";
"Кунцевская";"Арбатско-Покровская линия";"2023";"III квартал";"896674";"906395";"2629998468";
"Парк Победы";"Арбатско-Покровская линия";"2023";"III квартал";"1474125";"1454907";"2629999456";
"Смоленская";"Арбатско-Покровская линия";"2023";"III квартал";"2335061";"2424705";"2630010367";
"Арбатская";"Арбатско-Покровская линия";"2023";"III квартал";"2212982";"2333492";"2630010385";
"Курская";"Арбатско-Покровская линия";"2023";"III квартал";"1761287";"1830355";"2630010404";
"Савёловская";"Большая кольцевая линия";"2023";"III квартал";"1687397";"1724390";"2630010420";
"Петровский парк";"Большая кольцевая линия";"2023";"III квартал";"1400732";"1462534";"2630010429";
"Шелепиха";"Большая кольцевая линия";"2023";"III квартал";"1107538";"1114142";"2630010430";
"Деловой центр";"Большая кольцевая линия";"2023";"III квартал";"1644564";"1667844";"2630010437";
"Лефортово";"Большая кольцевая линия";"2023";"III квартал";"995847";"1024498";"2630010450";
"Электрозаводская";"Большая кольцевая линия";"2023";"III квартал";"1729460";"2033103";"2630010462";
"Мичуринский проспект";"Большая кольцевая линия";"2023";"III квартал";"936715";"950030";"2630010478";
"Варшавская";"Большая кольцевая линия";"2023";"III квартал";"2275753";"2226757";"2630010489";
"Каширская";"Большая кольцевая линия";"2023";"III квартал";"2436849";"2486201";"2630010503";
"Печатники";"Большая кольцевая линия";"2023";"III квартал";"217812";"220937";"2630010513";
"Текстильщики";"Большая кольцевая линия";"2023";"III квартал";"1444956";"1726664";"2630010557";
"Авиамоторная";"Калининская линия";"2023";"III квартал";"2848172";"3003756";"2630010577";
"Третьяковская";"Калининская линия";"2023";"III квартал";"2474400";"2612217";"2630010765";
"Рижская";"Калужско-Рижская линия";"2023";"III квартал";"960413";"979159";"2630010788";
"Проспект Мира";"Калужско-Рижская линия";"2023";"III квартал";"1726014";"1805702";"2630091422";
"Третьяковская";"Калужско-Рижская линия";"2023";"III квартал";"0";"0";"2630091425";
"Киевская";"Кольцевая линия";"2023";"III квартал";"3268228";"3161917";"2630091436";
"Белорусская";"Кольцевая линия";"2023";"III квартал";"3494856";"3390993";"2630091445";
"Комсомольская";"Кольцевая линия";"2023";"III квартал";"8420305";"6691692";"2630091456";
"Таганская";"Кольцевая линия";"2023";"III квартал";"2156501";"2248375";"2630091463";
"Павелецкая";"Кольцевая линия";"2023";"III квартал";"4101696";"4227940";"2630091475";
"Октябрьская";"Кольцевая линия";"2023";"III квартал";"2344384";"2433014";"2630091492";
"Парк культуры";"Кольцевая линия";"2023";"III квартал";"3156736";"3293216";"2630091501";
"Тимирязевская";"Московская монорельсовая транспортная система";"2023";"III квартал";"65032";"52878";"2630091509";
"Окружная";"Московское центральное кольцо";"2023";"III квартал";"1291099";"1301892";"2630091514";
"Владыкино";"Московское центральное кольцо";"2023";"III квартал";"646557";"827018";"2630091521";
"Ботанический сад";"Московское центральное кольцо";"2023";"III квартал";"1071571";"1284782";"2630091530";
"Бульвар Рокоссовского";"Московское центральное кольцо";"2023";"III квартал";"771134";"803466";"2630091532";
"Шоссе Энтузиастов";"Московское центральное кольцо";"2023";"III квартал";"649476";"733350";"2630091551";
"Нижегородская";"Московское центральное кольцо";"2023";"III квартал";"1515591";"1638552";"2630091553";
"Дубровка";"Московское центральное кольцо";"2023";"III квартал";"666478";"710534";"2630091555";
"Автозаводская";"Московское центральное кольцо";"2023";"III квартал";"468450";"521193";"2630091557";
"Кутузовская";"Московское центральное кольцо";"2023";"III квартал";"1719266";"1890739";"2630091559";
"Москва-Сити";"Московское центральное кольцо";"2023";"III квартал";"1375215";"1491527";"2630091572";
"Петровско-Разумовская";"Серпуховско-Тимирязевская линия";"2023";"III квартал";"0";"0";"2630091575";
"Сокольники";"Сокольническая линия";"2023";"III квартал";"1420727";"1430992";"2630091577";
"Проспект Вернадского";"Сокольническая линия";"2023";"III квартал";"2003997";"2019581";"2630091583";
"Китай-город";"Таганско-Краснопресненская линия";"2023";"III квартал";"0";"0";"2630091643";
"Кунцевская";"Филёвская линия";"2023";"III квартал";"520781";"507349";"2630091651";
"Киевская";"Филёвская линия";"2023";"III квартал";"0";"0";"2630091656";
"Пыхтино";"Солнцевская линия";"2023";"III квартал";"220643";"215205";"2630091658";
"Аэропорт Внуково";"Солнцевская линия";"2023";"III квартал";"204044";"144528";"2630091660";
"Пятницкое шоссе";"Арбатско-Покровская линия";"2023";"IV квартал";"1666454";"1568206";"2641198565";
"Митино";"Арбатско-Покровская линия";"2023";"IV квартал";"2311297";"2208286";"2641198566";
"Волоколамская";"Арбатско-Покровская линия";"2023";"IV квартал";"1722742";"1663199";"2641198568";
"Мякинино";"Арбатско-Покровская линия";"2023";"IV квартал";"1702045";"1616832";"2641198569";
"Строгино";"Арбатско-Покровская линия";"2023";"IV квартал";"2622208";"2546771";"2641198570";
"Крылатское";"Арбатско-Покровская линия";"2023";"IV квартал";"2470751";"2410412";"2641198571";
"Молодёжная";"Арбатско-Покровская линия";"2023";"IV квартал";"3937728";"3874955";"2641198573";
"Славянский бульвар";"Арбатско-Покровская линия";"2023";"IV квартал";"4956120";"4807821";"2641198574";
"Киевская";"Арбатско-Покровская линия";"2023";"IV квартал";"3234054";"3003484";"2641198575";
"Площадь Революции";"Арбатско-Покровская линия";"2023";"IV квартал";"2981224";"2992892";"2641198576";
"Бауманская";"Арбатско-Покровская линия";"2023";"IV квартал";"5104481";"5340274";"2641198577";
"Электрозаводская";"Арбатско-Покровская линия";"2023";"IV квартал";"2962136";"3171785";"2641198578";
"Семёновская";"Арбатско-Покровская линия";"2023";"IV квартал";"2752435";"2832859";"2641198579";
"Партизанская";"Арбатско-Покровская линия";"2023";"IV квартал";"1781792";"1696930";"2641198580";
"Измайловская";"Арбатско-Покровская линия";"2023";"IV квартал";"1739123";"1753401";"2641198581";
"Первомайская";"Арбатско-Покровская линия";"2023";"IV квартал";"3139138";"3099424";"2641198582";
"Щёлковская";"Арбатско-Покровская линия";"2023";"IV квартал";"6521406";"6132727";"2641198583";
"ЦСКА";"Большая кольцевая линия";"2023";"IV квартал";"3249595";"3338868";"2641198584";
"Хорошёвская";"Большая кольцевая линия";"2023";"IV квартал";"1145813";"1165088";"2641198585";
"Народное Ополчение";"Большая кольцевая линия";"2023";"IV квартал";"2070644";"2058494";"2641198586";
"Мнёвники";"Большая кольцевая линия";"2023";"IV квартал";"57613";"49049";"2641198587";
"Авиамоторная";"Большая кольцевая линия";"2023";"IV квартал";"1188839";"1316841";"2641198588";
"Терехово";"Большая кольцевая линия";"2023";"IV квартал";"431283";"455547";"2641198589";
"Кунцевская";"Большая кольцевая линия";"2023";"IV квартал";"1886039";"1860578";"2641198590";
"Давыдково";"Большая кольцевая линия";"2023";"IV квартал";"1192691";"1195952";"2641198591";
"Аминьевская";"Большая кольцевая линия";"2023";"IV квартал";"2095291";"2062052";"2641198592";
"Проспект Вернадского";"Большая кольцевая линия";"2023";"IV квартал";"791454";"813766";"2641198593";
"Новаторская";"Большая кольцевая линия";"2023";"IV квартал";"1433692";"1442813";"2641198594";
"Воронцовская";"Большая кольцевая линия";"2023";"IV квартал";"1372518";"1428482";"2641198595";
"Зюзино";"Большая кольцевая линия";"2023";"IV квартал";"2050617";"2060364";"2641198596";
"Каховская";"Большая кольцевая линия";"2023";"IV квартал";"1517960";"1555436";"2641198597";
"Кленовый бульвар";"Большая кольцевая линия";"2023";"IV квартал";"713312";"732600";"2641198598";
"Нагатинский Затон";"Большая кольцевая линия";"2023";"IV квартал";"453240";"456493";"2641198599";
"Сокольники";"Большая кольцевая линия";"2023";"IV квартал";"1659377";"1738368";"2641198600";
"Рижская";"Большая кольцевая линия";"2023";"IV квартал";"666996";"694657";"2641198601";
"Марьина Роща";"Большая кольцевая линия";"2023";"IV квартал";"698564";"711025";"2641198602";
"Битцевский парк";"Бутовская линия";"2023";"IV квартал";"237237";"173313";"2641198603";
"Лесопарковая";"Бутовская линия";"2023";"IV квартал";"619953";"590806";"2641198604";
"Улица Старокачаловская";"Бутовская линия";"2023";"IV квартал";"0";"0";"2641198605";
"Улица Скобелевская";"Бутовская линия";"2023";"IV квартал";"1767542";"1685819";"2641198606";
"Бульвар адмирала Ушакова";"Бутовская линия";"2023";"IV квартал";"1116974";"1096746";"2641198607";
"Улица Горчакова";"Бутовская линия";"2023";"IV квартал";"884046";"860062";"2641198608";
"Бунинская аллея";"Бутовская линия";"2023";"IV квартал";"2003235";"1945805";"2641198609";
"Ховрино";"Замоскворецкая линия";"2023";"IV квартал";"4380917";"3977460";"2641198610";
"Беломорская";"Замоскворецкая линия";"2023";"IV квартал";"2529597";"2413038";"2641198611";
"Речной вокзал";"Замоскворецкая линия";"2023";"IV квартал";"2363863";"2309392";"2641198612";
"Водный стадион";"Замоскворецкая линия";"2023";"IV квартал";"3740617";"3731800";"2641198613";
"Войковская";"Замоскворецкая линия";"2023";"IV квартал";"4335532";"4368694";"2641198614";
"Сокол";"Замоскворецкая линия";"2023";"IV квартал";"3380424";"3425763";"2641198615";
"Аэропорт";"Замоскворецкая линия";"2023";"IV квартал";"3371984";"3447090";"2641198617";
"Динамо";"Замоскворецкая линия";"2023";"IV квартал";"2636925";"2673368";"2641198618";
"Белорусская";"Замоскворецкая линия";"2023";"IV квартал";"2541565";"2499088";"2641198619";
"Маяковская";"Замоскворецкая линия";"2023";"IV квартал";"3261058";"3382497";"2641198620";
"Тверская";"Замоскворецкая линия";"2023";"IV квартал";"0";"0";"2641198621";
"Театральная";"Замоскворецкая линия";"2023";"IV квартал";"0";"0";"2641198622";
"Новокузнецкая";"Замоскворецкая линия";"2023";"IV квартал";"2884160";"3034740";"2641198623";
"Павелецкая";"Замоскворецкая линия";"2023";"IV квартал";"2882317";"2425631";"2641198624";
"Автозаводская";"Замоскворецкая линия";"2023";"IV квартал";"3396992";"3549857";"2641198625";
"Технопарк";"Замоскворецкая линия";"2023";"IV квартал";"1786848";"1807462";"2641198626";
"Коломенская";"Замоскворецкая линия";"2023";"IV квартал";"3481211";"3491394";"2641198627";
"Каширская";"Замоскворецкая линия";"2023";"IV квартал";"0";"0";"2641198628";
"Кантемировская";"Замоскворецкая линия";"2023";"IV квартал";"2741451";"2701476";"2641198629";
"Царицыно";"Замоскворецкая линия";"2023";"IV квартал";"5230839";"4991574";"2641198630";
"Орехово";"Замоскворецкая линия";"2023";"IV квартал";"1605703";"1520777";"2641198631";
"Домодедовская";"Замоскворецкая линия";"2023";"IV квартал";"5277952";"4936948";"2641198632";
"Красногвардейская";"Замоскворецкая линия";"2023";"IV квартал";"1590098";"1558501";"2641198633";
"Алма-Атинская";"Замоскворецкая линия";"2023";"IV квартал";"1206899";"1167263";"2641198634";
"Новокосино";"Калининская линия";"2023";"IV квартал";"5081465";"4893710";"2641198635";
"Новогиреево";"Калининская линия";"2023";"IV квартал";"6022764";"5796097";"2641198636";
"Перово";"Калининская линия";"2023";"IV квартал";"3508534";"3454638";"2641198637";
"Шоссе Энтузиастов";"Калининская линия";"2023";"IV квартал";"1929796";"2049649";"2641198638";
"Площадь Ильича";"Калининская линия";"2023";"IV квартал";"1815998";"1820647";"2641198639";
"Марксистская";"Калининская линия";"2023";"IV квартал";"2025443";"2115198";"2641198640";
"Медведково";"Калужско-Рижская линия";"2023";"IV квартал";"4857583";"4652460";"2641198642";
"Бабушкинская";"Калужско-Рижская линия";"2023";"IV квартал";"4350799";"4280824";"2641198643";
"Свиблово";"Калужско-Рижская линия";"2023";"IV квартал";"2229258";"2219821";"2641198644";
"Ботанический сад";"Калужско-Рижская линия";"2023";"IV квартал";"1805339";"1998175";"2641198645";
"ВДНХ";"Калужско-Рижская линия";"2023";"IV квартал";"7345557";"7015625";"2641198646";
"Алексеевская";"Калужско-Рижская линия";"2023";"IV квартал";"2997719";"3060718";"2641198647";
"Сухаревская";"Калужско-Рижская линия";"2023";"IV квартал";"1884184";"1981087";"2641198648";
"Тургеневская";"Калужско-Рижская линия";"2023";"IV квартал";"1886111";"1991966";"2641198649";
"Китай-город";"Калужско-Рижская линия";"2023";"IV квартал";"5262736";"5464678";"2641198650";
"Октябрьская";"Калужско-Рижская линия";"2023";"IV квартал";"1144237";"1201672";"2641198652";
"Шаболовская";"Калужско-Рижская линия";"2023";"IV квартал";"2429295";"2556967";"2641198653";
"Ленинский проспект";"Калужско-Рижская линия";"2023";"IV квартал";"3402670";"3862792";"2641198654";
"Академическая";"Калужско-Рижская линия";"2023";"IV квартал";"3218872";"3232011";"2641198655";
"Профсоюзная";"Калужско-Рижская линия";"2023";"IV квартал";"2902943";"2966643";"2641198656";
"Новые Черёмушки";"Калужско-Рижская линия";"2023";"IV квартал";"3150154";"3195357";"2641198657";
"Калужская";"Калужско-Рижская линия";"2023";"IV квартал";"2405783";"2513743";"2641198658";
"Беляево";"Калужско-Рижская линия";"2023";"IV квартал";"3548528";"3596834";"2641198659";
"Коньково";"Калужско-Рижская линия";"2023";"IV квартал";"2631564";"2618774";"2641198660";
"Тёплый стан";"Калужско-Рижская линия";"2023";"IV квартал";"5479618";"5354451";"2641198661";
"Ясенево";"Калужско-Рижская линия";"2023";"IV квартал";"2813332";"2764729";"2641198662";
"Новоясеневская";"Калужско-Рижская линия";"2023";"IV квартал";"609197";"582262";"2641198663";
"Краснопресненская";"Кольцевая линия";"2023";"IV квартал";"1926066";"1996149";"2641198664";
"Новослободская";"Кольцевая линия";"2023";"IV квартал";"2850058";"3040858";"2641198665";
"Проспект Мира";"Кольцевая линия";"2023";"IV квартал";"1954393";"2018892";"2641198666";
"Курская";"Кольцевая линия";"2023";"IV квартал";"4435683";"4106274";"2641198667";
"Добрынинская";"Кольцевая линия";"2023";"IV квартал";"2002859";"2091183";"2641198668";
"Селигерская";"Люблинско-Дмитровская линия";"2023";"IV квартал";"2748523";"2671887";"2641198669";
"Верхние Лихоборы";"Люблинско-Дмитровская линия";"2023";"IV квартал";"1270139";"1249237";"2641198670";
"Окружная";"Люблинско-Дмитровская линия";"2023";"IV квартал";"970366";"1019655";"2641198671";
"Петровско-Разумовская";"Люблинско-Дмитровская линия";"2023";"IV квартал";"2071958";"1976051";"2641198672";
"Фонвизинская";"Люблинско-Дмитровская линия";"2023";"IV квартал";"1283082";"1271805";"2641198673";
"Бутырская";"Люблинско-Дмитровская линия";"2023";"IV квартал";"1379186";"1409232";"2641198674";
"Достоевская";"Люблинско-Дмитровская линия";"2023";"IV квартал";"1242297";"1288950";"2641198675";
"Трубная";"Люблинско-Дмитровская линия";"2023";"IV квартал";"1546941";"1637393";"2641198676";
"Сретенский бульвар";"Люблинско-Дмитровская линия";"2023";"IV квартал";"755584";"804976";"2641198677";
"Чкаловская";"Люблинско-Дмитровская линия";"2023";"IV квартал";"2018586";"2075983";"2641198678";
"Римская";"Люблинско-Дмитровская линия";"2023";"IV квартал";"1581968";"1606804";"2641198680";
"Крестьянская застава";"Люблинско-Дмитровская линия";"2023";"IV квартал";"737847";"769903";"2641198681";
"Дубровка";"Люблинско-Дмитровская линия";"2023";"IV квартал";"1627750";"1697840";"2641198682";
"Кожуховская";"Люблинско-Дмитровская линия";"2023";"IV квартал";"1931818";"1997135";"2641198683";
"Печатники";"Люблинско-Дмитровская линия";"2023";"IV квартал";"1963914";"1951929";"2641198684";
"Волжская";"Люблинско-Дмитровская линия";"2023";"IV квартал";"1440073";"1447866";"2641198685";
"Люблино";"Люблинско-Дмитровская линия";"2023";"IV квартал";"3908025";"3746256";"2641198686";
"Братиславская";"Люблинско-Дмитровская линия";"2023";"IV квартал";"3452872";"3410443";"2641198687";
"Марьино";"Люблинско-Дмитровская линия";"2023";"IV квартал";"2881634";"2823372";"2641198688";
"Борисово";"Люблинско-Дмитровская линия";"2023";"IV квартал";"1017744";"998230";"2641198689";
"Шипиловская";"Люблинско-Дмитровская линия";"2023";"IV квартал";"1292818";"1281398";"2641198691";
"Зябликово";"Люблинско-Дмитровская линия";"2023";"IV квартал";"978388";"966434";"2641198692";
"Улица Сергея Эйзенштейна";"Московская монорельсовая транспортная система";"2023";"IV квартал";"19297";"17380";"2641198693";
"Выставочный центр";"Московская монорельсовая транспортная система";"2023";"IV квартал";"85843";"76117";"2641198694";
"Улица Академика Королёва";"Московская монорельсовая транспортная система";"2023";"IV квартал";"14581";"13144";"2641198695";
"Телецентр";"Московская монорельсовая транспортная система";"2023";"IV квартал";"28254";"25490";"2641198696";
"Улица Милашенкова";"Московская монорельсовая транспортная система";"2023";"IV квартал";"17918";"16353";"2641198697";
"Лихоборы";"Московское центральное кольцо";"2023";"IV квартал";"1276671";"1294190";"2641198698";
"Ростокино";"Московское центральное кольцо";"2023";"IV квартал";"2926024";"2916286";"2641198699";
"Белокаменная";"Московское центральное кольцо";"2023";"IV квартал";"153496";"161739";"2641198700";
"Локомотив";"Московское центральное кольцо";"2023";"IV квартал";"1030455";"1055456";"2641198701";
"Измайлово";"Московское центральное кольцо";"2023";"IV квартал";"896818";"957451";"2641198702";
"Соколиная Гора";"Московское центральное кольцо";"2023";"IV квартал";"602435";"639117";"2641198703";
"Андроновка";"Московское центральное кольцо";"2023";"IV квартал";"715898";"720088";"2641198704";
"Новохохловская";"Московское центральное кольцо";"2023";"IV квартал";"558952";"574076";"2641198705";
"Угрешская";"Московское центральное кольцо";"2023";"IV квартал";"494925";"525348";"2641198706";
"ЗИЛ";"Московское центральное кольцо";"2023";"IV квартал";"1016362";"1065915";"2641198707";
"Верхние Котлы";"Московское центральное кольцо";"2023";"IV квартал";"1433559";"1476115";"2641198708";
"Крымская";"Московское центральное кольцо";"2023";"IV квартал";"947490";"991993";"2641198709";
"Площадь Гагарина";"Московское центральное кольцо";"2023";"IV квартал";"1154484";"1399068";"2641198710";
"Лужники";"Московское центральное кольцо";"2023";"IV квартал";"831794";"971680";"2641198711";
"Шелепиха";"Московское центральное кольцо";"2023";"IV квартал";"732977";"788158";"2641198712";
"Хорошёво";"Московское центральное кольцо";"2023";"IV квартал";"590029";"625476";"2641198713";
"Зорге";"Московское центральное кольцо";"2023";"IV квартал";"454537";"478450";"2641198714";
"Панфиловская";"Московское центральное кольцо";"2023";"IV квартал";"598147";"633224";"2641198715";
"Стрешнево";"Московское центральное кольцо";"2023";"IV квартал";"1578030";"1618258";"2641198716";
"Балтийская";"Московское центральное кольцо";"2023";"IV квартал";"1011964";"1099343";"2641198717";
"Коптево";"Московское центральное кольцо";"2023";"IV квартал";"1460362";"1526684";"2641198718";
"Нижегородская";"Некрасовская линия";"2023";"IV квартал";"3237696";"3526328";"2641198719";
"Стахановская";"Некрасовская линия";"2023";"IV квартал";"731953";"750943";"2641198721";
"Окская";"Некрасовская линия";"2023";"IV квартал";"880703";"896115";"2641198722";
"Юго-Восточная";"Некрасовская линия";"2023";"IV квартал";"1242246";"1252049";"2641198723";
"Косино";"Некрасовская линия";"2023";"IV квартал";"490509";"474083";"2641198724";
"Улица Дмитриевского";"Некрасовская линия";"2023";"IV квартал";"893534";"890929";"2641198725";
"Лухмановская";"Некрасовская линия";"2023";"IV квартал";"1630493";"1586413";"2641198726";
"Некрасовка";"Некрасовская линия";"2023";"IV квартал";"5182381";"5056150";"2641198727";
"Алтуфьево";"Серпуховско-Тимирязевская линия";"2023";"IV квартал";"3446811";"3348268";"2641198728";
"Бибирево";"Серпуховско-Тимирязевская линия";"2023";"IV квартал";"2535746";"2517349";"2641198729";
"Отрадное";"Серпуховско-Тимирязевская линия";"2023";"IV квартал";"4347547";"4345738";"2641198730";
"Владыкино";"Серпуховско-Тимирязевская линия";"2023";"IV квартал";"1492202";"1701972";"2641198731";
"Тимирязевская";"Серпуховско-Тимирязевская линия";"2023";"IV квартал";"2080545";"2061238";"2641198732";
"Дмитровская";"Серпуховско-Тимирязевская линия";"2023";"IV квартал";"3185158";"3258556";"2641198734";
"Савёловская";"Серпуховско-Тимирязевская линия";"2023";"IV квартал";"2987192";"2943471";"2641198735";
"Менделеевская";"Серпуховско-Тимирязевская линия";"2023";"IV квартал";"2414567";"2560260";"2641198736";
"Цветной бульвар";"Серпуховско-Тимирязевская линия";"2023";"IV квартал";"2112394";"2219066";"2641198737";
"Чеховская";"Серпуховско-Тимирязевская линия";"2023";"IV квартал";"1929896";"2046346";"2641198738";
"Боровицкая";"Серпуховско-Тимирязевская линия";"2023";"IV квартал";"588464";"619579";"2641198739";
"Полянка";"Серпуховско-Тимирязевская линия";"2023";"IV квартал";"1515073";"1586513";"2641198740";
"Серпуховская";"Серпуховско-Тимирязевская линия";"2023";"IV квартал";"2301590";"2424858";"2641198741";
"Тульская";"Серпуховско-Тимирязевская линия";"2023";"IV квартал";"3118345";"3218984";"2641198742";
"Нагатинская";"Серпуховско-Тимирязевская линия";"2023";"IV квартал";"3569801";"3622055";"2641198743";
"Нагорная";"Серпуховско-Тимирязевская линия";"2023";"IV квартал";"1496024";"1526373";"2641198744";
"Нахимовский проспект";"Серпуховско-Тимирязевская линия";"2023";"IV квартал";"1865452";"1888181";"2641198745";
"Севастопольская";"Серпуховско-Тимирязевская линия";"2023";"IV квартал";"826441";"857010";"2641198746";
"Чертановская";"Серпуховско-Тимирязевская линия";"2023";"IV квартал";"2956586";"2939074";"2641198747";
"Южная";"Серпуховско-Тимирязевская линия";"2023";"IV квартал";"2122291";"2096823";"2641198748";
"Пражская";"Серпуховско-Тимирязевская линия";"2023";"IV квартал";"4487492";"4484809";"2641198749";
"Улица академика Янгеля";"Серпуховско-Тимирязевская линия";"2023";"IV квартал";"2509216";"2444335";"2641198750";
"Аннино";"Серпуховско-Тимирязевская линия";"2023";"IV квартал";"2279922";"2104614";"2641198751";
"Бульвар Дмитрия Донского";"Серпуховско-Тимирязевская линия";"2023";"IV квартал";"5252860";"5020520";"2641198752";
"Бульвар Рокоссовского";"Сокольническая линия";"2023";"IV квартал";"2254665";"2234756";"2641198753";
"Черкизовская";"Сокольническая линия";"2023";"IV квартал";"1753043";"1538041";"2641198754";
"Преображенская площадь";"Сокольническая линия";"2023";"IV квартал";"3882968";"3916273";"2641198755";
"Красносельская";"Сокольническая линия";"2023";"IV квартал";"1958274";"2013839";"2641198756";
"Комсомольская";"Сокольническая линия";"2023";"IV квартал";"2487816";"2020046";"2641198757";
"Красные ворота";"Сокольническая линия";"2023";"IV квартал";"2276736";"2343765";"2641198758";
"Чистые пруды";"Сокольническая линия";"2023";"IV квартал";"1750414";"1830261";"2641198759";
"Лубянка";"Сокольническая линия";"2023";"IV квартал";"2481230";"2547306";"2641198760";
"Охотный ряд";"Сокольническая линия";"2023";"IV квартал";"4951866";"4892839";"2641198761";
"Библиотека имени Ленина";"Сокольническая линия";"2023";"IV квартал";"0";"0";"2641198762";
"Кропоткинская";"Сокольническая линия";"2023";"IV квартал";"2227288";"2314907";"2641198763";
"Парк культуры";"Сокольническая линия";"2023";"IV квартал";"659442";"697700";"2641198764";
"Фрунзенская";"Сокольническая линия";"2023";"IV квартал";"2672398";"2818552";"2641198765";
"Спортивная";"Сокольническая линия";"2023";"IV квартал";"1949423";"2132671";"2641198766";
"Воробьёвы горы";"Сокольническая линия";"2023";"IV квартал";"735691";"717760";"2641198767";
"Университет";"Сокольническая линия";"2023";"IV квартал";"3252485";"3312222";"2641198768";
"Юго-Западная";"Сокольническая линия";"2023";"IV квартал";"5447811";"5569075";"2641198769";
"Тропарёво";"Сокольническая линия";"2023";"IV квартал";"1812421";"1792660";"2641198770";
"Румянцево";"Сокольническая линия";"2023";"IV квартал";"1063150";"1066845";"2641198771";
"Саларьево";"Сокольническая линия";"2023";"IV квартал";"3706420";"3449745";"2641198772";
"Филатов луг";"Сокольническая линия";"2023";"IV квартал";"1798945";"1747270";"2641198773";
"Прокшино";"Сокольническая линия";"2023";"IV квартал";"708681";"694248";"2641198774";
"Ольховая";"Сокольническая линия";"2023";"IV квартал";"951103";"901933";"2641198775";
"Новомосковская";"Сокольническая линия";"2023";"IV квартал";"1553966";"1523491";"2641198776";
"Деловой центр";"Солнцевская линия";"2023";"IV квартал";"1488141";"1499138";"2641198777";
"Парк Победы";"Солнцевская линия";"2023";"IV квартал";"351980";"361815";"2641198778";
"Минская";"Солнцевская линия";"2023";"IV квартал";"773055";"782778";"2641198779";
"Ломоносовский проспект";"Солнцевская линия";"2023";"IV квартал";"1367715";"1376087";"2641198780";
"Раменки";"Солнцевская линия";"2023";"IV квартал";"1726076";"1704869";"2641198781";
"Мичуринский проспект";"Солнцевская линия";"2023";"IV квартал";"232953";"236474";"2641198782";
"Озёрная";"Солнцевская линия";"2023";"IV квартал";"1607975";"1580628";"2641198783";
"Говорово";"Солнцевская линия";"2023";"IV квартал";"1088646";"1044785";"2641198784";
"Солнцево";"Солнцевская линия";"2023";"IV квартал";"1821104";"1751284";"2641198786";
"Боровское шоссе";"Солнцевская линия";"2023";"IV квартал";"516900";"484537";"2641198787";
"Новопеределкино";"Солнцевская линия";"2023";"IV квартал";"1513803";"1434596";"2641198788";
"Рассказовка";"Солнцевская линия";"2023";"IV квартал";"1694302";"1610174";"2641198789";
"Планерная";"Таганско-Краснопресненская линия";"2023";"IV квартал";"3687714";"3545935";"2641198790";
"Сходненская";"Таганско-Краснопресненская линия";"2023";"IV квартал";"4486755";"4383258";"2641198791";
"Тушинская";"Таганско-Краснопресненская линия";"2023";"IV квартал";"3997499";"3825015";"2641198792";
"Спартак";"Таганско-Краснопресненская линия";"2023";"IV квартал";"631071";"617936";"2641198793";
"Щукинская";"Таганско-Краснопресненская линия";"2023";"IV квартал";"3835917";"3811370";"2641198794";
"Октябрьское поле";"Таганско-Краснопресненская линия";"2023";"IV квартал";"3664161";"3721060";"2641198795";
"Полежаевская";"Таганско-Краснопресненская линия";"2023";"IV квартал";"2518281";"2561942";"2641198796";
"Беговая";"Таганско-Краснопресненская линия";"2023";"IV квартал";"3119215";"3150093";"2641198797";
"Улица 1905 года";"Таганско-Краснопресненская линия";"2023";"IV квартал";"3904776";"4052357";"2641198799";
"Баррикадная";"Таганско-Краснопресненская линия";"2023";"IV квартал";"2104288";"2195731";"2641198800";
"Пушкинская";"Таганско-Краснопресненская линия";"2023";"IV квартал";"4020881";"4212986";"2641198801";
"Кузнецкий мост";"Таганско-Краснопресненская линия";"2023";"IV квартал";"2061549";"2187406";"2641198802";
"Таганская";"Таганско-Краснопресненская линия";"2023";"IV квартал";"1260602";"1304392";"2641198803";
"Пролетарская";"Таганско-Краснопресненская линия";"2023";"IV квартал";"2824295";"2855181";"2641198804";
"Волгоградский проспект";"Таганско-Краснопресненская линия";"2023";"IV квартал";"1889624";"1923983";"2641198805";
"Текстильщики";"Таганско-Краснопресненская линия";"2023";"IV квартал";"4649885";"4929404";"2641198806";
"Кузьминки";"Таганско-Краснопресненская линия";"2023";"IV квартал";"5027937";"4992627";"2641198807";
"Рязанский проспект";"Таганско-Краснопресненская линия";"2023";"IV квартал";"2656977";"2662765";"2641198808";
"Выхино";"Таганско-Краснопресненская линия";"2023";"IV квартал";"5795496";"5583133";"2641198809";
"Лермонтовский проспект";"Таганско-Краснопресненская линия";"2023";"IV квартал";"1736867";"1658643";"2641198810";
"Жулебино";"Таганско-Краснопресненская линия";"2023";"IV квартал";"2347424";"2283593";"2641198811";
"Котельники";"Таганско-Краснопресненская линия";"2023";"IV квартал";"5143286";"4666834";"2641198812";
"Пионерская";"Филёвская линия";"2023";"IV квартал";"547780";"524153";"2641198813";
"Филёвский парк";"Филёвская линия";"2023";"IV квартал";"830227";"805831";"2641198814";
"Багратионовская";"Филёвская линия";"2023";"IV квартал";"1453254";"1456228";"2641198815";
"Фили";"Филёвская линия";"2023";"IV квартал";"1647352";"1638978";"2641198816";
"Кутузовская";"Филёвская линия";"2023";"IV квартал";"638906";"684631";"2641198817";
"Студенческая";"Филёвская линия";"2023";"IV квартал";"606148";"610437";"2641198818";
"Смоленская";"Филёвская линия";"2023";"IV квартал";"801409";"817873";"2641198819";
"Арбатская";"Филёвская линия";"2023";"IV квартал";"524807";"509274";"2641198820";
"Александровский сад";"Филёвская линия";"2023";"IV квартал";"1736349";"1770521";"2641198821";
"Москва-Сити";"Филёвская линия";"2023";"IV квартал";"573488";"584784";"2641198822";
"Деловой центр";"Филёвская линия";"2023";"IV квартал";"1460793";"1453761";"2641198824";
"Марьина Роща";"Люблинско-Дмитровская линия";"2023";"IV квартал";"2340598";"2404126";"2641198858";
"Пыхтино";"Солнцевская линия";"2023";"IV квартал";"842068";"783885";"2641198873";
"Аэропорт Внуково";"Солнцевская линия";"2023";"IV квартал";"770332";"519552";"2641198874";
"Яхромская";"Люблинско-Дмитровская линия";"2023";"IV квартал";"1507760";"1463497";"2641198875";
"Лианозово";"Люблинско-Дмитровская линия";"2023";"IV квартал";"1262931";"1210753";"2641198876";
"Физтех";"Люблинско-Дмитровская линия";"2023";"IV квартал";"942377";"893639";"2641198877";
"Кунцевская";"Арбатско-Покровская линия";"2023";"IV квартал";"969655";"973431";"2641199453";
"Парк Победы";"Арбатско-Покровская линия";"2023";"IV квартал";"1414201";"1397873";"2641199462";
"Смоленская";"Арбатско-Покровская линия";"2023";"IV квартал";"2635548";"2743563";"2641199482";
"Арбатская";"Арбатско-Покровская линия";"2023";"IV квартал";"2509752";"2636306";"2641199499";
"Курская";"Арбатско-Покровская линия";"2023";"IV квартал";"1887842";"1967092";"2641199530";
"Савёловская";"Большая кольцевая линия";"2023";"IV квартал";"1877022";"1906419";"2641199544";
"Петровский парк";"Большая кольцевая линия";"2023";"IV квартал";"1715184";"1778514";"2641199587";
"Шелепиха";"Большая кольцевая линия";"2023";"IV квартал";"1163794";"1177126";"2641199593";
"Лефортово";"Большая кольцевая линия";"2023";"IV квартал";"1145926";"1173479";"2641199609";
"Электрозаводская";"Большая кольцевая линия";"2023";"IV квартал";"2022292";"2318192";"2641199618";
"Мичуринский проспект";"Большая кольцевая линия";"2023";"IV квартал";"1110533";"1118583";"2641199622";
"Варшавская";"Большая кольцевая линия";"2023";"IV квартал";"2619918";"2555213";"2641199632";
"Каширская";"Большая кольцевая линия";"2023";"IV квартал";"2740909";"2777154";"2641199648";
"Печатники";"Большая кольцевая линия";"2023";"IV квартал";"247136";"249814";"2641199655";
"Текстильщики";"Большая кольцевая линия";"2023";"IV квартал";"1580439";"1872752";"2641199668";
"Авиамоторная";"Калининская линия";"2023";"IV квартал";"3189587";"3340819";"2641199670";
"Третьяковская";"Калининская линия";"2023";"IV квартал";"2697906";"2827371";"2641199676";
"Третьяковская";"Калужско-Рижская линия";"2023";"IV квартал";"0";"0";"2641199726";
"Петровско-Разумовская";"Серпуховско-Тимирязевская линия";"2023";"IV квартал";"0";"0";"2641199753";
"Китай-город";"Таганско-Краснопресненская линия";"2023";"IV квартал";"0";"0";"2641199759";
"Киевская";"Филёвская линия";"2023";"IV квартал";"0";"0";"2641199773";
"Рижская";"Калужско-Рижская линия";"2023";"IV квартал";"1044374";"1063517";"2641199804";
"Проспект Мира";"Калужско-Рижская линия";"2023";"IV квартал";"1938431";"2010569";"2641199820";
"Киевская";"Кольцевая линия";"2023";"IV квартал";"3207799";"3191552";"2641199850";
"Белорусская";"Кольцевая линия";"2023";"IV квартал";"4148000";"3927393";"2641199888";
"Комсомольская";"Кольцевая линия";"2023";"IV квартал";"8411714";"6845163";"2641199922";
"Таганская";"Кольцевая линия";"2023";"IV квартал";"2409267";"2494570";"2641199966";
"Павелецкая";"Кольцевая линия";"2023";"IV квартал";"4812793";"4940181";"2641200003";
"Октябрьская";"Кольцевая линия";"2023";"IV квартал";"2280852";"2408679";"2641200032";
"Парк культуры";"Кольцевая линия";"2023";"IV квартал";"3205994";"3353252";"2641200057";
"Тимирязевская";"Московская монорельсовая транспортная система";"2023";"IV квартал";"60646";"51828";"2641200125";
"Окружная";"Московское центральное кольцо";"2023";"IV квартал";"1264660";"1300481";"2641200141";
"Владыкино";"Московское центральное кольцо";"2023";"IV квартал";"640842";"821027";"2641200144";
"Ботанический сад";"Московское центральное кольцо";"2023";"IV квартал";"1108231";"1331457";"2641200167";
"Бульвар Рокоссовского";"Московское центральное кольцо";"2023";"IV квартал";"839890";"872124";"2641200539";
"Шоссе Энтузиастов";"Московское центральное кольцо";"2023";"IV квартал";"670954";"749771";"2641200553";
"Нижегородская";"Московское центральное кольцо";"2023";"IV квартал";"1456329";"1565982";"2641200595";
"Дубровка";"Московское центральное кольцо";"2023";"IV квартал";"692310";"731925";"2641200614";
"Автозаводская";"Московское центральное кольцо";"2023";"IV квартал";"469933";"514602";"2641200619";
"Кутузовская";"Московское центральное кольцо";"2023";"IV квартал";"2017822";"2163065";"2641200650";
"Москва-Сити";"Московское центральное кольцо";"2023";"IV квартал";"1339745";"1446038";"2641200662";
"Сокольники";"Сокольническая линия";"2023";"IV квартал";"1420190";"1430750";"2641200800";
"Проспект Вернадского";"Сокольническая линия";"2023";"IV квартал";"2207837";"2232207";"2641200821";
"Кунцевская";"Филёвская линия";"2023";"IV квартал";"568688";"550425";"2641200846";
"Пятницкое шоссе";"Арбатско-Покровская линия";"2024";"I квартал";"1541691";"1456681";"2664615729";
"Митино";"Арбатско-Покровская линия";"2024";"I квартал";"2198710";"2106936";"2664615730";
"Волоколамская";"Арбатско-Покровская линия";"2024";"I квартал";"1623080";"1569833";"2664615731";
"Мякинино";"Арбатско-Покровская линия";"2024";"I квартал";"1597220";"1525746";"2664615732";
"Строгино";"Арбатско-Покровская линия";"2024";"I квартал";"2443933";"2381902";"2664615733";
"Крылатское";"Арбатско-Покровская линия";"2024";"I квартал";"2337086";"2300269";"2664615734";
"Молодёжная";"Арбатско-Покровская линия";"2024";"I квартал";"3863844";"3811017";"2664615735";
"Славянский бульвар";"Арбатско-Покровская линия";"2024";"I квартал";"4659567";"4509392";"2664615737";
"Киевская";"Арбатско-Покровская линия";"2024";"I квартал";"3063034";"2836510";"2664615738";
"Площадь Революции";"Арбатско-Покровская линия";"2024";"I квартал";"2837628";"2803263";"2664615739";
"Бауманская";"Арбатско-Покровская линия";"2024";"I квартал";"4595852";"4800912";"2664615740";
"Электрозаводская";"Арбатско-Покровская линия";"2024";"I квартал";"2645020";"2839726";"2664615741";
"Семёновская";"Арбатско-Покровская линия";"2024";"I квартал";"2560223";"2633454";"2664615742";
"Партизанская";"Арбатско-Покровская линия";"2024";"I квартал";"1645724";"1549057";"2664615743";
"Измайловская";"Арбатско-Покровская линия";"2024";"I квартал";"1565800";"1580924";"2664615744";
"Первомайская";"Арбатско-Покровская линия";"2024";"I квартал";"2899792";"2869239";"2664615745";
"Щёлковская";"Арбатско-Покровская линия";"2024";"I квартал";"6101781";"5758029";"2664615746";
"ЦСКА";"Большая кольцевая линия";"2024";"I квартал";"3123959";"3192267";"2664615747";
"Хорошёвская";"Большая кольцевая линия";"2024";"I квартал";"1176079";"1202103";"2664615749";
"Народное Ополчение";"Большая кольцевая линия";"2024";"I квартал";"1950577";"1939137";"2664615750";
"Мнёвники";"Большая кольцевая линия";"2024";"I квартал";"54239";"47364";"2664615751";
"Авиамоторная";"Большая кольцевая линия";"2024";"I квартал";"1042435";"1153131";"2664615752";
"Терехово";"Большая кольцевая линия";"2024";"I квартал";"508085";"536130";"2664615753";
"Кунцевская";"Большая кольцевая линия";"2024";"I квартал";"1737980";"1720030";"2664615754";
"Давыдково";"Большая кольцевая линия";"2024";"I квартал";"1126003";"1136067";"2664615755";
"Аминьевская";"Большая кольцевая линия";"2024";"I квартал";"2013496";"1981960";"2664615756";
"Проспект Вернадского";"Большая кольцевая линия";"2024";"I квартал";"717054";"744134";"2664615757";
"Новаторская";"Большая кольцевая линия";"2024";"I квартал";"1374086";"1387208";"2664615758";
"Воронцовская";"Большая кольцевая линия";"2024";"I квартал";"1280971";"1340191";"2664615760";
"Зюзино";"Большая кольцевая линия";"2024";"I квартал";"1945786";"1959775";"2664615761";
"Каховская";"Большая кольцевая линия";"2024";"I квартал";"1458320";"1501235";"2664615762";
"Кленовый бульвар";"Большая кольцевая линия";"2024";"I квартал";"653629";"675843";"2664615763";
"Нагатинский Затон";"Большая кольцевая линия";"2024";"I квартал";"438420";"444794";"2664615764";
"Сокольники";"Большая кольцевая линия";"2024";"I квартал";"1617536";"1689047";"2664615765";
"Рижская";"Большая кольцевая линия";"2024";"I квартал";"637279";"662974";"2664615766";
"Марьина Роща";"Большая кольцевая линия";"2024";"I квартал";"673454";"687964";"2664615767";
"Битцевский парк";"Бутовская линия";"2024";"I квартал";"205419";"144437";"2664615768";
"Лесопарковая";"Бутовская линия";"2024";"I квартал";"715723";"680483";"2664615769";
"Улица Старокачаловская";"Бутовская линия";"2024";"I квартал";"0";"0";"2664615770";
"Улица Скобелевская";"Бутовская линия";"2024";"I квартал";"1676787";"1609167";"2664615771";
"Бульвар адмирала Ушакова";"Бутовская линия";"2024";"I квартал";"1057986";"1045710";"2664615772";
"Улица Горчакова";"Бутовская линия";"2024";"I квартал";"822780";"804855";"2664615774";
"Бунинская аллея";"Бутовская линия";"2024";"I квартал";"1892500";"1845893";"2664615775";
"Ховрино";"Замоскворецкая линия";"2024";"I квартал";"3976426";"3597658";"2664615776";
"Беломорская";"Замоскворецкая линия";"2024";"I квартал";"2402670";"2295644";"2664615777";
"Речной вокзал";"Замоскворецкая линия";"2024";"I квартал";"2195032";"2146725";"2664615778";
"Водный стадион";"Замоскворецкая линия";"2024";"I квартал";"3477502";"3478774";"2664615779";
"Войковская";"Замоскворецкая линия";"2024";"I квартал";"3990352";"4011777";"2664615780";
"Сокол";"Замоскворецкая линия";"2024";"I квартал";"3058392";"3090182";"2664615781";
"Аэропорт";"Замоскворецкая линия";"2024";"I квартал";"3015517";"3078377";"2664615782";
"Динамо";"Замоскворецкая линия";"2024";"I квартал";"2374580";"2411151";"2664615784";
"Белорусская";"Замоскворецкая линия";"2024";"I квартал";"2320708";"2294367";"2664615785";
"Маяковская";"Замоскворецкая линия";"2024";"I квартал";"3067754";"3181691";"2664615786";
"Тверская";"Замоскворецкая линия";"2024";"I квартал";"0";"0";"2664615787";
"Театральная";"Замоскворецкая линия";"2024";"I квартал";"0";"0";"2664615788";
"Новокузнецкая";"Замоскворецкая линия";"2024";"I квартал";"2753174";"2896858";"2664615789";
"Павелецкая";"Замоскворецкая линия";"2024";"I квартал";"2654276";"2203996";"2664615790";
"Автозаводская";"Замоскворецкая линия";"2024";"I квартал";"3153491";"3296201";"2664615791";
"Технопарк";"Замоскворецкая линия";"2024";"I квартал";"1729698";"1749248";"2664615792";
"Коломенская";"Замоскворецкая линия";"2024";"I квартал";"3312128";"3326895";"2664615793";
"Каширская";"Замоскворецкая линия";"2024";"I квартал";"0";"0";"2664615794";
"Кантемировская";"Замоскворецкая линия";"2024";"I квартал";"2656221";"2629006";"2664615796";
"Царицыно";"Замоскворецкая линия";"2024";"I квартал";"4955587";"4725575";"2664615797";
"Орехово";"Замоскворецкая линия";"2024";"I квартал";"1482364";"1424932";"2664615798";
"Домодедовская";"Замоскворецкая линия";"2024";"I квартал";"4956609";"4629849";"2664615799";
"Красногвардейская";"Замоскворецкая линия";"2024";"I квартал";"1554786";"1517368";"2664615800";
"Алма-Атинская";"Замоскворецкая линия";"2024";"I квартал";"1139373";"1106952";"2664615801";
"Новокосино";"Калининская линия";"2024";"I квартал";"4629947";"4499291";"2664615802";
"Новогиреево";"Калининская линия";"2024";"I квартал";"5479880";"5287289";"2664615803";
"Перово";"Калининская линия";"2024";"I квартал";"3270510";"3233650";"2664615804";
"Шоссе Энтузиастов";"Калининская линия";"2024";"I квартал";"1811105";"1918463";"2664615805";
"Площадь Ильича";"Калининская линия";"2024";"I квартал";"1638896";"1650377";"2664615806";
"Марксистская";"Калининская линия";"2024";"I квартал";"1887329";"1970200";"2664615808";
"Медведково";"Калужско-Рижская линия";"2024";"I квартал";"4531813";"4372520";"2664615809";
"Бабушкинская";"Калужско-Рижская линия";"2024";"I квартал";"4055724";"4003369";"2664615810";
"Свиблово";"Калужско-Рижская линия";"2024";"I квартал";"2057391";"2056962";"2664615811";
"Ботанический сад";"Калужско-Рижская линия";"2024";"I квартал";"1759315";"1923438";"2664615812";
"ВДНХ";"Калужско-Рижская линия";"2024";"I квартал";"7426200";"6955047";"2664615813";
"Алексеевская";"Калужско-Рижская линия";"2024";"I квартал";"2753696";"2811478";"2664615814";
"Сухаревская";"Калужско-Рижская линия";"2024";"I квартал";"1766740";"1856136";"2664615815";
"Тургеневская";"Калужско-Рижская линия";"2024";"I квартал";"1760264";"1859558";"2664615816";
"Китай-город";"Калужско-Рижская линия";"2024";"I квартал";"4962901";"5136461";"2664615817";
"Октябрьская";"Калужско-Рижская линия";"2024";"I квартал";"1121731";"1174055";"2664615818";
"Шаболовская";"Калужско-Рижская линия";"2024";"I квартал";"2106370";"2220843";"2664615819";
"Ленинский проспект";"Калужско-Рижская линия";"2024";"I квартал";"2936913";"3336461";"2664615820";
"Академическая";"Калужско-Рижская линия";"2024";"I квартал";"2798952";"2832550";"2664615822";
"Профсоюзная";"Калужско-Рижская линия";"2024";"I квартал";"2587758";"2656541";"2664615823";
"Новые Черёмушки";"Калужско-Рижская линия";"2024";"I квартал";"2909339";"2965512";"2664615824";
"Калужская";"Калужско-Рижская линия";"2024";"I квартал";"2220452";"2320997";"2664615825";
"Беляево";"Калужско-Рижская линия";"2024";"I квартал";"3115424";"3159528";"2664615826";
"Коньково";"Калужско-Рижская линия";"2024";"I квартал";"2435666";"2430909";"2664615827";
"Тёплый стан";"Калужско-Рижская линия";"2024";"I квартал";"4987181";"4872391";"2664615828";
"Ясенево";"Калужско-Рижская линия";"2024";"I квартал";"2647245";"2611831";"2664615829";
"Новоясеневская";"Калужско-Рижская линия";"2024";"I квартал";"570623";"551256";"2664615830";
"Краснопресненская";"Кольцевая линия";"2024";"I квартал";"1786835";"1850482";"2664615831";
"Новослободская";"Кольцевая линия";"2024";"I квартал";"2512256";"2670723";"2664615832";
"Проспект Мира";"Кольцевая линия";"2024";"I квартал";"1971123";"2037486";"2664615833";
"Курская";"Кольцевая линия";"2024";"I квартал";"4241573";"3918773";"2664615835";
"Добрынинская";"Кольцевая линия";"2024";"I квартал";"1873667";"1955771";"2664615836";
"Селигерская";"Люблинско-Дмитровская линия";"2024";"I квартал";"2585251";"2524814";"2664615837";
"Верхние Лихоборы";"Люблинско-Дмитровская линия";"2024";"I квартал";"1202474";"1187682";"2664615838";
"Окружная";"Люблинско-Дмитровская линия";"2024";"I квартал";"922551";"971161";"2664615839";
"Петровско-Разумовская";"Люблинско-Дмитровская линия";"2024";"I квартал";"1880007";"1802044";"2664615840";
"Фонвизинская";"Люблинско-Дмитровская линия";"2024";"I квартал";"1195583";"1189246";"2664615841";
"Бутырская";"Люблинско-Дмитровская линия";"2024";"I квартал";"1323232";"1356691";"2664615842";
"Достоевская";"Люблинско-Дмитровская линия";"2024";"I квартал";"1123755";"1165508";"2664615843";
"Трубная";"Люблинско-Дмитровская линия";"2024";"I квартал";"1544386";"1627954";"2664615844";
"Сретенский бульвар";"Люблинско-Дмитровская линия";"2024";"I квартал";"698855";"746916";"2664615845";
"Чкаловская";"Люблинско-Дмитровская линия";"2024";"I квартал";"1794309";"1843229";"2664615846";
"Римская";"Люблинско-Дмитровская линия";"2024";"I квартал";"1466489";"1493526";"2664615848";
"Крестьянская застава";"Люблинско-Дмитровская линия";"2024";"I квартал";"683482";"714651";"2664615849";
"Дубровка";"Люблинско-Дмитровская линия";"2024";"I квартал";"1463709";"1524437";"2664615850";
"Кожуховская";"Люблинско-Дмитровская линия";"2024";"I квартал";"1790839";"1850284";"2664615852";
"Печатники";"Люблинско-Дмитровская линия";"2024";"I квартал";"1841123";"1839896";"2664615853";
"Волжская";"Люблинско-Дмитровская линия";"2024";"I квартал";"1340570";"1352181";"2664615854";
"Люблино";"Люблинско-Дмитровская линия";"2024";"I квартал";"3371544";"3266709";"2664615855";
"Братиславская";"Люблинско-Дмитровская линия";"2024";"I квартал";"3201855";"3170033";"2664615856";
"Марьино";"Люблинско-Дмитровская линия";"2024";"I квартал";"2715011";"2670896";"2664615857";
"Борисово";"Люблинско-Дмитровская линия";"2024";"I квартал";"973392";"957899";"2664615858";
"Шипиловская";"Люблинско-Дмитровская линия";"2024";"I квартал";"1204817";"1199792";"2664615859";
"Зябликово";"Люблинско-Дмитровская линия";"2024";"I квартал";"948667";"928130";"2664615860";
"Улица Сергея Эйзенштейна";"Московская монорельсовая транспортная система";"2024";"I квартал";"22071";"19348";"2664615862";
"Выставочный центр";"Московская монорельсовая транспортная система";"2024";"I квартал";"107246";"91817";"2664615863";
"Улица Академика Королёва";"Московская монорельсовая транспортная система";"2024";"I квартал";"15333";"13691";"2664615864";
"Телецентр";"Московская монорельсовая транспортная система";"2024";"I квартал";"31323";"27220";"2664615865";
"Улица Милашенкова";"Московская монорельсовая транспортная система";"2024";"I квартал";"19085";"16946";"2664615866";
"Лихоборы";"Московское центральное кольцо";"2024";"I квартал";"1201510";"1224242";"2664615867";
"Ростокино";"Московское центральное кольцо";"2024";"I квартал";"2683768";"2701222";"2664615868";
"Белокаменная";"Московское центральное кольцо";"2024";"I квартал";"133554";"140812";"2664615869";
"Локомотив";"Московское центральное кольцо";"2024";"I квартал";"923499";"938130";"2664615870";
"Измайлово";"Московское центральное кольцо";"2024";"I квартал";"817728";"869143";"2664615871";
"Соколиная Гора";"Московское центральное кольцо";"2024";"I квартал";"536462";"567733";"2664615872";
"Андроновка";"Московское центральное кольцо";"2024";"I квартал";"657711";"663475";"2664615873";
"Новохохловская";"Московское центральное кольцо";"2024";"I квартал";"521945";"535774";"2664615875";
"Угрешская";"Московское центральное кольцо";"2024";"I квартал";"435756";"461197";"2664615876";
"ЗИЛ";"Московское центральное кольцо";"2024";"I квартал";"924011";"971959";"2664615877";
"Верхние Котлы";"Московское центральное кольцо";"2024";"I квартал";"1276529";"1324292";"2664615878";
"Крымская";"Московское центральное кольцо";"2024";"I квартал";"856864";"897485";"2664615879";
"Площадь Гагарина";"Московское центральное кольцо";"2024";"I квартал";"1062004";"1274522";"2664615880";
"Лужники";"Московское центральное кольцо";"2024";"I квартал";"765334";"889204";"2664615881";
"Шелепиха";"Московское центральное кольцо";"2024";"I квартал";"660425";"713332";"2664615882";
"Хорошёво";"Московское центральное кольцо";"2024";"I квартал";"530973";"563864";"2664615883";
"Зорге";"Московское центральное кольцо";"2024";"I квартал";"397970";"417180";"2664615884";
"Панфиловская";"Московское центральное кольцо";"2024";"I квартал";"537548";"570393";"2664615885";
"Стрешнево";"Московское центральное кольцо";"2024";"I квартал";"1441242";"1477384";"2664615886";
"Балтийская";"Московское центральное кольцо";"2024";"I квартал";"951151";"1028518";"2664615887";
"Коптево";"Московское центральное кольцо";"2024";"I квартал";"1323710";"1382838";"2664615888";
"Нижегородская";"Некрасовская линия";"2024";"I квартал";"3060849";"3363376";"2664615889";
"Стахановская";"Некрасовская линия";"2024";"I квартал";"727677";"750037";"2664615890";
"Окская";"Некрасовская линия";"2024";"I квартал";"859158";"876770";"2664615891";
"Юго-Восточная";"Некрасовская линия";"2024";"I квартал";"1190721";"1203342";"2664615892";
"Косино";"Некрасовская линия";"2024";"I квартал";"455041";"440349";"2664615893";
"Улица Дмитриевского";"Некрасовская линия";"2024";"I квартал";"833678";"834711";"2664615894";
"Лухмановская";"Некрасовская линия";"2024";"I квартал";"1629398";"1603903";"2664615895";
"Некрасовка";"Некрасовская линия";"2024";"I квартал";"4797822";"4707671";"2664615896";
"Алтуфьево";"Серпуховско-Тимирязевская линия";"2024";"I квартал";"3176010";"3108832";"2664615897";
"Бибирево";"Серпуховско-Тимирязевская линия";"2024";"I квартал";"2369683";"2364883";"2664615898";
"Отрадное";"Серпуховско-Тимирязевская линия";"2024";"I квартал";"4084942";"4107925";"2664615899";
"Владыкино";"Серпуховско-Тимирязевская линия";"2024";"I квартал";"1402568";"1587953";"2664615900";
"Тимирязевская";"Серпуховско-Тимирязевская линия";"2024";"I квартал";"1977159";"1961085";"2664615901";
"Дмитровская";"Серпуховско-Тимирязевская линия";"2024";"I квартал";"2940049";"3013422";"2664615902";
"Савёловская";"Серпуховско-Тимирязевская линия";"2024";"I квартал";"2750199";"2707484";"2664615903";
"Менделеевская";"Серпуховско-Тимирязевская линия";"2024";"I квартал";"2167360";"2287975";"2664615904";
"Цветной бульвар";"Серпуховско-Тимирязевская линия";"2024";"I квартал";"1916893";"2004038";"2664615905";
"Чеховская";"Серпуховско-Тимирязевская линия";"2024";"I квартал";"1861223";"1972203";"2664615906";
"Боровицкая";"Серпуховско-Тимирязевская линия";"2024";"I квартал";"547350";"576538";"2664615907";
"Полянка";"Серпуховско-Тимирязевская линия";"2024";"I квартал";"1393839";"1465152";"2664615908";
"Серпуховская";"Серпуховско-Тимирязевская линия";"2024";"I квартал";"2011578";"2113294";"2664615909";
"Тульская";"Серпуховско-Тимирязевская линия";"2024";"I квартал";"2913628";"3006123";"2664615910";
"Нагатинская";"Серпуховско-Тимирязевская линия";"2024";"I квартал";"3233204";"3292102";"2664615911";
"Нагорная";"Серпуховско-Тимирязевская линия";"2024";"I квартал";"1519422";"1549707";"2664615912";
"Нахимовский проспект";"Серпуховско-Тимирязевская линия";"2024";"I квартал";"1761452";"1782200";"2664615913";
"Севастопольская";"Серпуховско-Тимирязевская линия";"2024";"I квартал";"716534";"739762";"2664615914";
"Чертановская";"Серпуховско-Тимирязевская линия";"2024";"I квартал";"2787158";"2778125";"2664615915";
"Южная";"Серпуховско-Тимирязевская линия";"2024";"I квартал";"2013549";"1993768";"2664615916";
"Пражская";"Серпуховско-Тимирязевская линия";"2024";"I квартал";"4101441";"4096084";"2664615917";
"Улица академика Янгеля";"Серпуховско-Тимирязевская линия";"2024";"I квартал";"2338294";"2283981";"2664615918";
"Аннино";"Серпуховско-Тимирязевская линия";"2024";"I квартал";"2075303";"1918645";"2664615919";
"Бульвар Дмитрия Донского";"Серпуховско-Тимирязевская линия";"2024";"I квартал";"4893923";"4698248";"2664615920";
"Бульвар Рокоссовского";"Сокольническая линия";"2024";"I квартал";"2146018";"2133399";"2664615921";
"Черкизовская";"Сокольническая линия";"2024";"I квартал";"1598637";"1392281";"2664615922";
"Преображенская площадь";"Сокольническая линия";"2024";"I квартал";"3591327";"3623037";"2664615923";
"Красносельская";"Сокольническая линия";"2024";"I квартал";"1828804";"1880832";"2664615924";
"Комсомольская";"Сокольническая линия";"2024";"I квартал";"2345864";"1876587";"2664615925";
"Красные ворота";"Сокольническая линия";"2024";"I квартал";"2094113";"2158270";"2664615926";
"Чистые пруды";"Сокольническая линия";"2024";"I квартал";"1698408";"1772912";"2664615927";
"Лубянка";"Сокольническая линия";"2024";"I квартал";"2426582";"2472143";"2664615928";
"Охотный ряд";"Сокольническая линия";"2024";"I квартал";"4751799";"4630734";"2664615929";
"Библиотека имени Ленина";"Сокольническая линия";"2024";"I квартал";"0";"0";"2664615930";
"Кропоткинская";"Сокольническая линия";"2024";"I квартал";"2172822";"2251659";"2664615931";
"Парк культуры";"Сокольническая линия";"2024";"I квартал";"590248";"624858";"2664615932";
"Фрунзенская";"Сокольническая линия";"2024";"I квартал";"2429937";"2554934";"2664615933";
"Спортивная";"Сокольническая линия";"2024";"I квартал";"1817550";"1984751";"2664615934";
"Воробьёвы горы";"Сокольническая линия";"2024";"I квартал";"764959";"746947";"2664615935";
"Университет";"Сокольническая линия";"2024";"I квартал";"2781539";"2816146";"2664615936";
"Юго-Западная";"Сокольническая линия";"2024";"I квартал";"4508536";"4576380";"2664615937";
"Тропарёво";"Сокольническая линия";"2024";"I квартал";"1616796";"1594711";"2664615938";
"Румянцево";"Сокольническая линия";"2024";"I квартал";"1002355";"1004996";"2664615939";
"Саларьево";"Сокольническая линия";"2024";"I квартал";"3385623";"3137994";"2664615940";
"Филатов луг";"Сокольническая линия";"2024";"I квартал";"1726440";"1681708";"2664615941";
"Прокшино";"Сокольническая линия";"2024";"I квартал";"706618";"692327";"2664615942";
"Ольховая";"Сокольническая линия";"2024";"I квартал";"923389";"873699";"2664615943";
"Новомосковская";"Сокольническая линия";"2024";"I квартал";"1481378";"1455057";"2664615944";
"Деловой центр";"Солнцевская линия";"2024";"I квартал";"1463448";"1473820";"2664615945";
"Парк Победы";"Солнцевская линия";"2024";"I квартал";"325252";"332349";"2664615946";
"Минская";"Солнцевская линия";"2024";"I квартал";"741384";"751768";"2664615947";
"Ломоносовский проспект";"Солнцевская линия";"2024";"I квартал";"1200694";"1203235";"2664615948";
"Раменки";"Солнцевская линия";"2024";"I квартал";"1638620";"1619845";"2664615949";
"Мичуринский проспект";"Солнцевская линия";"2024";"I квартал";"218040";"223383";"2664615950";
"Озёрная";"Солнцевская линия";"2024";"I квартал";"1530839";"1505303";"2664615951";
"Говорово";"Солнцевская линия";"2024";"I квартал";"1005637";"972061";"2664615952";
"Солнцево";"Солнцевская линия";"2024";"I квартал";"1743201";"1686465";"2664615953";
"Боровское шоссе";"Солнцевская линия";"2024";"I квартал";"487035";"457815";"2664615954";
"Новопеределкино";"Солнцевская линия";"2024";"I квартал";"1443101";"1373344";"2664615955";
"Рассказовка";"Солнцевская линия";"2024";"I квартал";"1592276";"1525422";"2664615956";
"Планерная";"Таганско-Краснопресненская линия";"2024";"I квартал";"3387465";"3274725";"2664615957";
"Сходненская";"Таганско-Краснопресненская линия";"2024";"I квартал";"4183310";"4095031";"2664615958";
"Тушинская";"Таганско-Краснопресненская линия";"2024";"I квартал";"3685496";"3532231";"2664615959";
"Спартак";"Таганско-Краснопресненская линия";"2024";"I квартал";"623344";"611914";"2664615961";
"Щукинская";"Таганско-Краснопресненская линия";"2024";"I квартал";"3580409";"3560155";"2664615962";
"Октябрьское поле";"Таганско-Краснопресненская линия";"2024";"I квартал";"3344412";"3394600";"2664615963";
"Полежаевская";"Таганско-Краснопресненская линия";"2024";"I квартал";"2338962";"2382639";"2664615964";
"Беговая";"Таганско-Краснопресненская линия";"2024";"I квартал";"2814753";"2844068";"2664615965";
"Улица 1905 года";"Таганско-Краснопресненская линия";"2024";"I квартал";"3573733";"3707687";"2664615967";
"Баррикадная";"Таганско-Краснопресненская линия";"2024";"I квартал";"1903750";"1978093";"2664615969";
"Пушкинская";"Таганско-Краснопресненская линия";"2024";"I квартал";"3764842";"3930566";"2664615970";
"Кузнецкий мост";"Таганско-Краснопресненская линия";"2024";"I квартал";"1930642";"2042749";"2664615971";
"Таганская";"Таганско-Краснопресненская линия";"2024";"I квартал";"1168228";"1208956";"2664615972";
"Пролетарская";"Таганско-Краснопресненская линия";"2024";"I квартал";"2618635";"2653453";"2664615973";
"Волгоградский проспект";"Таганско-Краснопресненская линия";"2024";"I квартал";"1793115";"1819424";"2664615974";
"Текстильщики";"Таганско-Краснопресненская линия";"2024";"I квартал";"4249159";"4523448";"2664615975";
"Кузьминки";"Таганско-Краснопресненская линия";"2024";"I квартал";"4606070";"4590942";"2664615976";
"Рязанский проспект";"Таганско-Краснопресненская линия";"2024";"I квартал";"2464359";"2478712";"2664615977";
"Выхино";"Таганско-Краснопресненская линия";"2024";"I квартал";"5298999";"5106561";"2664615978";
"Лермонтовский проспект";"Таганско-Краснопресненская линия";"2024";"I квартал";"1586560";"1525961";"2664615979";
"Жулебино";"Таганско-Краснопресненская линия";"2024";"I квартал";"2181044";"2134725";"2664615981";
"Котельники";"Таганско-Краснопресненская линия";"2024";"I квартал";"4854271";"4410984";"2664615982";
"Пионерская";"Филёвская линия";"2024";"I квартал";"513455";"495199";"2664615983";
"Филёвский парк";"Филёвская линия";"2024";"I квартал";"787585";"764835";"2664615984";
"Багратионовская";"Филёвская линия";"2024";"I квартал";"1344300";"1347664";"2664615985";
"Фили";"Филёвская линия";"2024";"I квартал";"1567434";"1562102";"2664615986";
"Кутузовская";"Филёвская линия";"2024";"I квартал";"572498";"612254";"2664615987";
"Студенческая";"Филёвская линия";"2024";"I квартал";"535463";"537790";"2664615988";
"Смоленская";"Филёвская линия";"2024";"I квартал";"760127";"775043";"2664615989";
"Арбатская";"Филёвская линия";"2024";"I квартал";"525631";"505662";"2664615990";
"Александровский сад";"Филёвская линия";"2024";"I квартал";"1535014";"1550264";"2664615991";
"Петровский парк";"Большая кольцевая линия";"2024";"I квартал";"1598431";"1657464";"2664616002";
"Лефортово";"Большая кольцевая линия";"2024";"I квартал";"1071590";"1098992";"2664616006";
"Варшавская";"Большая кольцевая линия";"2024";"I квартал";"2521277";"2467296";"2664616009";
"Пыхтино";"Солнцевская линия";"2024";"I квартал";"812637";"761387";"2664616046";
"Аэропорт Внуково";"Солнцевская линия";"2024";"I квартал";"816380";"539087";"2664616047";
"Яхромская";"Люблинско-Дмитровская линия";"2024";"I квартал";"1477505";"1444509";"2664616048";
"Лианозово";"Люблинско-Дмитровская линия";"2024";"I квартал";"1270059";"1218402";"2664616049";
"Физтех";"Люблинско-Дмитровская линия";"2024";"I квартал";"938667";"894675";"2664616050";
"Москва-Сити";"Филёвская линия";"2024";"I квартал";"540595";"553361";"2664616274";
"Деловой центр";"Филёвская линия";"2024";"I квартал";"1444951";"1430856";"2664619584";
"Кунцевская";"Арбатско-Покровская линия";"2024";"I квартал";"893545";"898931";"2664619602";
"Парк Победы";"Арбатско-Покровская линия";"2024";"I квартал";"1349625";"1332130";"2664619608";
"Смоленская";"Арбатско-Покровская линия";"2024";"I квартал";"2492439";"2586645";"2664619617";
"Арбатская";"Арбатско-Покровская линия";"2024";"I квартал";"2420200";"2534382";"2664619808";
"Курская";"Арбатско-Покровская линия";"2024";"I квартал";"1701695";"1766017";"2664619820";
"Савёловская";"Большая кольцевая линия";"2024";"I квартал";"1767681";"1797751";"2664619829";
"Шелепиха";"Большая кольцевая линия";"2024";"I квартал";"1133038";"1145419";"2664619836";
"Деловой центр";"Большая кольцевая линия";"2024";"I квартал";"1752921";"1764300";"2664619842";
"Электрозаводская";"Большая кольцевая линия";"2024";"I квартал";"1860461";"2126822";"2664619880";
"Мичуринский проспект";"Большая кольцевая линия";"2024";"I квартал";"1049220";"1065288";"2664619886";
"Каширская";"Большая кольцевая линия";"2024";"I квартал";"2521649";"2553683";"2664619890";
"Печатники";"Большая кольцевая линия";"2024";"I квартал";"219842";"223135";"2664619893";
"Текстильщики";"Большая кольцевая линия";"2024";"I квартал";"1378060";"1661430";"2664619898";
"Авиамоторная";"Калининская линия";"2024";"I квартал";"2837596";"2971562";"2664619903";
"Третьяковская";"Калининская линия";"2024";"I квартал";"2559801";"2679467";"2664619908";
"Третьяковская";"Калужско-Рижская линия";"2024";"I квартал";"0";"0";"2664619913";
"Петровско-Разумовская";"Серпуховско-Тимирязевская линия";"2024";"I квартал";"0";"0";"2664619916";
"Китай-город";"Таганско-Краснопресненская линия";"2024";"I квартал";"0";"0";"2664619919";
"Киевская";"Филёвская линия";"2024";"I квартал";"0";"0";"2664619921";
"Рижская";"Калужско-Рижская линия";"2024";"I квартал";"1053287";"1072022";"2664619995";
"Проспект Мира";"Калужско-Рижская линия";"2024";"I квартал";"1836692";"1902245";"2664620024";
"Киевская";"Кольцевая линия";"2024";"I квартал";"2906839";"2891939";"2664620059";
"Белорусская";"Кольцевая линия";"2024";"I квартал";"3936113";"3718178";"2664620070";
"Комсомольская";"Кольцевая линия";"2024";"I квартал";"7832303";"6363988";"2664620074";
"Таганская";"Кольцевая линия";"2024";"I квартал";"2210212";"2293693";"2664620085";
"Павелецкая";"Кольцевая линия";"2024";"I квартал";"4508307";"4642772";"2664620104";
"Октябрьская";"Кольцевая линия";"2024";"I квартал";"2055734";"2155008";"2664648710";
"Парк культуры";"Кольцевая линия";"2024";"I квартал";"2978282";"3110785";"2664648715";
"Марьина Роща";"Люблинско-Дмитровская линия";"2024";"I квартал";"2189866";"2251311";"2664648721";
"Тимирязевская";"Московская монорельсовая транспортная система";"2024";"I квартал";"67252";"55516";"2664648728";
"Окружная";"Московское центральное кольцо";"2024";"I квартал";"1165106";"1196482";"2664648733";
"Владыкино";"Московское центральное кольцо";"2024";"I квартал";"574981";"740242";"2664648737";
"Ботанический сад";"Московское центральное кольцо";"2024";"I квартал";"992733";"1199921";"2664648741";
"Бульвар Рокоссовского";"Московское центральное кольцо";"2024";"I квартал";"741365";"769897";"2664648747";
"Шоссе Энтузиастов";"Московское центральное кольцо";"2024";"I квартал";"615685";"687253";"2664648753";
"Нижегородская";"Московское центральное кольцо";"2024";"I квартал";"1295721";"1407959";"2664648758";
"Дубровка";"Московское центральное кольцо";"2024";"I квартал";"631093";"667798";"2664648761";
"Автозаводская";"Московское центральное кольцо";"2024";"I квартал";"421776";"463712";"2664648952";
"Кутузовская";"Московское центральное кольцо";"2024";"I квартал";"1882671";"2014467";"2664648956";
"Москва-Сити";"Московское центральное кольцо";"2024";"I квартал";"1229508";"1330368";"2664648958";
"Сокольники";"Сокольническая линия";"2024";"I квартал";"1306971";"1314968";"2664648992";
"Проспект Вернадского";"Сокольническая линия";"2024";"I квартал";"2007477";"2031838";"2664648998";
"Кунцевская";"Филёвская линия";"2024";"I квартал";"524946";"509451";"2664649019";
"Пятницкое шоссе";"Арбатско-Покровская линия";"2024";"II квартал";"1567040";"1487722";"2688522583";
"Митино";"Арбатско-Покровская линия";"2024";"II квартал";"2177752";"2092219";"2688522584";
"Волоколамская";"Арбатско-Покровская линия";"2024";"II квартал";"1654763";"1604423";"2688522585";
"Мякинино";"Арбатско-Покровская линия";"2024";"II квартал";"1462619";"1392212";"2688522586";
"Строгино";"Арбатско-Покровская линия";"2024";"II квартал";"2555125";"2490681";"2688522587";
"Крылатское";"Арбатско-Покровская линия";"2024";"II квартал";"2449977";"2408171";"2688522588";
"Молодёжная";"Арбатско-Покровская линия";"2024";"II квартал";"3990960";"3930042";"2688522589";
"Славянский бульвар";"Арбатско-Покровская линия";"2024";"II квартал";"4755203";"4593676";"2688522590";
"Киевская";"Арбатско-Покровская линия";"2024";"II квартал";"3234980";"2998950";"2688522591";
"Площадь Революции";"Арбатско-Покровская линия";"2024";"II квартал";"2927642";"2923202";"2688522592";
"Бауманская";"Арбатско-Покровская линия";"2024";"II квартал";"4595242";"4802846";"2688522593";
"Электрозаводская";"Арбатско-Покровская линия";"2024";"II квартал";"2586436";"2795949";"2688522594";
"Семёновская";"Арбатско-Покровская линия";"2024";"II квартал";"2600203";"2676121";"2688522595";
"Партизанская";"Арбатско-Покровская линия";"2024";"II квартал";"1802035";"1689688";"2688522596";
"Измайловская";"Арбатско-Покровская линия";"2024";"II квартал";"1621634";"1633419";"2688522597";
"Первомайская";"Арбатско-Покровская линия";"2024";"II квартал";"2881418";"2850107";"2688522598";
"Щёлковская";"Арбатско-Покровская линия";"2024";"II квартал";"6282871";"5943632";"2688522599";
"ЦСКА";"Большая кольцевая линия";"2024";"II квартал";"3042676";"3127301";"2688522600";
"Хорошёвская";"Большая кольцевая линия";"2024";"II квартал";"1205885";"1236648";"2688522601";
"Народное Ополчение";"Большая кольцевая линия";"2024";"II квартал";"2076074";"2069521";"2688522602";
"Мнёвники";"Большая кольцевая линия";"2024";"II квартал";"62095";"55607";"2688522603";
"Авиамоторная";"Большая кольцевая линия";"2024";"II квартал";"1035160";"1149802";"2688522604";
"Терехово";"Большая кольцевая линия";"2024";"II квартал";"599388";"642686";"2688522605";
"Кунцевская";"Большая кольцевая линия";"2024";"II квартал";"1889602";"1879005";"2688522606";
"Давыдково";"Большая кольцевая линия";"2024";"II квартал";"1121924";"1133378";"2688522607";
"Аминьевская";"Большая кольцевая линия";"2024";"II квартал";"2221756";"2194164";"2688522608";
"Проспект Вернадского";"Большая кольцевая линия";"2024";"II квартал";"772874";"806732";"2688522609";
"Новаторская";"Большая кольцевая линия";"2024";"II квартал";"1429562";"1445900";"2688522610";
"Воронцовская";"Большая кольцевая линия";"2024";"II квартал";"1299770";"1360903";"2688522611";
"Зюзино";"Большая кольцевая линия";"2024";"II квартал";"1993682";"2017573";"2688522612";
"Каховская";"Большая кольцевая линия";"2024";"II квартал";"1463016";"1518738";"2688522613";
"Кленовый бульвар";"Большая кольцевая линия";"2024";"II квартал";"700294";"722562";"2688522614";
"Нагатинский Затон";"Большая кольцевая линия";"2024";"II квартал";"451465";"457181";"2688522615";
"Сокольники";"Большая кольцевая линия";"2024";"II квартал";"1791328";"1867750";"2688522616";
"Рижская";"Большая кольцевая линия";"2024";"II квартал";"662087";"689311";"2688522617";
"Марьина Роща";"Большая кольцевая линия";"2024";"II квартал";"723675";"741303";"2688522618";
"Битцевский парк";"Бутовская линия";"2024";"II квартал";"234161";"173235";"2688522619";
"Лесопарковая";"Бутовская линия";"2024";"II квартал";"664868";"633297";"2688522620";
"Улица Старокачаловская";"Бутовская линия";"2024";"II квартал";"0";"0";"2688522621";
"Улица Скобелевская";"Бутовская линия";"2024";"II квартал";"1683091";"1607859";"2688522622";
"Бульвар адмирала Ушакова";"Бутовская линия";"2024";"II квартал";"1024528";"1010952";"2688522623";
"Улица Горчакова";"Бутовская линия";"2024";"II квартал";"823859";"804448";"2688522624";
"Бунинская аллея";"Бутовская линия";"2024";"II квартал";"1929117";"1881817";"2688522625";
"Ховрино";"Замоскворецкая линия";"2024";"II квартал";"4198207";"3768684";"2688522626";
"Беломорская";"Замоскворецкая линия";"2024";"II квартал";"2455807";"2333893";"2688522627";
"Речной вокзал";"Замоскворецкая линия";"2024";"II квартал";"2392513";"2322122";"2688522628";
"Водный стадион";"Замоскворецкая линия";"2024";"II квартал";"3504466";"3515977";"2688522629";
"Войковская";"Замоскворецкая линия";"2024";"II квартал";"4013992";"4043283";"2688522630";
"Сокол";"Замоскворецкая линия";"2024";"II квартал";"3110474";"3148077";"2688522631";
"Аэропорт";"Замоскворецкая линия";"2024";"II квартал";"2995626";"3054773";"2688522632";
"Динамо";"Замоскворецкая линия";"2024";"II квартал";"2422881";"2461049";"2688522633";
"Белорусская";"Замоскворецкая линия";"2024";"II квартал";"2490530";"2450313";"2688522634";
"Маяковская";"Замоскворецкая линия";"2024";"II квартал";"3131626";"3246256";"2688522635";
"Тверская";"Замоскворецкая линия";"2024";"II квартал";"0";"0";"2688522636";
"Театральная";"Замоскворецкая линия";"2024";"II квартал";"0";"0";"2688522637";
"Новокузнецкая";"Замоскворецкая линия";"2024";"II квартал";"2744598";"2878403";"2688522638";
"Павелецкая";"Замоскворецкая линия";"2024";"II квартал";"2722078";"2238326";"2688522639";
"Автозаводская";"Замоскворецкая линия";"2024";"II квартал";"3157805";"3314112";"2688522640";
"Технопарк";"Замоскворецкая линия";"2024";"II квартал";"1852199";"1873966";"2688522641";
"Коломенская";"Замоскворецкая линия";"2024";"II квартал";"3513364";"3531495";"2688522642";
"Каширская";"Замоскворецкая линия";"2024";"II квартал";"0";"0";"2688522643";
"Кантемировская";"Замоскворецкая линия";"2024";"II квартал";"2716620";"2699057";"2688522644";
"Царицыно";"Замоскворецкая линия";"2024";"II квартал";"5407250";"5149919";"2688522645";
"Орехово";"Замоскворецкая линия";"2024";"II квартал";"1561743";"1529894";"2688522646";
"Домодедовская";"Замоскворецкая линия";"2024";"II квартал";"5282949";"4965767";"2688522647";
"Красногвардейская";"Замоскворецкая линия";"2024";"II квартал";"1647656";"1593004";"2688522648";
"Алма-Атинская";"Замоскворецкая линия";"2024";"II квартал";"1155283";"1122553";"2688522649";
"Новокосино";"Калининская линия";"2024";"II квартал";"4727934";"4589323";"2688522650";
"Новогиреево";"Калининская линия";"2024";"II квартал";"5478236";"5288163";"2688522651";
"Перово";"Калининская линия";"2024";"II квартал";"3264212";"3228686";"2688522652";
"Шоссе Энтузиастов";"Калининская линия";"2024";"II квартал";"1803662";"1917562";"2688522653";
"Площадь Ильича";"Калининская линия";"2024";"II квартал";"1666555";"1676844";"2688522654";
"Марксистская";"Калининская линия";"2024";"II квартал";"1926262";"2009306";"2688522655";
"Медведково";"Калужско-Рижская линия";"2024";"II квартал";"4666972";"4492254";"2688522656";
"Бабушкинская";"Калужско-Рижская линия";"2024";"II квартал";"4099032";"4042450";"2688522657";
"Свиблово";"Калужско-Рижская линия";"2024";"II квартал";"2066409";"2063980";"2688522658";
"Ботанический сад";"Калужско-Рижская линия";"2024";"II квартал";"1966654";"2142417";"2688522659";
"ВДНХ";"Калужско-Рижская линия";"2024";"II квартал";"7577860";"7120044";"2688522660";
"Алексеевская";"Калужско-Рижская линия";"2024";"II квартал";"2752720";"2806924";"2688522661";
"Сухаревская";"Калужско-Рижская линия";"2024";"II квартал";"1768126";"1860976";"2688522662";
"Тургеневская";"Калужско-Рижская линия";"2024";"II квартал";"1734397";"1835384";"2688522663";
"Китай-город";"Калужско-Рижская линия";"2024";"II квартал";"5355766";"5514929";"2688522664";
"Октябрьская";"Калужско-Рижская линия";"2024";"II квартал";"1072297";"1124684";"2688522665";
"Шаболовская";"Калужско-Рижская линия";"2024";"II квартал";"2210364";"2324943";"2688522666";
"Ленинский проспект";"Калужско-Рижская линия";"2024";"II квартал";"3182273";"3623245";"2688522667";
"Академическая";"Калужско-Рижская линия";"2024";"II квартал";"2923138";"2938962";"2688522668";
"Профсоюзная";"Калужско-Рижская линия";"2024";"II квартал";"2680136";"2743440";"2688522669";
"Новые Черёмушки";"Калужско-Рижская линия";"2024";"II квартал";"2909626";"2959931";"2688522670";
"Калужская";"Калужско-Рижская линия";"2024";"II квартал";"2195163";"2307145";"2688522671";
"Беляево";"Калужско-Рижская линия";"2024";"II квартал";"3229141";"3274955";"2688522673";
"Коньково";"Калужско-Рижская линия";"2024";"II квартал";"2443961";"2436974";"2688522674";
"Тёплый стан";"Калужско-Рижская линия";"2024";"II квартал";"5361113";"5274866";"2688522675";
"Ясенево";"Калужско-Рижская линия";"2024";"II квартал";"2648377";"2612970";"2688522676";
"Новоясеневская";"Калужско-Рижская линия";"2024";"II квартал";"570795";"552533";"2688522677";
"Краснопресненская";"Кольцевая линия";"2024";"II квартал";"2146673";"2156383";"2688522678";
"Новослободская";"Кольцевая линия";"2024";"II квартал";"2550028";"2711358";"2688522679";
"Проспект Мира";"Кольцевая линия";"2024";"II квартал";"2004258";"2070312";"2688522680";
"Курская";"Кольцевая линия";"2024";"II квартал";"5089560";"4743911";"2688522681";
"Добрынинская";"Кольцевая линия";"2024";"II квартал";"1807552";"1896102";"2688522682";
"Селигерская";"Люблинско-Дмитровская линия";"2024";"II квартал";"2585923";"2525157";"2688522683";
"Верхние Лихоборы";"Люблинско-Дмитровская линия";"2024";"II квартал";"1193633";"1180844";"2688522684";
"Окружная";"Люблинско-Дмитровская линия";"2024";"II квартал";"890044";"934942";"2688522685";
"Петровско-Разумовская";"Люблинско-Дмитровская линия";"2024";"II квартал";"1943535";"1860318";"2688522686";
"Фонвизинская";"Люблинско-Дмитровская линия";"2024";"II квартал";"1196949";"1189388";"2688522687";
"Бутырская";"Люблинско-Дмитровская линия";"2024";"II квартал";"1348457";"1383930";"2688522688";
"Достоевская";"Люблинско-Дмитровская линия";"2024";"II квартал";"1134701";"1179058";"2688522689";
"Трубная";"Люблинско-Дмитровская линия";"2024";"II квартал";"1551857";"1644652";"2688522690";
"Сретенский бульвар";"Люблинско-Дмитровская линия";"2024";"II квартал";"674613";"724853";"2688522691";
"Чкаловская";"Люблинско-Дмитровская линия";"2024";"II квартал";"1750878";"1807213";"2688522692";
"Римская";"Люблинско-Дмитровская линия";"2024";"II квартал";"1441145";"1467666";"2688522693";
"Крестьянская застава";"Люблинско-Дмитровская линия";"2024";"II квартал";"694317";"729175";"2688522694";
"Дубровка";"Люблинско-Дмитровская линия";"2024";"II квартал";"1519383";"1592546";"2688522695";
"Кожуховская";"Люблинско-Дмитровская линия";"2024";"II квартал";"1786541";"1854236";"2688522696";
"Печатники";"Люблинско-Дмитровская линия";"2024";"II квартал";"1883386";"1879760";"2688522697";
"Волжская";"Люблинско-Дмитровская линия";"2024";"II квартал";"1365018";"1379616";"2688522698";
"Люблино";"Люблинско-Дмитровская линия";"2024";"II квартал";"3723379";"3604963";"2688522699";
"Братиславская";"Люблинско-Дмитровская линия";"2024";"II квартал";"3209260";"3186408";"2688522700";
"Марьино";"Люблинско-Дмитровская линия";"2024";"II квартал";"2691309";"2655044";"2688522701";
"Борисово";"Люблинско-Дмитровская линия";"2024";"II квартал";"954182";"941270";"2688522702";
"Шипиловская";"Люблинско-Дмитровская линия";"2024";"II квартал";"1170270";"1166911";"2688522703";
"Зябликово";"Люблинско-Дмитровская линия";"2024";"II квартал";"954068";"920777";"2688522704";
"Улица Сергея Эйзенштейна";"Московская монорельсовая транспортная система";"2024";"II квартал";"26182";"22866";"2688522705";
"Выставочный центр";"Московская монорельсовая транспортная система";"2024";"II квартал";"119060";"102593";"2688522706";
"Улица Академика Королёва";"Московская монорельсовая транспортная система";"2024";"II квартал";"16954";"14861";"2688522707";
"Телецентр";"Московская монорельсовая транспортная система";"2024";"II квартал";"40326";"34903";"2688522708";
"Улица Милашенкова";"Московская монорельсовая транспортная система";"2024";"II квартал";"20482";"17993";"2688522709";
"Лихоборы";"Московское центральное кольцо";"2024";"II квартал";"1271919";"1287334";"2688522710";
"Ростокино";"Московское центральное кольцо";"2024";"II квартал";"2841859";"2839440";"2688522711";
"Белокаменная";"Московское центральное кольцо";"2024";"II квартал";"155754";"162215";"2688522712";
"Локомотив";"Московское центральное кольцо";"2024";"II квартал";"988472";"1010042";"2688522713";
"Измайлово";"Московское центральное кольцо";"2024";"II квартал";"902614";"955917";"2688522714";
"Соколиная Гора";"Московское центральное кольцо";"2024";"II квартал";"593297";"624849";"2688522715";
"Андроновка";"Московское центральное кольцо";"2024";"II квартал";"706318";"708521";"2688522716";
"Новохохловская";"Московское центральное кольцо";"2024";"II квартал";"555733";"568947";"2688522717";
"Угрешская";"Московское центральное кольцо";"2024";"II квартал";"459707";"484383";"2688522718";
"ЗИЛ";"Московское центральное кольцо";"2024";"II квартал";"970949";"1017280";"2688522719";
"Верхние Котлы";"Московское центральное кольцо";"2024";"II квартал";"1371909";"1415211";"2688522720";
"Крымская";"Московское центральное кольцо";"2024";"II квартал";"897277";"938144";"2688522721";
"Площадь Гагарина";"Московское центральное кольцо";"2024";"II квартал";"1140023";"1378908";"2688522722";
"Лужники";"Московское центральное кольцо";"2024";"II квартал";"956080";"1089765";"2688522723";
"Шелепиха";"Московское центральное кольцо";"2024";"II квартал";"780022";"835392";"2688522724";
"Хорошёво";"Московское центральное кольцо";"2024";"II квартал";"581082";"618319";"2688522725";
"Зорге";"Московское центральное кольцо";"2024";"II квартал";"431879";"449839";"2688522726";
"Панфиловская";"Московское центральное кольцо";"2024";"II квартал";"574037";"605773";"2688522727";
"Стрешнево";"Московское центральное кольцо";"2024";"II квартал";"1587411";"1618315";"2688522728";
"Балтийская";"Московское центральное кольцо";"2024";"II квартал";"967300";"1044579";"2688522729";
"Коптево";"Московское центральное кольцо";"2024";"II квартал";"1400743";"1455251";"2688522730";
"Нижегородская";"Некрасовская линия";"2024";"II квартал";"3179475";"3511170";"2688522731";
"Стахановская";"Некрасовская линия";"2024";"II квартал";"731742";"755235";"2688522732";
"Окская";"Некрасовская линия";"2024";"II квартал";"856984";"878012";"2688522733";
"Юго-Восточная";"Некрасовская линия";"2024";"II квартал";"1188219";"1202912";"2688522734";
"Косино";"Некрасовская линия";"2024";"II квартал";"473759";"459204";"2688522735";
"Улица Дмитриевского";"Некрасовская линия";"2024";"II квартал";"851960";"852335";"2688522736";
"Лухмановская";"Некрасовская линия";"2024";"II квартал";"1688817";"1658015";"2688522737";
"Некрасовка";"Некрасовская линия";"2024";"II квартал";"4924552";"4840130";"2688522738";
"Алтуфьево";"Серпуховско-Тимирязевская линия";"2024";"II квартал";"3175734";"3105561";"2688522739";
"Бибирево";"Серпуховско-Тимирязевская линия";"2024";"II квартал";"2377631";"2368877";"2688522740";
"Отрадное";"Серпуховско-Тимирязевская линия";"2024";"II квартал";"4129468";"4148603";"2688522741";
"Владыкино";"Серпуховско-Тимирязевская линия";"2024";"II квартал";"1476559";"1672534";"2688522742";
"Тимирязевская";"Серпуховско-Тимирязевская линия";"2024";"II квартал";"2118197";"2100357";"2688522743";
"Дмитровская";"Серпуховско-Тимирязевская линия";"2024";"II квартал";"3031267";"3106959";"2688522744";
"Савёловская";"Серпуховско-Тимирязевская линия";"2024";"II квартал";"2830352";"2775580";"2688522745";
"Менделеевская";"Серпуховско-Тимирязевская линия";"2024";"II квартал";"2116327";"2240495";"2688522746";
"Цветной бульвар";"Серпуховско-Тимирязевская линия";"2024";"II квартал";"1950392";"2045259";"2688522747";
"Чеховская";"Серпуховско-Тимирязевская линия";"2024";"II квартал";"1867565";"1990108";"2688522748";
"Боровицкая";"Серпуховско-Тимирязевская линия";"2024";"II квартал";"583633";"614596";"2688522749";
"Полянка";"Серпуховско-Тимирязевская линия";"2024";"II квартал";"1411586";"1488606";"2688522750";
"Серпуховская";"Серпуховско-Тимирязевская линия";"2024";"II квартал";"1857346";"1966760";"2688522751";
"Тульская";"Серпуховско-Тимирязевская линия";"2024";"II квартал";"2915986";"3012470";"2688522752";
"Нагатинская";"Серпуховско-Тимирязевская линия";"2024";"II квартал";"3264270";"3325587";"2688522753";
"Нагорная";"Серпуховско-Тимирязевская линия";"2024";"II квартал";"1473049";"1499703";"2688522754";
"Нахимовский проспект";"Серпуховско-Тимирязевская линия";"2024";"II квартал";"1697287";"1717900";"2688522755";
"Севастопольская";"Серпуховско-Тимирязевская линия";"2024";"II квартал";"682671";"706197";"2688522756";
"Чертановская";"Серпуховско-Тимирязевская линия";"2024";"II квартал";"2762718";"2753192";"2688522757";
"Южная";"Серпуховско-Тимирязевская линия";"2024";"II квартал";"1962161";"1946005";"2688522758";
"Пражская";"Серпуховско-Тимирязевская линия";"2024";"II квартал";"4075349";"4066979";"2688522759";
"Улица академика Янгеля";"Серпуховско-Тимирязевская линия";"2024";"II квартал";"2343301";"2289125";"2688522760";
"Аннино";"Серпуховско-Тимирязевская линия";"2024";"II квартал";"2136261";"1980863";"2688522761";
"Бульвар Дмитрия Донского";"Серпуховско-Тимирязевская линия";"2024";"II квартал";"4922610";"4723679";"2688522762";
"Бульвар Рокоссовского";"Сокольническая линия";"2024";"II квартал";"2169631";"2154825";"2688522763";
"Черкизовская";"Сокольническая линия";"2024";"II квартал";"1666968";"1468203";"2688522764";
"Преображенская площадь";"Сокольническая линия";"2024";"II квартал";"3718248";"3760481";"2688522765";
"Красносельская";"Сокольническая линия";"2024";"II квартал";"1789790";"1833767";"2688522766";
"Комсомольская";"Сокольническая линия";"2024";"II квартал";"2403472";"1966992";"2688522767";
"Красные ворота";"Сокольническая линия";"2024";"II квартал";"2074790";"2137415";"2688522768";
"Чистые пруды";"Сокольническая линия";"2024";"II квартал";"1877159";"1956908";"2688522769";
"Лубянка";"Сокольническая линия";"2024";"II квартал";"2265063";"2320228";"2688522770";
"Охотный ряд";"Сокольническая линия";"2024";"II квартал";"4440331";"4387745";"2688522771";
"Библиотека имени Ленина";"Сокольническая линия";"2024";"II квартал";"0";"0";"2688522772";
"Кропоткинская";"Сокольническая линия";"2024";"II квартал";"2180551";"2267918";"2688522773";
"Парк культуры";"Сокольническая линия";"2024";"II квартал";"626044";"657465";"2688522774";
"Фрунзенская";"Сокольническая линия";"2024";"II квартал";"2516308";"2651134";"2688522775";
"Спортивная";"Сокольническая линия";"2024";"II квартал";"1954589";"2131318";"2688522777";
"Воробьёвы горы";"Сокольническая линия";"2024";"II квартал";"1270215";"1231973";"2688522778";
"Университет";"Сокольническая линия";"2024";"II квартал";"2791117";"2828353";"2688522779";
"Юго-Западная";"Сокольническая линия";"2024";"II квартал";"4647930";"4722433";"2688522780";
"Тропарёво";"Сокольническая линия";"2024";"II квартал";"1652031";"1630704";"2688522781";
"Румянцево";"Сокольническая линия";"2024";"II квартал";"1039221";"1043027";"2688522782";
"Саларьево";"Сокольническая линия";"2024";"II квартал";"3535070";"3299493";"2688522783";
"Филатов луг";"Сокольническая линия";"2024";"II квартал";"1908020";"1860963";"2688522784";
"Прокшино";"Сокольническая линия";"2024";"II квартал";"718889";"703848";"2688522785";
"Ольховая";"Сокольническая линия";"2024";"II квартал";"967329";"916437";"2688522786";
"Новомосковская";"Сокольническая линия";"2024";"II квартал";"1565935";"1540513";"2688522787";
"Деловой центр";"Солнцевская линия";"2024";"II квартал";"1508504";"1529149";"2688522788";
"Парк Победы";"Солнцевская линия";"2024";"II квартал";"407605";"410116";"2688522789";
"Минская";"Солнцевская линия";"2024";"II квартал";"815123";"821424";"2688522790";
"Ломоносовский проспект";"Солнцевская линия";"2024";"II квартал";"1267109";"1267749";"2688522791";
"Раменки";"Солнцевская линия";"2024";"II квартал";"1642030";"1625547";"2688522792";
"Мичуринский проспект";"Солнцевская линия";"2024";"II квартал";"233261";"238659";"2688522793";
"Озёрная";"Солнцевская линия";"2024";"II квартал";"1566861";"1546236";"2688522794";
"Говорово";"Солнцевская линия";"2024";"II квартал";"1050238";"1012268";"2688522795";
"Солнцево";"Солнцевская линия";"2024";"II квартал";"1761550";"1700986";"2688522796";
"Боровское шоссе";"Солнцевская линия";"2024";"II квартал";"469310";"441104";"2688522797";
"Новопеределкино";"Солнцевская линия";"2024";"II квартал";"1398027";"1330975";"2688522798";
"Рассказовка";"Солнцевская линия";"2024";"II квартал";"1590240";"1520557";"2688522799";
"Планерная";"Таганско-Краснопресненская линия";"2024";"II квартал";"3466266";"3343215";"2688522800";
"Сходненская";"Таганско-Краснопресненская линия";"2024";"II квартал";"4213566";"4134815";"2688522801";
"Тушинская";"Таганско-Краснопресненская линия";"2024";"II квартал";"3880686";"3723070";"2688522802";
"Спартак";"Таганско-Краснопресненская линия";"2024";"II квартал";"703566";"685997";"2688522803";
"Щукинская";"Таганско-Краснопресненская линия";"2024";"II квартал";"3673417";"3660006";"2688522804";
"Октябрьское поле";"Таганско-Краснопресненская линия";"2024";"II квартал";"3369475";"3422899";"2688522805";
"Полежаевская";"Таганско-Краснопресненская линия";"2024";"II квартал";"2408743";"2463606";"2688522806";
"Беговая";"Таганско-Краснопресненская линия";"2024";"II квартал";"2846899";"2875482";"2688522807";
"Улица 1905 года";"Таганско-Краснопресненская линия";"2024";"II квартал";"3773466";"3929149";"2688522808";
"Баррикадная";"Таганско-Краснопресненская линия";"2024";"II квартал";"2195892";"2246734";"2688522809";
"Пушкинская";"Таганско-Краснопресненская линия";"2024";"II квартал";"3838178";"4014501";"2688522810";
"Кузнецкий мост";"Таганско-Краснопресненская линия";"2024";"II квартал";"1865083";"1984582";"2688522811";
"Таганская";"Таганско-Краснопресненская линия";"2024";"II квартал";"1231515";"1268283";"2688522812";
"Пролетарская";"Таганско-Краснопресненская линия";"2024";"II квартал";"2720288";"2761905";"2688522813";
"Волгоградский проспект";"Таганско-Краснопресненская линия";"2024";"II квартал";"1866356";"1900827";"2688522814";
"Текстильщики";"Таганско-Краснопресненская линия";"2024";"II квартал";"4156277";"4501769";"2688522815";
"Кузьминки";"Таганско-Краснопресненская линия";"2024";"II квартал";"4774952";"4776091";"2688522816";
"Рязанский проспект";"Таганско-Краснопресненская линия";"2024";"II квартал";"2502997";"2521865";"2688522817";
"Выхино";"Таганско-Краснопресненская линия";"2024";"II квартал";"5595006";"5380920";"2688522818";
"Лермонтовский проспект";"Таганско-Краснопресненская линия";"2024";"II квартал";"1572077";"1512685";"2688522819";
"Жулебино";"Таганско-Краснопресненская линия";"2024";"II квартал";"2118902";"2070431";"2688522820";
"Котельники";"Таганско-Краснопресненская линия";"2024";"II квартал";"5065390";"4610172";"2688522821";
"Пионерская";"Филёвская линия";"2024";"II квартал";"511524";"491741";"2688522822";
"Филёвский парк";"Филёвская линия";"2024";"II квартал";"805754";"779827";"2688522823";
"Багратионовская";"Филёвская линия";"2024";"II квартал";"1346498";"1347060";"2688522824";
"Фили";"Филёвская линия";"2024";"II квартал";"1591565";"1588673";"2688522825";
"Кутузовская";"Филёвская линия";"2024";"II квартал";"603745";"650457";"2688522826";
"Студенческая";"Филёвская линия";"2024";"II квартал";"532905";"534265";"2688522827";
"Смоленская";"Филёвская линия";"2024";"II квартал";"758405";"775082";"2688522828";
"Арбатская";"Филёвская линия";"2024";"II квартал";"555114";"534329";"2688522829";
"Александровский сад";"Филёвская линия";"2024";"II квартал";"1625164";"1645595";"2688522830";
"Марьина Роща";"Люблинско-Дмитровская линия";"2024";"II квартал";"2139999";"2200758";"2688522865";
"Пыхтино";"Солнцевская линия";"2024";"II квартал";"850805";"798041";"2688522880";
"Аэропорт Внуково";"Солнцевская линия";"2024";"II квартал";"828697";"561800";"2688522881";
"Яхромская";"Люблинско-Дмитровская линия";"2024";"II квартал";"1544948";"1507027";"2688522882";
"Лианозово";"Люблинско-Дмитровская линия";"2024";"II квартал";"1365288";"1313706";"2688522883";
"Физтех";"Люблинско-Дмитровская линия";"2024";"II квартал";"981129";"933642";"2688522884";
"Деловой центр";"Филёвская линия";"2024";"II квартал";"1402287";"1401880";"2688522898";
"Москва-Сити";"Филёвская линия";"2024";"II квартал";"563553";"575663";"2688523045";
"Кунцевская";"Арбатско-Покровская линия";"2024";"II квартал";"920382";"926353";"2688523050";
"Парк Победы";"Арбатско-Покровская линия";"2024";"II квартал";"2079344";"1991320";"2688523052";
"Смоленская";"Арбатско-Покровская линия";"2024";"II квартал";"2564579";"2659383";"2688523054";
"Арбатская";"Арбатско-Покровская линия";"2024";"II квартал";"2445068";"2566924";"2688523057";
"Курская";"Арбатско-Покровская линия";"2024";"II квартал";"993747";"1018675";"2688523059";
"Савёловская";"Большая кольцевая линия";"2024";"II квартал";"1808370";"1840582";"2688523076";
"Петровский парк";"Большая кольцевая линия";"2024";"II квартал";"1606751";"1669108";"2688523079";
"Шелепиха";"Большая кольцевая линия";"2024";"II квартал";"1074579";"1078709";"2688523082";
"Деловой центр";"Большая кольцевая линия";"2024";"II квартал";"1639184";"1648115";"2688523084";
"Лефортово";"Большая кольцевая линия";"2024";"II квартал";"1127589";"1157746";"2688523087";
"Электрозаводская";"Большая кольцевая линия";"2024";"II квартал";"1792196";"2069489";"2688523090";
"Мичуринский проспект";"Большая кольцевая линия";"2024";"II квартал";"1126391";"1145524";"2688523092";
"Варшавская";"Большая кольцевая линия";"2024";"II квартал";"2672165";"2631416";"2688523094";
"Каширская";"Большая кольцевая линия";"2024";"II квартал";"2757748";"2791923";"2688523097";
"Печатники";"Большая кольцевая линия";"2024";"II квартал";"249277";"252795";"2688523100";
"Текстильщики";"Большая кольцевая линия";"2024";"II квартал";"1355955";"1675538";"2688523103";
"Авиамоторная";"Калининская линия";"2024";"II квартал";"2837820";"2975525";"2688523107";
"Третьяковская";"Калининская линия";"2024";"II квартал";"2617889";"2755411";"2688523109";
"Третьяковская";"Калужско-Рижская линия";"2024";"II квартал";"0";"0";"2688523112";
"Петровско-Разумовская";"Серпуховско-Тимирязевская линия";"2024";"II квартал";"0";"0";"2688523113";
"Китай-город";"Таганско-Краснопресненская линия";"2024";"II квартал";"0";"0";"2688523115";
"Киевская";"Филёвская линия";"2024";"II квартал";"0";"0";"2688523117";
"Рижская";"Калужско-Рижская линия";"2024";"II квартал";"1054054";"1071305";"2688523120";
"Проспект Мира";"Калужско-Рижская линия";"2024";"II квартал";"1860339";"1929070";"2688523122";
"Киевская";"Кольцевая линия";"2024";"II квартал";"3238553";"3180936";"2688523124";
"Белорусская";"Кольцевая линия";"2024";"II квартал";"4089699";"3855329";"2688523126";
"Комсомольская";"Кольцевая линия";"2024";"II квартал";"8309521";"6754214";"2688523129";
"Таганская";"Кольцевая линия";"2024";"II квартал";"2241191";"2328570";"2688523131";
"Павелецкая";"Кольцевая линия";"2024";"II квартал";"4596802";"4722872";"2688523134";
"Октябрьская";"Кольцевая линия";"2024";"II квартал";"2419921";"2526925";"2688523136";
"Парк культуры";"Кольцевая линия";"2024";"II квартал";"3182677";"3319151";"2688523158";
"Тимирязевская";"Московская монорельсовая транспортная система";"2024";"II квартал";"78162";"64112";"2688523168";
"Окружная";"Московское центральное кольцо";"2024";"II квартал";"1290931";"1313014";"2688523172";
"Владыкино";"Московское центральное кольцо";"2024";"II квартал";"636451";"812423";"2688523175";
"Ботанический сад";"Московское центральное кольцо";"2024";"II квартал";"1116023";"1335994";"2688523177";
"Бульвар Рокоссовского";"Московское центральное кольцо";"2024";"II квартал";"774365";"801198";"2688523179";
"Шоссе Энтузиастов";"Московское центральное кольцо";"2024";"II квартал";"643523";"717883";"2688523181";
"Нижегородская";"Московское центральное кольцо";"2024";"II квартал";"1367321";"1485615";"2688523183";
"Дубровка";"Московское центральное кольцо";"2024";"II квартал";"667417";"706436";"2688523185";
"Автозаводская";"Московское центральное кольцо";"2024";"II квартал";"460884";"508130";"2688523187";
"Кутузовская";"Московское центральное кольцо";"2024";"II квартал";"2023292";"2155270";"2688523190";
"Москва-Сити";"Московское центральное кольцо";"2024";"II квартал";"1388320";"1496784";"2688523192";
"Сокольники";"Сокольническая линия";"2024";"II квартал";"1430876";"1438563";"2688523194";
"Проспект Вернадского";"Сокольническая линия";"2024";"II квартал";"2007627";"2037241";"2688523199";
"Кунцевская";"Филёвская линия";"2024";"II квартал";"535922";"521704";"2688523203";
"Пятницкое шоссе";"Арбатско-Покровская линия";"2024";"III квартал";"1509962";"1434011";"2703957512";
"Митино";"Арбатско-Покровская линия";"2024";"III квартал";"2057533";"1974291";"2703957513";
"Волоколамская";"Арбатско-Покровская линия";"2024";"III квартал";"1614677";"1568289";"2703957514";
"Мякинино";"Арбатско-Покровская линия";"2024";"III квартал";"1318049";"1272342";"2703957515";
"Строгино";"Арбатско-Покровская линия";"2024";"III квартал";"2477395";"2416092";"2703957516";
"Крылатское";"Арбатско-Покровская линия";"2024";"III квартал";"2379181";"2345314";"2703957517";
"Молодёжная";"Арбатско-Покровская линия";"2024";"III квартал";"3838721";"3785737";"2703957518";
"Славянский бульвар";"Арбатско-Покровская линия";"2024";"III квартал";"4571630";"4401439";"2703957519";
"Киевская";"Арбатско-Покровская линия";"2024";"III квартал";"3298459";"2989654";"2703957520";
"Площадь Революции";"Арбатско-Покровская линия";"2024";"III квартал";"3215310";"3168742";"2703957521";
"Бауманская";"Арбатско-Покровская линия";"2024";"III квартал";"4248399";"4450857";"2703957522";
"Электрозаводская";"Арбатско-Покровская линия";"2024";"III квартал";"2558517";"2768683";"2703957523";
"Семёновская";"Арбатско-Покровская линия";"2024";"III квартал";"2447798";"2523719";"2703957524";
"Партизанская";"Арбатско-Покровская линия";"2024";"III квартал";"1856424";"1719999";"2703957525";
"Измайловская";"Арбатско-Покровская линия";"2024";"III квартал";"1486140";"1496946";"2703957526";
"Первомайская";"Арбатско-Покровская линия";"2024";"III квартал";"2725634";"2703215";"2703957527";
"Щёлковская";"Арбатско-Покровская линия";"2024";"III квартал";"6187794";"5829127";"2703957528";
"ЦСКА";"Большая кольцевая линия";"2024";"III квартал";"3033811";"3114763";"2703957529";
"Хорошёвская";"Большая кольцевая линия";"2024";"III квартал";"1204391";"1251683";"2703957530";
"Народное Ополчение";"Большая кольцевая линия";"2024";"III квартал";"2031178";"2038782";"2703957531";
"Мнёвники";"Большая кольцевая линия";"2024";"III квартал";"70121";"63967";"2703957532";
"Авиамоторная";"Большая кольцевая линия";"2024";"III квартал";"1015970";"1131484";"2703957533";
"Терехово";"Большая кольцевая линия";"2024";"III квартал";"649739";"705303";"2703957534";
"Кунцевская";"Большая кольцевая линия";"2024";"III квартал";"1940815";"1936113";"2703957535";
"Давыдково";"Большая кольцевая линия";"2024";"III квартал";"1080478";"1099634";"2703957536";
"Аминьевская";"Большая кольцевая линия";"2024";"III квартал";"2424586";"2386496";"2703957537";
"Проспект Вернадского";"Большая кольцевая линия";"2024";"III квартал";"767741";"806310";"2703957538";
"Новаторская";"Большая кольцевая линия";"2024";"III квартал";"1292359";"1312065";"2703957539";
"Воронцовская";"Большая кольцевая линия";"2024";"III квартал";"1262428";"1336292";"2703957540";
"Зюзино";"Большая кольцевая линия";"2024";"III квартал";"1945784";"1981532";"2703957541";
"Каховская";"Большая кольцевая линия";"2024";"III квартал";"1408083";"1468217";"2703957542";
"Кленовый бульвар";"Большая кольцевая линия";"2024";"III квартал";"681389";"704290";"2703957543";
"Нагатинский Затон";"Большая кольцевая линия";"2024";"III квартал";"444409";"450263";"2703957544";
"Сокольники";"Большая кольцевая линия";"2024";"III квартал";"1720119";"1798467";"2703957545";
"Рижская";"Большая кольцевая линия";"2024";"III квартал";"642306";"671847";"2703957546";
"Марьина Роща";"Большая кольцевая линия";"2024";"III квартал";"704794";"722006";"2703957547";
"Битцевский парк";"Бутовская линия";"2024";"III квартал";"247781";"172704";"2703957548";
"Лесопарковая";"Бутовская линия";"2024";"III квартал";"661305";"635669";"2703957549";
"Улица Старокачаловская";"Бутовская линия";"2024";"III квартал";"0";"0";"2703957550";
"Улица Скобелевская";"Бутовская линия";"2024";"III квартал";"1583721";"1513051";"2703957551";
"Бульвар адмирала Ушакова";"Бутовская линия";"2024";"III квартал";"915558";"904838";"2703957552";
"Улица Горчакова";"Бутовская линия";"2024";"III квартал";"782729";"769278";"2703957553";
"Бунинская аллея";"Бутовская линия";"2024";"III квартал";"1810975";"1765066";"2703957554";
"Ховрино";"Замоскворецкая линия";"2024";"III квартал";"4172896";"3680348";"2703957555";
"Беломорская";"Замоскворецкая линия";"2024";"III квартал";"2311648";"2195706";"2703957556";
"Речной вокзал";"Замоскворецкая линия";"2024";"III квартал";"2311102";"2241594";"2703957557";
"Водный стадион";"Замоскворецкая линия";"2024";"III квартал";"3353710";"3377693";"2703957558";
"Войковская";"Замоскворецкая линия";"2024";"III квартал";"3823394";"3861784";"2703957559";
"Сокол";"Замоскворецкая линия";"2024";"III квартал";"2891701";"2935760";"2703957560";
"Аэропорт";"Замоскворецкая линия";"2024";"III квартал";"2762790";"2822558";"2703957561";
"Динамо";"Замоскворецкая линия";"2024";"III квартал";"2364981";"2402313";"2703957562";
"Белорусская";"Замоскворецкая линия";"2024";"III квартал";"2553227";"2498160";"2703957563";
"Маяковская";"Замоскворецкая линия";"2024";"III квартал";"3051469";"3184117";"2703957564";
"Тверская";"Замоскворецкая линия";"2024";"III квартал";"0";"0";"2703957565";
"Театральная";"Замоскворецкая линия";"2024";"III квартал";"0";"0";"2703957566";
"Новокузнецкая";"Замоскворецкая линия";"2024";"III квартал";"2626950";"2783401";"2703957567";
"Павелецкая";"Замоскворецкая линия";"2024";"III квартал";"2906590";"2278636";"2703957568";
"Автозаводская";"Замоскворецкая линия";"2024";"III квартал";"3078439";"3252319";"2703957569";
"Технопарк";"Замоскворецкая линия";"2024";"III квартал";"2084156";"2099401";"2703957570";
"Коломенская";"Замоскворецкая линия";"2024";"III квартал";"3475354";"3512095";"2703957571";
"Каширская";"Замоскворецкая линия";"2024";"III квартал";"0";"0";"2703957572";
"Кантемировская";"Замоскворецкая линия";"2024";"III квартал";"2673329";"2663871";"2703957573";
"Царицыно";"Замоскворецкая линия";"2024";"III квартал";"4940326";"4708477";"2703957574";
"Орехово";"Замоскворецкая линия";"2024";"III квартал";"1516622";"1493517";"2703957575";
"Домодедовская";"Замоскворецкая линия";"2024";"III квартал";"5275378";"4930330";"2703957576";
"Красногвардейская";"Замоскворецкая линия";"2024";"III квартал";"1601509";"1536603";"2703957577";
"Алма-Атинская";"Замоскворецкая линия";"2024";"III квартал";"1111341";"1080458";"2703957578";
"Новокосино";"Калининская линия";"2024";"III квартал";"4555830";"4418792";"2703957579";
"Новогиреево";"Калининская линия";"2024";"III квартал";"5242770";"5062513";"2703957580";
"Перово";"Калининская линия";"2024";"III квартал";"3093568";"3077709";"2703957581";
"Шоссе Энтузиастов";"Калининская линия";"2024";"III квартал";"1724130";"1839333";"2703957582";
"Площадь Ильича";"Калининская линия";"2024";"III квартал";"1610412";"1629704";"2703957583";
"Марксистская";"Калининская линия";"2024";"III квартал";"1841712";"1929514";"2703957584";
"Медведково";"Калужско-Рижская линия";"2024";"III квартал";"4543491";"4370108";"2703957585";
"Бабушкинская";"Калужско-Рижская линия";"2024";"III квартал";"3927494";"3897167";"2703957586";
"Свиблово";"Калужско-Рижская линия";"2024";"III квартал";"1946260";"1947561";"2703957587";
"Ботанический сад";"Калужско-Рижская линия";"2024";"III квартал";"1948940";"2126870";"2703957588";
"ВДНХ";"Калужско-Рижская линия";"2024";"III квартал";"6875151";"6388575";"2703957589";
"Алексеевская";"Калужско-Рижская линия";"2024";"III квартал";"2606274";"2670199";"2703957590";
"Сухаревская";"Калужско-Рижская линия";"2024";"III квартал";"1650883";"1749079";"2703957591";
"Тургеневская";"Калужско-Рижская линия";"2024";"III квартал";"1626475";"1737057";"2703957592";
"Китай-город";"Калужско-Рижская линия";"2024";"III квартал";"5568252";"5718795";"2703957593";
"Октябрьская";"Калужско-Рижская линия";"2024";"III квартал";"1129640";"1189650";"2703957594";
"Шаболовская";"Калужско-Рижская линия";"2024";"III квартал";"2001380";"2112461";"2703957595";
"Ленинский проспект";"Калужско-Рижская линия";"2024";"III квартал";"3018751";"3468954";"2703957596";
"Академическая";"Калужско-Рижская линия";"2024";"III квартал";"2744827";"2779697";"2703957597";
"Профсоюзная";"Калужско-Рижская линия";"2024";"III квартал";"2514059";"2588119";"2703957598";
"Новые Черёмушки";"Калужско-Рижская линия";"2024";"III квартал";"2735394";"2794998";"2703957599";
"Калужская";"Калужско-Рижская линия";"2024";"III квартал";"2069873";"2188149";"2703957600";
"Беляево";"Калужско-Рижская линия";"2024";"III квартал";"2924667";"2962838";"2703957601";
"Коньково";"Калужско-Рижская линия";"2024";"III квартал";"2266520";"2263183";"2703957602";
"Тёплый стан";"Калужско-Рижская линия";"2024";"III квартал";"5277463";"5212753";"2703957603";
"Ясенево";"Калужско-Рижская линия";"2024";"III квартал";"2525973";"2496866";"2703957604";
"Новоясеневская";"Калужско-Рижская линия";"2024";"III квартал";"537808";"514785";"2703957605";
"Краснопресненская";"Кольцевая линия";"2024";"III квартал";"2143670";"2138193";"2703957606";
"Новослободская";"Кольцевая линия";"2024";"III квартал";"2370552";"2532772";"2703957607";
"Проспект Мира";"Кольцевая линия";"2024";"III квартал";"1905200";"1981545";"2703957608";
"Курская";"Кольцевая линия";"2024";"III квартал";"5832886";"5440659";"2703957609";
"Добрынинская";"Кольцевая линия";"2024";"III квартал";"1644625";"1741054";"2703957610";
"Селигерская";"Люблинско-Дмитровская линия";"2024";"III квартал";"2477558";"2431429";"2703957611";
"Верхние Лихоборы";"Люблинско-Дмитровская линия";"2024";"III квартал";"1174639";"1168098";"2703957612";
"Окружная";"Люблинско-Дмитровская линия";"2024";"III квартал";"923477";"975562";"2703957613";
"Петровско-Разумовская";"Люблинско-Дмитровская линия";"2024";"III квартал";"1766882";"1706825";"2703957614";
"Фонвизинская";"Люблинско-Дмитровская линия";"2024";"III квартал";"1113389";"1108001";"2703957615";
"Бутырская";"Люблинско-Дмитровская линия";"2024";"III квартал";"1339002";"1384246";"2703957616";
"Достоевская";"Люблинско-Дмитровская линия";"2024";"III квартал";"1037004";"1083188";"2703957617";
"Трубная";"Люблинско-Дмитровская линия";"2024";"III квартал";"1526443";"1629149";"2703957618";
"Сретенский бульвар";"Люблинско-Дмитровская линия";"2024";"III квартал";"664734";"720181";"2703957619";
"Чкаловская";"Люблинско-Дмитровская линия";"2024";"III квартал";"1709373";"1768150";"2703957620";
"Римская";"Люблинско-Дмитровская линия";"2024";"III квартал";"1385733";"1420389";"2703957621";
"Крестьянская застава";"Люблинско-Дмитровская линия";"2024";"III квартал";"672650";"712140";"2703957622";
"Дубровка";"Люблинско-Дмитровская линия";"2024";"III квартал";"1435785";"1518706";"2703957623";
"Кожуховская";"Люблинско-Дмитровская линия";"2024";"III квартал";"1725101";"1804729";"2703957624";
"Печатники";"Люблинско-Дмитровская линия";"2024";"III квартал";"1801351";"1805455";"2703957625";
"Волжская";"Люблинско-Дмитровская линия";"2024";"III квартал";"1254433";"1276531";"2703957626";
"Люблино";"Люблинско-Дмитровская линия";"2024";"III квартал";"3568182";"3456705";"2703957627";
"Братиславская";"Люблинско-Дмитровская линия";"2024";"III квартал";"3182756";"3163558";"2703957628";
"Марьино";"Люблинско-Дмитровская линия";"2024";"III квартал";"2425583";"2403987";"2703957629";
"Борисово";"Люблинско-Дмитровская линия";"2024";"III квартал";"893660";"883485";"2703957630";
"Шипиловская";"Люблинско-Дмитровская линия";"2024";"III квартал";"1105672";"1106170";"2703957631";
"Зябликово";"Люблинско-Дмитровская линия";"2024";"III квартал";"918264";"872719";"2703957632";
"Улица Сергея Эйзенштейна";"Московская монорельсовая транспортная система";"2024";"III квартал";"23217";"19946";"2703957633";
"Выставочный центр";"Московская монорельсовая транспортная система";"2024";"III квартал";"105769";"90186";"2703957634";
"Улица Академика Королёва";"Московская монорельсовая транспортная система";"2024";"III квартал";"15578";"13678";"2703957635";
"Телецентр";"Московская монорельсовая транспортная система";"2024";"III квартал";"41769";"36257";"2703957636";
"Улица Милашенкова";"Московская монорельсовая транспортная система";"2024";"III квартал";"17506";"15397";"2703957637";
"Лихоборы";"Московское центральное кольцо";"2024";"III квартал";"1283335";"1300933";"2703957638";
"Ростокино";"Московское центральное кольцо";"2024";"III квартал";"2794165";"2791727";"2703957639";
"Белокаменная";"Московское центральное кольцо";"2024";"III квартал";"134348";"139831";"2703957640";
"Локомотив";"Московское центральное кольцо";"2024";"III квартал";"975487";"988455";"2703957641";
"Измайлово";"Московское центральное кольцо";"2024";"III квартал";"898359";"953199";"2703957642";
"Соколиная Гора";"Московское центральное кольцо";"2024";"III квартал";"557286";"586929";"2703957643";
"Андроновка";"Московское центральное кольцо";"2024";"III квартал";"719524";"719263";"2703957644";
"Новохохловская";"Московское центральное кольцо";"2024";"III квартал";"582576";"597601";"2703957645";
"Угрешская";"Московское центральное кольцо";"2024";"III квартал";"441722";"467870";"2703957646";
"ЗИЛ";"Московское центральное кольцо";"2024";"III квартал";"993712";"1049623";"2703957647";
"Верхние Котлы";"Московское центральное кольцо";"2024";"III квартал";"1359860";"1407793";"2703957648";
"Крымская";"Московское центральное кольцо";"2024";"III квартал";"863248";"907026";"2703957649";
"Площадь Гагарина";"Московское центральное кольцо";"2024";"III квартал";"1148458";"1393754";"2703957650";
"Лужники";"Московское центральное кольцо";"2024";"III квартал";"1067749";"1201863";"2703957651";
"Шелепиха";"Московское центральное кольцо";"2024";"III квартал";"1203681";"1258031";"2703957652";
"Хорошёво";"Московское центральное кольцо";"2024";"III квартал";"679093";"729579";"2703957653";
"Зорге";"Московское центральное кольцо";"2024";"III квартал";"459604";"482444";"2703957654";
"Панфиловская";"Московское центральное кольцо";"2024";"III квартал";"571990";"604018";"2703957655";
"Стрешнево";"Московское центральное кольцо";"2024";"III квартал";"1560885";"1591821";"2703957656";
"Балтийская";"Московское центральное кольцо";"2024";"III квартал";"983544";"1067211";"2703957657";
"Коптево";"Московское центральное кольцо";"2024";"III квартал";"1312518";"1370835";"2703957658";
"Нижегородская";"Некрасовская линия";"2024";"III квартал";"3195922";"3528039";"2703957659";
"Стахановская";"Некрасовская линия";"2024";"III квартал";"703483";"729025";"2703957660";
"Окская";"Некрасовская линия";"2024";"III квартал";"847759";"873668";"2703957661";
"Юго-Восточная";"Некрасовская линия";"2024";"III квартал";"1137961";"1160145";"2703957662";
"Косино";"Некрасовская линия";"2024";"III квартал";"471396";"457334";"2703957663";
"Улица Дмитриевского";"Некрасовская линия";"2024";"III квартал";"821567";"823506";"2703957664";
"Лухмановская";"Некрасовская линия";"2024";"III квартал";"1588005";"1564926";"2703957665";
"Некрасовка";"Некрасовская линия";"2024";"III квартал";"4834668";"4760694";"2703957666";
"Алтуфьево";"Серпуховско-Тимирязевская линия";"2024";"III квартал";"3023415";"2961105";"2703957667";
"Бибирево";"Серпуховско-Тимирязевская линия";"2024";"III квартал";"2277045";"2280743";"2703957668";
"Отрадное";"Серпуховско-Тимирязевская линия";"2024";"III квартал";"3961256";"4006469";"2703957669";
"Владыкино";"Серпуховско-Тимирязевская линия";"2024";"III квартал";"1421853";"1621707";"2703957670";
"Тимирязевская";"Серпуховско-Тимирязевская линия";"2024";"III квартал";"2013185";"1979910";"2703957671";
"Дмитровская";"Серпуховско-Тимирязевская линия";"2024";"III квартал";"2977814";"3058260";"2703957672";
"Савёловская";"Серпуховско-Тимирязевская линия";"2024";"III квартал";"2776742";"2736555";"2703957673";
"Менделеевская";"Серпуховско-Тимирязевская линия";"2024";"III квартал";"1955725";"2081765";"2703957674";
"Цветной бульвар";"Серпуховско-Тимирязевская линия";"2024";"III квартал";"1885591";"1990591";"2703957675";
"Чеховская";"Серпуховско-Тимирязевская линия";"2024";"III квартал";"1779557";"1911632";"2703957676";
"Боровицкая";"Серпуховско-Тимирязевская линия";"2024";"III квартал";"598226";"631285";"2703957677";
"Полянка";"Серпуховско-Тимирязевская линия";"2024";"III квартал";"1433207";"1521326";"2703957678";
"Серпуховская";"Серпуховско-Тимирязевская линия";"2024";"III квартал";"1595589";"1700169";"2703957679";
"Тульская";"Серпуховско-Тимирязевская линия";"2024";"III квартал";"2862584";"2972217";"2703957680";
"Нагатинская";"Серпуховско-Тимирязевская линия";"2024";"III квартал";"3137891";"3202251";"2703957681";
"Нагорная";"Серпуховско-Тимирязевская линия";"2024";"III квартал";"1417935";"1453886";"2703957682";
"Нахимовский проспект";"Серпуховско-Тимирязевская линия";"2024";"III квартал";"1594837";"1624910";"2703957683";
"Севастопольская";"Серпуховско-Тимирязевская линия";"2024";"III квартал";"650249";"675057";"2703957684";
"Чертановская";"Серпуховско-Тимирязевская линия";"2024";"III квартал";"2627274";"2629634";"2703957685";
"Южная";"Серпуховско-Тимирязевская линия";"2024";"III квартал";"1892858";"1888009";"2703957686";
"Пражская";"Серпуховско-Тимирязевская линия";"2024";"III квартал";"3935084";"3945775";"2703957687";
"Улица академика Янгеля";"Серпуховско-Тимирязевская линия";"2024";"III квартал";"2270252";"2224456";"2703957688";
"Аннино";"Серпуховско-Тимирязевская линия";"2024";"III квартал";"2044412";"1882212";"2703957689";
"Бульвар Дмитрия Донского";"Серпуховско-Тимирязевская линия";"2024";"III квартал";"4835331";"4625006";"2703957690";
"Бульвар Рокоссовского";"Сокольническая линия";"2024";"III квартал";"2073078";"2059123";"2703957691";
"Черкизовская";"Сокольническая линия";"2024";"III квартал";"1684739";"1440283";"2703957693";
"Преображенская площадь";"Сокольническая линия";"2024";"III квартал";"3522356";"3580978";"2703957694";
"Красносельская";"Сокольническая линия";"2024";"III квартал";"1689511";"1736347";"2703957695";
"Комсомольская";"Сокольническая линия";"2024";"III квартал";"2425549";"1918929";"2703957696";
"Красные ворота";"Сокольническая линия";"2024";"III квартал";"2011386";"2088148";"2703957697";
"Чистые пруды";"Сокольническая линия";"2024";"III квартал";"1828348";"1916957";"2703957698";
"Лубянка";"Сокольническая линия";"2024";"III квартал";"2270298";"2326236";"2703957699";
"Охотный ряд";"Сокольническая линия";"2024";"III квартал";"4590632";"4448428";"2703957700";
"Библиотека имени Ленина";"Сокольническая линия";"2024";"III квартал";"0";"0";"2703957701";
"Кропоткинская";"Сокольническая линия";"2024";"III квартал";"2110977";"2205559";"2703957702";
"Парк культуры";"Сокольническая линия";"2024";"III квартал";"676539";"719375";"2703957703";
"Фрунзенская";"Сокольническая линия";"2024";"III квартал";"2535301";"2680570";"2703957704";
"Спортивная";"Сокольническая линия";"2024";"III квартал";"2009734";"2187177";"2703957705";
"Воробьёвы горы";"Сокольническая линия";"2024";"III квартал";"1530934";"1462313";"2703957706";
"Университет";"Сокольническая линия";"2024";"III квартал";"2515053";"2552138";"2703957707";
"Юго-Западная";"Сокольническая линия";"2024";"III квартал";"4079002";"4128357";"2703957708";
"Тропарёво";"Сокольническая линия";"2024";"III квартал";"1523247";"1499249";"2703957709";
"Румянцево";"Сокольническая линия";"2024";"III квартал";"1075618";"1085252";"2703957710";
"Саларьево";"Сокольническая линия";"2024";"III квартал";"3590757";"3309927";"2703957711";
"Филатов луг";"Сокольническая линия";"2024";"III квартал";"1770039";"1721894";"2703957712";
"Прокшино";"Сокольническая линия";"2024";"III квартал";"689003";"677024";"2703957713";
"Ольховая";"Сокольническая линия";"2024";"III квартал";"867020";"815124";"2703957714";
"Новомосковская";"Сокольническая линия";"2024";"III квартал";"1374208";"1347719";"2703957715";
"Деловой центр";"Солнцевская линия";"2024";"III квартал";"1924589";"1945298";"2703957716";
"Парк Победы";"Солнцевская линия";"2024";"III квартал";"364955";"378176";"2703957717";
"Минская";"Солнцевская линия";"2024";"III квартал";"684361";"686705";"2703957718";
"Ломоносовский проспект";"Солнцевская линия";"2024";"III квартал";"1145984";"1153417";"2703957719";
"Раменки";"Солнцевская линия";"2024";"III квартал";"1558481";"1548004";"2703957720";
"Мичуринский проспект";"Солнцевская линия";"2024";"III квартал";"218524";"224701";"2703957721";
"Озёрная";"Солнцевская линия";"2024";"III квартал";"1492708";"1477190";"2703957722";
"Говорово";"Солнцевская линия";"2024";"III квартал";"1067264";"1031883";"2703957723";
"Солнцево";"Солнцевская линия";"2024";"III квартал";"1690450";"1639428";"2703957724";
"Боровское шоссе";"Солнцевская линия";"2024";"III квартал";"437622";"414770";"2703957725";
"Новопеределкино";"Солнцевская линия";"2024";"III квартал";"1356206";"1295286";"2703957726";
"Рассказовка";"Солнцевская линия";"2024";"III квартал";"1545501";"1481023";"2703957727";
"Планерная";"Таганско-Краснопресненская линия";"2024";"III квартал";"3330082";"3210070";"2703957728";
"Сходненская";"Таганско-Краснопресненская линия";"2024";"III квартал";"4013777";"3952474";"2703957729";
"Тушинская";"Таганско-Краснопресненская линия";"2024";"III квартал";"3709803";"3545329";"2703957730";
"Спартак";"Таганско-Краснопресненская линия";"2024";"III квартал";"768764";"756236";"2703957731";
"Щукинская";"Таганско-Краснопресненская линия";"2024";"III квартал";"3517526";"3515825";"2703957732";
"Октябрьское поле";"Таганско-Краснопресненская линия";"2024";"III квартал";"3132332";"3203244";"2703957733";
"Полежаевская";"Таганско-Краснопресненская линия";"2024";"III квартал";"2354864";"2430451";"2703957734";
"Беговая";"Таганско-Краснопресненская линия";"2024";"III квартал";"2790266";"2822745";"2703957735";
"Улица 1905 года";"Таганско-Краснопресненская линия";"2024";"III квартал";"3702018";"3876667";"2703957736";
"Баррикадная";"Таганско-Краснопресненская линия";"2024";"III квартал";"2128691";"2155757";"2703957737";
"Пушкинская";"Таганско-Краснопресненская линия";"2024";"III квартал";"3720946";"3918739";"2703957738";
"Кузнецкий мост";"Таганско-Краснопресненская линия";"2024";"III квартал";"1806926";"1935821";"2703957739";
"Таганская";"Таганско-Краснопресненская линия";"2024";"III квартал";"1160414";"1205957";"2703957740";
"Пролетарская";"Таганско-Краснопресненская линия";"2024";"III квартал";"2623511";"2675039";"2703957741";
"Волгоградский проспект";"Таганско-Краснопресненская линия";"2024";"III квартал";"1811780";"1863008";"2703957742";
"Текстильщики";"Таганско-Краснопресненская линия";"2024";"III квартал";"4149971";"4487004";"2703957743";
"Кузьминки";"Таганско-Краснопресненская линия";"2024";"III квартал";"4522652";"4549402";"2703957744";
"Рязанский проспект";"Таганско-Краснопресненская линия";"2024";"III квартал";"2304649";"2332414";"2703957745";
"Выхино";"Таганско-Краснопресненская линия";"2024";"III квартал";"5495909";"5247644";"2703957746";
"Лермонтовский проспект";"Таганско-Краснопресненская линия";"2024";"III квартал";"1489811";"1438490";"2703957747";
"Жулебино";"Таганско-Краснопресненская линия";"2024";"III квартал";"2028034";"1984887";"2703957748";
"Котельники";"Таганско-Краснопресненская линия";"2024";"III квартал";"5037555";"4538986";"2703957749";
"Пионерская";"Филёвская линия";"2024";"III квартал";"480767";"464491";"2703957750";
"Филёвский парк";"Филёвская линия";"2024";"III квартал";"822257";"781777";"2703957751";
"Багратионовская";"Филёвская линия";"2024";"III квартал";"1309953";"1314524";"2703957752";
"Фили";"Филёвская линия";"2024";"III квартал";"1622109";"1620942";"2703957753";
"Кутузовская";"Филёвская линия";"2024";"III квартал";"691097";"749222";"2703957754";
"Студенческая";"Филёвская линия";"2024";"III квартал";"470284";"469040";"2703957755";
"Смоленская";"Филёвская линия";"2024";"III квартал";"743008";"760353";"2703957756";
"Арбатская";"Филёвская линия";"2024";"III квартал";"582153";"554700";"2703957757";
"Александровский сад";"Филёвская линия";"2024";"III квартал";"1609514";"1620127";"2703957758";
"Москва-Сити";"Филёвская линия";"2024";"III квартал";"698046";"719045";"2703957759";
"Марьина Роща";"Люблинско-Дмитровская линия";"2024";"III квартал";"1998689";"2065910";"2703957792";
"Пыхтино";"Солнцевская линия";"2024";"III квартал";"867728";"812602";"2703957807";
"Аэропорт Внуково";"Солнцевская линия";"2024";"III квартал";"937593";"611700";"2703957808";
"Яхромская";"Люблинско-Дмитровская линия";"2024";"III квартал";"1526145";"1493602";"2703957809";
"Лианозово";"Люблинско-Дмитровская линия";"2024";"III квартал";"1351299";"1298548";"2703957810";
"Физтех";"Люблинско-Дмитровская линия";"2024";"III квартал";"1008822";"959031";"2703957811";
"Потапово";"Сокольническая линия";"2024";"III квартал";"361059";"357992";"2703957812";
"Университет Дружбы Народов";"Троицкая линия";"2024";"III квартал";"241900";"256348";"2703957814";
"Генерала Тюленева";"Троицкая линия";"2024";"III квартал";"104578";"104677";"2703957815";
"Тютчевская";"Троицкая линия";"2024";"III квартал";"62792";"61605";"2703957816";
"Деловой центр";"Филёвская линия";"2024";"III квартал";"1666968";"1666968";"2703957842";
"Кунцевская";"Арбатско-Покровская линия";"2024";"III квартал";"877219";"886556";"2703957853";
"Парк Победы";"Арбатско-Покровская линия";"2024";"III квартал";"1380751";"1332260";"2703957856";
"Смоленская";"Арбатско-Покровская линия";"2024";"III квартал";"2506811";"2598398";"2703957866";
"Арбатская";"Арбатско-Покровская линия";"2024";"III квартал";"2271033";"2392951";"2703957870";
"Курская";"Арбатско-Покровская линия";"2024";"III квартал";"14225";"8872";"2703957873";
"Савёловская";"Большая кольцевая линия";"2024";"III квартал";"1726555";"1768392";"2703957879";
"Петровский парк";"Большая кольцевая линия";"2024";"III квартал";"1485621";"1555053";"2703957884";
"Шелепиха";"Большая кольцевая линия";"2024";"III квартал";"9369";"3786";"2703957887";
"Деловой центр";"Большая кольцевая линия";"2024";"III квартал";"388256";"380907";"2703957891";
"Лефортово";"Большая кольцевая линия";"2024";"III квартал";"1063144";"1095787";"2703957893";
"Электрозаводская";"Большая кольцевая линия";"2024";"III квартал";"1783968";"2055389";"2703957897";
"Мичуринский проспект";"Большая кольцевая линия";"2024";"III квартал";"1080682";"1107310";"2703957899";
"Варшавская";"Большая кольцевая линия";"2024";"III квартал";"2708629";"2668447";"2703957903";
"Каширская";"Большая кольцевая линия";"2024";"III квартал";"2634680";"2680162";"2703957905";
"Печатники";"Большая кольцевая линия";"2024";"III квартал";"291639";"294237";"2703957910";
"Текстильщики";"Большая кольцевая линия";"2024";"III квартал";"1398358";"1724517";"2703957913";
"Авиамоторная";"Калининская линия";"2024";"III квартал";"2682407";"2818372";"2703959406";
"Третьяковская";"Калининская линия";"2024";"III квартал";"2548128";"2696339";"2703959408";
"Третьяковская";"Калужско-Рижская линия";"2024";"III квартал";"0";"0";"2703959414";
"Петровско-Разумовская";"Серпуховско-Тимирязевская линия";"2024";"III квартал";"0";"0";"2703959417";
"Китай-город";"Таганско-Краснопресненская линия";"2024";"III квартал";"0";"0";"2703959421";
"Киевская";"Филёвская линия";"2024";"III квартал";"0";"0";"2703959427";
"Рижская";"Калужско-Рижская линия";"2024";"III квартал";"987801";"1003473";"2703959436";
"Проспект Мира";"Калужско-Рижская линия";"2024";"III квартал";"1790024";"1873630";"2703959444";
"Киевская";"Кольцевая линия";"2024";"III квартал";"3276753";"3170694";"2703959451";
"Белорусская";"Кольцевая линия";"2024";"III квартал";"4106619";"3798288";"2703959468";
"Комсомольская";"Кольцевая линия";"2024";"III квартал";"8372711";"6593514";"2703959473";
"Таганская";"Кольцевая линия";"2024";"III квартал";"2149819";"2252350";"2703959477";
"Павелецкая";"Кольцевая линия";"2024";"III квартал";"4530511";"4661331";"2703959516";
"Октябрьская";"Кольцевая линия";"2024";"III квартал";"2262054";"2349847";"2703959557";
"Тимирязевская";"Московская монорельсовая транспортная система";"2024";"III квартал";"69589";"56966";"2703959671";
"Окружная";"Московское центральное кольцо";"2024";"III квартал";"1288851";"1311581";"2703959720";
"Владыкино";"Московское центральное кольцо";"2024";"III квартал";"646334";"823539";"2703959763";
"Ботанический сад";"Московское центральное кольцо";"2024";"III квартал";"1087291";"1299454";"2703959812";
"Бульвар Рокоссовского";"Московское центральное кольцо";"2024";"III квартал";"751905";"783946";"2703959872";
"Шоссе Энтузиастов";"Московское центральное кольцо";"2024";"III квартал";"636872";"713255";"2703959918";
"Нижегородская";"Московское центральное кольцо";"2024";"III квартал";"1375119";"1494097";"2703959961";
"Дубровка";"Московское центральное кольцо";"2024";"III квартал";"659305";"702565";"2703960012";
"Автозаводская";"Московское центральное кольцо";"2024";"III квартал";"475290";"529713";"2703960058";
"Кутузовская";"Московское центральное кольцо";"2024";"III квартал";"1820619";"1988187";"2703960123";
"Москва-Сити";"Московское центральное кольцо";"2024";"III квартал";"1905816";"2069581";"2703960194";
"Сокольники";"Сокольническая линия";"2024";"III квартал";"1396072";"1396912";"2703960243";
"Проспект Вернадского";"Сокольническая линия";"2024";"III квартал";"1853968";"1887440";"2703960310";
"Кунцевская";"Филёвская линия";"2024";"III квартал";"530609";"519516";"2703960375";
"Новаторская";"Троицкая линия";"2024";"III квартал";"185303";"188139";"2703960438";
"Парк культуры";"Кольцевая линия";"2024";"III квартал";"2659022";"2804457";"2716700470";
"Пятницкое шоссе";"Арбатско-Покровская линия";"2024";"IV квартал";"1703888";"1604847";"2722098880";
"Митино";"Арбатско-Покровская линия";"2024";"IV квартал";"2357017";"2248908";"2722098881";
"Волоколамская";"Арбатско-Покровская линия";"2024";"IV квартал";"1827056";"1762557";"2722098884";
"Мякинино";"Арбатско-Покровская линия";"2024";"IV квартал";"1531836";"1466518";"2722098886";
"Строгино";"Арбатско-Покровская линия";"2024";"IV квартал";"2675232";"2593138";"2722098888";
"Крылатское";"Арбатско-Покровская линия";"2024";"IV квартал";"2630342";"2570887";"2722098889";
"Молодёжная";"Арбатско-Покровская линия";"2024";"IV квартал";"4308437";"4232409";"2722098890";
"Славянский бульвар";"Арбатско-Покровская линия";"2024";"IV квартал";"5010330";"4822890";"2722098891";
"Киевская";"Арбатско-Покровская линия";"2024";"IV квартал";"3313288";"3107113";"2722098892";
"Площадь Революции";"Арбатско-Покровская линия";"2024";"IV квартал";"3243415";"3282905";"2722098894";
"Бауманская";"Арбатско-Покровская линия";"2024";"IV квартал";"5196497";"5428371";"2722098897";
"Электрозаводская";"Арбатско-Покровская линия";"2024";"IV квартал";"2875755";"3086893";"2722098899";
"Семёновская";"Арбатско-Покровская линия";"2024";"IV квартал";"2814870";"2885191";"2722098900";
"Партизанская";"Арбатско-Покровская линия";"2024";"IV квартал";"1823089";"1722598";"2722098901";
"Измайловская";"Арбатско-Покровская линия";"2024";"IV квартал";"1729367";"1738321";"2722098902";
"Первомайская";"Арбатско-Покровская линия";"2024";"IV квартал";"3213279";"3167547";"2722098903";
"Щёлковская";"Арбатско-Покровская линия";"2024";"IV квартал";"6532537";"6174898";"2722098905";
"ЦСКА";"Большая кольцевая линия";"2024";"IV квартал";"3373646";"3466200";"2722098907";
"Хорошёвская";"Большая кольцевая линия";"2024";"IV квартал";"1312074";"1346740";"2722098909";
"Народное Ополчение";"Большая кольцевая линия";"2024";"IV квартал";"2286221";"2280250";"2722098911";
"Мнёвники";"Большая кольцевая линия";"2024";"IV квартал";"100613";"95357";"2722098912";
"Авиамоторная";"Большая кольцевая линия";"2024";"IV квартал";"1290593";"1410932";"2722098913";
"Терехово";"Большая кольцевая линия";"2024";"IV квартал";"649004";"685520";"2722098915";
"Кунцевская";"Большая кольцевая линия";"2024";"IV квартал";"2131239";"2117227";"2722098916";
"Давыдково";"Большая кольцевая линия";"2024";"IV квартал";"1242046";"1246372";"2722098918";
"Аминьевская";"Большая кольцевая линия";"2024";"IV квартал";"2766855";"2723871";"2722098919";
"Проспект Вернадского";"Большая кольцевая линия";"2024";"IV квартал";"885045";"917338";"2722098922";
"Новаторская";"Большая кольцевая линия";"2024";"IV квартал";"970052";"969055";"2722098923";
"Воронцовская";"Большая кольцевая линия";"2024";"IV квартал";"1432671";"1500973";"2722098925";
"Зюзино";"Большая кольцевая линия";"2024";"IV квартал";"2254042";"2277789";"2722098926";
"Каховская";"Большая кольцевая линия";"2024";"IV квартал";"1591315";"1651669";"2722098927";
"Кленовый бульвар";"Большая кольцевая линия";"2024";"IV квартал";"766679";"788502";"2722098929";
"Нагатинский Затон";"Большая кольцевая линия";"2024";"IV квартал";"517366";"523001";"2722098930";
"Сокольники";"Большая кольцевая линия";"2024";"IV квартал";"1999140";"2079184";"2722098934";
"Рижская";"Большая кольцевая линия";"2024";"IV квартал";"787630";"817037";"2722098935";
"Марьина Роща";"Большая кольцевая линия";"2024";"IV квартал";"782260";"794175";"2722098936";
"Битцевский парк";"Бутовская линия";"2024";"IV квартал";"197427";"150123";"2722098937";
"Лесопарковая";"Бутовская линия";"2024";"IV квартал";"710198";"684903";"2722098939";
"Улица Старокачаловская";"Бутовская линия";"2024";"IV квартал";"0";"0";"2722098941";
"Улица Скобелевская";"Бутовская линия";"2024";"IV квартал";"1806417";"1723184";"2722098944";
"Бульвар адмирала Ушакова";"Бутовская линия";"2024";"IV квартал";"907991";"890703";"2722098945";
"Улица Горчакова";"Бутовская линия";"2024";"IV квартал";"877225";"856014";"2722098948";
"Бунинская аллея";"Бутовская линия";"2024";"IV квартал";"1849535";"1790155";"2722098949";
"Ховрино";"Замоскворецкая линия";"2024";"IV квартал";"4496022";"4048473";"2722098950";
"Беломорская";"Замоскворецкая линия";"2024";"IV квартал";"2593336";"2468578";"2722098951";
"Речной вокзал";"Замоскворецкая линия";"2024";"IV квартал";"2398212";"2332173";"2722098952";
"Водный стадион";"Замоскворецкая линия";"2024";"IV квартал";"3866306";"3861302";"2722098955";
"Войковская";"Замоскворецкая линия";"2024";"IV квартал";"4423712";"4449164";"2722098956";
"Сокол";"Замоскворецкая линия";"2024";"IV квартал";"3486346";"3520337";"2722098960";
"Аэропорт";"Замоскворецкая линия";"2024";"IV квартал";"3419111";"3484975";"2722098961";
"Динамо";"Замоскворецкая линия";"2024";"IV квартал";"2801924";"2838598";"2722098962";
"Белорусская";"Замоскворецкая линия";"2024";"IV квартал";"2875072";"2829929";"2722098963";
"Маяковская";"Замоскворецкая линия";"2024";"IV квартал";"3445640";"3582657";"2722098965";
"Тверская";"Замоскворецкая линия";"2024";"IV квартал";"0";"0";"2722098966";
"Театральная";"Замоскворецкая линия";"2024";"IV квартал";"0";"0";"2722098969";
"Новокузнецкая";"Замоскворецкая линия";"2024";"IV квартал";"2912698";"3065475";"2722098971";
"Павелецкая";"Замоскворецкая линия";"2024";"IV квартал";"2975096";"2503593";"2722098972";
"Автозаводская";"Замоскворецкая линия";"2024";"IV квартал";"3563056";"3722234";"2722098974";
"Технопарк";"Замоскворецкая линия";"2024";"IV квартал";"2108117";"2129887";"2722098975";
"Коломенская";"Замоскворецкая линия";"2024";"IV квартал";"3730657";"3737142";"2722098977";
"Каширская";"Замоскворецкая линия";"2024";"IV квартал";"0";"0";"2722098978";
"Кантемировская";"Замоскворецкая линия";"2024";"IV квартал";"2883958";"2848981";"2722098980";
"Царицыно";"Замоскворецкая линия";"2024";"IV квартал";"5378093";"5119827";"2722098982";
"Орехово";"Замоскворецкая линия";"2024";"IV квартал";"1599314";"1558605";"2722098984";
"Домодедовская";"Замоскворецкая линия";"2024";"IV квартал";"5562564";"5223230";"2722098986";
"Красногвардейская";"Замоскворецкая линия";"2024";"IV квартал";"1792787";"1721413";"2722098988";
"Алма-Атинская";"Замоскворецкая линия";"2024";"IV квартал";"1231806";"1190457";"2722098989";
"Новокосино";"Калининская линия";"2024";"IV квартал";"4987351";"4833412";"2722098991";
"Новогиреево";"Калининская линия";"2024";"IV квартал";"5843669";"5626813";"2722098992";
"Перово";"Калининская линия";"2024";"IV квартал";"3428175";"3376958";"2722098993";
"Шоссе Энтузиастов";"Калининская линия";"2024";"IV квартал";"1843216";"1939641";"2722098995";
"Площадь Ильича";"Калининская линия";"2024";"IV квартал";"1818076";"1821207";"2722098996";
"Марксистская";"Калининская линия";"2024";"IV квартал";"2039599";"2119437";"2722098998";
"Медведково";"Калужско-Рижская линия";"2024";"IV квартал";"5023639";"4834816";"2722099000";
"Бабушкинская";"Калужско-Рижская линия";"2024";"IV квартал";"4434129";"4364000";"2722099003";
"Свиблово";"Калужско-Рижская линия";"2024";"IV квартал";"2240264";"2229823";"2722099004";
"Ботанический сад";"Калужско-Рижская линия";"2024";"IV квартал";"2028400";"2212829";"2722099005";
"ВДНХ";"Калужско-Рижская линия";"2024";"IV квартал";"6472675";"6200973";"2722099006";
"Алексеевская";"Калужско-Рижская линия";"2024";"IV квартал";"2969592";"3022065";"2722099007";
"Сухаревская";"Калужско-Рижская линия";"2024";"IV квартал";"1941825";"2037617";"2722099009";
"Тургеневская";"Калужско-Рижская линия";"2024";"IV квартал";"1983314";"2090131";"2722099012";
"Китай-город";"Калужско-Рижская линия";"2024";"IV квартал";"5493365";"5695080";"2722099013";
"Октябрьская";"Калужско-Рижская линия";"2024";"IV квартал";"1117332";"1170882";"2722099014";
"Шаболовская";"Калужско-Рижская линия";"2024";"IV квартал";"2439652";"2554059";"2722099016";
"Ленинский проспект";"Калужско-Рижская линия";"2024";"IV квартал";"3506673";"3952772";"2722099018";
"Академическая";"Калужско-Рижская линия";"2024";"IV квартал";"3128086";"3132096";"2722099019";
"Профсоюзная";"Калужско-Рижская линия";"2024";"IV квартал";"2953776";"3006482";"2722099020";
"Новые Черёмушки";"Калужско-Рижская линия";"2024";"IV квартал";"3129147";"3164214";"2722099025";
"Калужская";"Калужско-Рижская линия";"2024";"IV квартал";"2361874";"2460359";"2722099026";
"Беляево";"Калужско-Рижская линия";"2024";"IV квартал";"3234763";"3261641";"2722099027";
"Коньково";"Калужско-Рижская линия";"2024";"IV квартал";"2561533";"2545069";"2722099028";
"Тёплый стан";"Калужско-Рижская линия";"2024";"IV квартал";"5386131";"5285509";"2722099030";
"Ясенево";"Калужско-Рижская линия";"2024";"IV квартал";"2875255";"2828631";"2722099031";
"Новоясеневская";"Калужско-Рижская линия";"2024";"IV квартал";"615241";"596318";"2722099033";
"Краснопресненская";"Кольцевая линия";"2024";"IV квартал";"1880290";"1934991";"2722099035";
"Новослободская";"Кольцевая линия";"2024";"IV квартал";"3042352";"3231133";"2722099037";
"Проспект Мира";"Кольцевая линия";"2024";"IV квартал";"2037008";"2102154";"2722099039";
"Курская";"Кольцевая линия";"2024";"IV квартал";"5203829";"4862075";"2722099040";
"Добрынинская";"Кольцевая линия";"2024";"IV квартал";"2094248";"2177616";"2722099042";
"Селигерская";"Люблинско-Дмитровская линия";"2024";"IV квартал";"2752241";"2680611";"2722099043";
"Верхние Лихоборы";"Люблинско-Дмитровская линия";"2024";"IV квартал";"1359583";"1340007";"2722099045";
"Окружная";"Люблинско-Дмитровская линия";"2024";"IV квартал";"1002217";"1068399";"2722099046";
"Петровско-Разумовская";"Люблинско-Дмитровская линия";"2024";"IV квартал";"2063484";"1974898";"2722099049";
"Фонвизинская";"Люблинско-Дмитровская линия";"2024";"IV квартал";"1308595";"1294434";"2722099051";
"Бутырская";"Люблинско-Дмитровская линия";"2024";"IV квартал";"1506125";"1539020";"2722099052";
"Достоевская";"Люблинско-Дмитровская линия";"2024";"IV квартал";"1282786";"1328471";"2722099053";
"Трубная";"Люблинско-Дмитровская линия";"2024";"IV квартал";"1710472";"1805272";"2722099055";
"Сретенский бульвар";"Люблинско-Дмитровская линия";"2024";"IV квартал";"772902";"825623";"2722099057";
"Чкаловская";"Люблинско-Дмитровская линия";"2024";"IV квартал";"1951079";"2003067";"2722099058";
"Римская";"Люблинско-Дмитровская линия";"2024";"IV квартал";"1523611";"1546988";"2722099061";
"Крестьянская застава";"Люблинско-Дмитровская линия";"2024";"IV квартал";"738849";"772264";"2722099062";
"Дубровка";"Люблинско-Дмитровская линия";"2024";"IV квартал";"1618391";"1684550";"2722099064";
"Кожуховская";"Люблинско-Дмитровская линия";"2024";"IV квартал";"1885878";"1947440";"2722099065";
"Печатники";"Люблинско-Дмитровская линия";"2024";"IV квартал";"1983530";"1975732";"2722099066";
"Волжская";"Люблинско-Дмитровская линия";"2024";"IV квартал";"1422420";"1434166";"2722099067";
"Люблино";"Люблинско-Дмитровская линия";"2024";"IV квартал";"4001487";"3858632";"2722099070";
"Братиславская";"Люблинско-Дмитровская линия";"2024";"IV квартал";"3640743";"3581512";"2722099072";
"Марьино";"Люблинско-Дмитровская линия";"2024";"IV квартал";"2706226";"2669158";"2722099074";
"Борисово";"Люблинско-Дмитровская линия";"2024";"IV квартал";"1020011";"999040";"2722099075";
"Шипиловская";"Люблинско-Дмитровская линия";"2024";"IV квартал";"1304617";"1297189";"2722099076";
"Зябликово";"Люблинско-Дмитровская линия";"2024";"IV квартал";"1015988";"976750";"2722099079";
"Улица Сергея Эйзенштейна";"Московская монорельсовая транспортная система";"2024";"IV квартал";"15959";"14642";"2722099080";
"Выставочный центр";"Московская монорельсовая транспортная система";"2024";"IV квартал";"66333";"60053";"2722099081";
"Улица Академика Королёва";"Московская монорельсовая транспортная система";"2024";"IV квартал";"14961";"13690";"2722099084";
"Телецентр";"Московская монорельсовая транспортная система";"2024";"IV квартал";"28484";"26164";"2722099086";
"Улица Милашенкова";"Московская монорельсовая транспортная система";"2024";"IV квартал";"17193";"15797";"2722099087";
"Лихоборы";"Московское центральное кольцо";"2024";"IV квартал";"1434035";"1442886";"2722099089";
"Ростокино";"Московское центральное кольцо";"2024";"IV квартал";"3011198";"2999600";"2722099090";
"Белокаменная";"Московское центральное кольцо";"2024";"IV квартал";"169481";"176539";"2722099092";
"Локомотив";"Московское центральное кольцо";"2024";"IV квартал";"1032917";"1044296";"2722099093";
"Измайлово";"Московское центральное кольцо";"2024";"IV квартал";"922870";"976580";"2722099095";
"Соколиная Гора";"Московское центральное кольцо";"2024";"IV квартал";"606819";"635514";"2722099097";
"Андроновка";"Московское центральное кольцо";"2024";"IV квартал";"752124";"750018";"2722099099";
"Новохохловская";"Московское центральное кольцо";"2024";"IV квартал";"604774";"616429";"2722099102";
"Угрешская";"Московское центральное кольцо";"2024";"IV квартал";"511206";"537799";"2722099103";
"ЗИЛ";"Московское центральное кольцо";"2024";"IV квартал";"1135253";"1184877";"2722099104";
"Верхние Котлы";"Московское центральное кольцо";"2024";"IV квартал";"1433610";"1471637";"2722099105";
"Крымская";"Московское центральное кольцо";"2024";"IV квартал";"967686";"1009068";"2722099106";
"Площадь Гагарина";"Московское центральное кольцо";"2024";"IV квартал";"1212881";"1454769";"2722099109";
"Лужники";"Московское центральное кольцо";"2024";"IV квартал";"895238";"1032366";"2722099111";
"Шелепиха";"Московское центральное кольцо";"2024";"IV квартал";"1282529";"1329109";"2722099112";
"Хорошёво";"Московское центральное кольцо";"2024";"IV квартал";"719489";"760103";"2722099114";
"Зорге";"Московское центральное кольцо";"2024";"IV квартал";"481733";"500953";"2722099116";
"Панфиловская";"Московское центральное кольцо";"2024";"IV квартал";"635540";"664618";"2722099118";
"Стрешнево";"Московское центральное кольцо";"2024";"IV квартал";"1678523";"1707849";"2722099119";
"Балтийская";"Московское центральное кольцо";"2024";"IV квартал";"1061991";"1142558";"2722099120";
"Коптево";"Московское центральное кольцо";"2024";"IV квартал";"1522464";"1579029";"2722099122";
"Нижегородская";"Некрасовская линия";"2024";"IV квартал";"3707597";"4032550";"2722099124";
"Стахановская";"Некрасовская линия";"2024";"IV квартал";"824768";"845055";"2722099125";
"Окская";"Некрасовская линия";"2024";"IV квартал";"976691";"992239";"2722099128";
"Юго-Восточная";"Некрасовская линия";"2024";"IV квартал";"1332714";"1344682";"2722099130";
"Косино";"Некрасовская линия";"2024";"IV квартал";"523134";"503174";"2722099132";
"Улица Дмитриевского";"Некрасовская линия";"2024";"IV квартал";"914038";"911394";"2722099133";
"Лухмановская";"Некрасовская линия";"2024";"IV квартал";"1771763";"1732749";"2722099135";
"Некрасовка";"Некрасовская линия";"2024";"IV квартал";"5272191";"5172306";"2722099136";
"Алтуфьево";"Серпуховско-Тимирязевская линия";"2024";"IV квартал";"3362385";"3278963";"2722099138";
"Бибирево";"Серпуховско-Тимирязевская линия";"2024";"IV квартал";"2607869";"2595230";"2722099140";
"Отрадное";"Серпуховско-Тимирязевская линия";"2024";"IV квартал";"4461610";"4456142";"2722099142";
"Владыкино";"Серпуховско-Тимирязевская линия";"2024";"IV квартал";"1501275";"1703961";"2722099144";
"Тимирязевская";"Серпуховско-Тимирязевская линия";"2024";"IV квартал";"2328499";"2294947";"2722099145";
"Дмитровская";"Серпуховско-Тимирязевская линия";"2024";"IV квартал";"3315497";"3379669";"2722099146";
"Савёловская";"Серпуховско-Тимирязевская линия";"2024";"IV квартал";"2931549";"2896465";"2722099148";
"Менделеевская";"Серпуховско-Тимирязевская линия";"2024";"IV квартал";"2401795";"2531304";"2722099149";
"Цветной бульвар";"Серпуховско-Тимирязевская линия";"2024";"IV квартал";"2193825";"2288763";"2722099151";
"Чеховская";"Серпуховско-Тимирязевская линия";"2024";"IV квартал";"2059946";"2181524";"2722099153";
"Боровицкая";"Серпуховско-Тимирязевская линия";"2024";"IV квартал";"648816";"682689";"2722099156";
"Полянка";"Серпуховско-Тимирязевская линия";"2024";"IV квартал";"1571453";"1644449";"2722099157";
"Серпуховская";"Серпуховско-Тимирязевская линия";"2024";"IV квартал";"2339815";"2453580";"2722099158";
"Тульская";"Серпуховско-Тимирязевская линия";"2024";"IV квартал";"3216073";"3306301";"2722099160";
"Нагатинская";"Серпуховско-Тимирязевская линия";"2024";"IV квартал";"3617775";"3678353";"2722099162";
"Нагорная";"Серпуховско-Тимирязевская линия";"2024";"IV квартал";"1643986";"1672833";"2722099163";
"Нахимовский проспект";"Серпуховско-Тимирязевская линия";"2024";"IV квартал";"1839160";"1855669";"2722099165";
"Севастопольская";"Серпуховско-Тимирязевская линия";"2024";"IV квартал";"738676";"762670";"2722099167";
"Чертановская";"Серпуховско-Тимирязевская линия";"2024";"IV квартал";"3000250";"2982114";"2722099170";
"Южная";"Серпуховско-Тимирязевская линия";"2024";"IV квартал";"2166038";"2140694";"2722099171";
"Пражская";"Серпуховско-Тимирязевская линия";"2024";"IV квартал";"4443588";"4430005";"2722099172";
"Улица академика Янгеля";"Серпуховско-Тимирязевская линия";"2024";"IV квартал";"2612851";"2555411";"2722099173";
"Аннино";"Серпуховско-Тимирязевская линия";"2024";"IV квартал";"2196691";"2043151";"2722099175";
"Бульвар Дмитрия Донского";"Серпуховско-Тимирязевская линия";"2024";"IV квартал";"5271751";"5026435";"2722099177";
"Бульвар Рокоссовского";"Сокольническая линия";"2024";"IV квартал";"2419646";"2396151";"2722099179";
"Черкизовская";"Сокольническая линия";"2024";"IV квартал";"1818319";"1617743";"2722099180";
"Преображенская площадь";"Сокольническая линия";"2024";"IV квартал";"3955467";"3988560";"2722099182";
"Красносельская";"Сокольническая линия";"2024";"IV квартал";"1727397";"1756701";"2722099183";
"Комсомольская";"Сокольническая линия";"2024";"IV квартал";"2387174";"1971040";"2722099185";
"Красные ворота";"Сокольническая линия";"2024";"IV квартал";"2285085";"2345506";"2722099187";
"Чистые пруды";"Сокольническая линия";"2024";"IV квартал";"1936987";"2018458";"2722099189";
"Лубянка";"Сокольническая линия";"2024";"IV квартал";"2613765";"2683582";"2722099190";
"Охотный ряд";"Сокольническая линия";"2024";"IV квартал";"5263522";"5211364";"2722099192";
"Библиотека имени Ленина";"Сокольническая линия";"2024";"IV квартал";"0";"0";"2722099193";
"Кропоткинская";"Сокольническая линия";"2024";"IV квартал";"2434816";"2526040";"2722099194";
"Парк культуры";"Сокольническая линия";"2024";"IV квартал";"726166";"763126";"2722099196";
"Фрунзенская";"Сокольническая линия";"2024";"IV квартал";"2871677";"3016971";"2722099198";
"Спортивная";"Сокольническая линия";"2024";"IV квартал";"2120456";"2307279";"2722099200";
"Воробьёвы горы";"Сокольническая линия";"2024";"IV квартал";"956434";"934254";"2722099201";
"Университет";"Сокольническая линия";"2024";"IV квартал";"3465159";"3512851";"2722099202";
"Юго-Западная";"Сокольническая линия";"2024";"IV квартал";"5305786";"5392025";"2722099205";
"Тропарёво";"Сокольническая линия";"2024";"IV квартал";"1680524";"1657666";"2722099206";
"Румянцево";"Сокольническая линия";"2024";"IV квартал";"1139985";"1135334";"2722099208";
"Саларьево";"Сокольническая линия";"2024";"IV квартал";"3644024";"3429457";"2722099209";
"Филатов луг";"Сокольническая линия";"2024";"IV квартал";"2125264";"2072365";"2722099211";
"Прокшино";"Сокольническая линия";"2024";"IV квартал";"826246";"812400";"2722099212";
"Ольховая";"Сокольническая линия";"2024";"IV квартал";"972192";"921094";"2722099214";
"Новомосковская";"Сокольническая линия";"2024";"IV квартал";"1243060";"1226006";"2722099215";
"Деловой центр";"Солнцевская линия";"2024";"IV квартал";"1950433";"1969037";"2722099217";
"Парк Победы";"Солнцевская линия";"2024";"IV квартал";"359050";"367071";"2722099219";
"Минская";"Солнцевская линия";"2024";"IV квартал";"787265";"789509";"2722099221";
"Ломоносовский проспект";"Солнцевская линия";"2024";"IV квартал";"1461201";"1466618";"2722099222";
"Раменки";"Солнцевская линия";"2024";"IV квартал";"1841467";"1812142";"2722099223";
"Мичуринский проспект";"Солнцевская линия";"2024";"IV квартал";"234417";"238126";"2722099227";
"Озёрная";"Солнцевская линия";"2024";"IV квартал";"1687781";"1656277";"2722099228";
"Говорово";"Солнцевская линия";"2024";"IV квартал";"1171487";"1125640";"2722099230";
"Солнцево";"Солнцевская линия";"2024";"IV квартал";"1930086";"1865491";"2722099232";
"Боровское шоссе";"Солнцевская линия";"2024";"IV квартал";"524389";"495463";"2722099233";
"Новопеределкино";"Солнцевская линия";"2024";"IV квартал";"1587308";"1511166";"2722099235";
"Рассказовка";"Солнцевская линия";"2024";"IV квартал";"1746100";"1663755";"2722099236";
"Планерная";"Таганско-Краснопресненская линия";"2024";"IV квартал";"3767754";"3631564";"2722099237";
"Сходненская";"Таганско-Краснопресненская линия";"2024";"IV квартал";"4546204";"4441458";"2722099238";
"Тушинская";"Таганско-Краснопресненская линия";"2024";"IV квартал";"3967602";"3797612";"2722099240";
"Спартак";"Таганско-Краснопресненская линия";"2024";"IV квартал";"861716";"846232";"2722099244";
"Щукинская";"Таганско-Краснопресненская линия";"2024";"IV квартал";"3969318";"3930984";"2722099245";
"Октябрьское поле";"Таганско-Краснопресненская линия";"2024";"IV квартал";"3669005";"3710415";"2722099246";
"Полежаевская";"Таганско-Краснопресненская линия";"2024";"IV квартал";"2603717";"2652338";"2722099248";
"Беговая";"Таганско-Краснопресненская линия";"2024";"IV квартал";"3069502";"3087579";"2722099249";
"Улица 1905 года";"Таганско-Краснопресненская линия";"2024";"IV квартал";"4131295";"4269766";"2722099250";
"Баррикадная";"Таганско-Краснопресненская линия";"2024";"IV квартал";"2186313";"2271007";"2722099252";
"Пушкинская";"Таганско-Краснопресненская линия";"2024";"IV квартал";"4067875";"4242964";"2722099253";
"Кузнецкий мост";"Таганско-Краснопресненская линия";"2024";"IV квартал";"2177953";"2305799";"2722099254";
"Таганская";"Таганско-Краснопресненская линия";"2024";"IV квартал";"1276050";"1315764";"2722099256";
"Пролетарская";"Таганско-Краснопресненская линия";"2024";"IV квартал";"2903776";"2937729";"2722099257";
"Волгоградский проспект";"Таганско-Краснопресненская линия";"2024";"IV квартал";"2001513";"2024948";"2722099261";
"Текстильщики";"Таганско-Краснопресненская линия";"2024";"IV квартал";"4527330";"4867968";"2722099262";
"Кузьминки";"Таганско-Краснопресненская линия";"2024";"IV квартал";"4946204";"4940200";"2722099263";
"Рязанский проспект";"Таганско-Краснопресненская линия";"2024";"IV квартал";"2563806";"2572217";"2722099264";
"Выхино";"Таганско-Краснопресненская линия";"2024";"IV квартал";"5800845";"5587941";"2722099266";
"Лермонтовский проспект";"Таганско-Краснопресненская линия";"2024";"IV квартал";"1624903";"1564321";"2722099267";
"Жулебино";"Таганско-Краснопресненская линия";"2024";"IV квартал";"2350394";"2290897";"2722099269";
"Котельники";"Таганско-Краснопресненская линия";"2024";"IV квартал";"5362751";"4918080";"2722099270";
"Пионерская";"Филёвская линия";"2024";"IV квартал";"540190";"520916";"2722099274";
"Филёвский парк";"Филёвская линия";"2024";"IV квартал";"876020";"851866";"2722099275";
"Багратионовская";"Филёвская линия";"2024";"IV квартал";"1554052";"1557203";"2722099276";
"Фили";"Филёвская линия";"2024";"IV квартал";"1802988";"1790342";"2722099279";
"Кутузовская";"Филёвская линия";"2024";"IV квартал";"810923";"862220";"2722099280";
"Студенческая";"Филёвская линия";"2024";"IV квартал";"586296";"585766";"2722099281";
"Смоленская";"Филёвская линия";"2024";"IV квартал";"825811";"839284";"2722099283";
"Арбатская";"Филёвская линия";"2024";"IV квартал";"571518";"554686";"2722099284";
"Александровский сад";"Филёвская линия";"2024";"IV квартал";"1934417";"1974034";"2722099287";
"Москва-Сити";"Филёвская линия";"2024";"IV квартал";"790453";"810335";"2722099289";
"Марьина Роща";"Люблинско-Дмитровская линия";"2024";"IV квартал";"2362464";"2421752";"2722099339";
"Пыхтино";"Солнцевская линия";"2024";"IV квартал";"976536";"911988";"2722099359";
"Аэропорт Внуково";"Солнцевская линия";"2024";"IV квартал";"916233";"603288";"2722099362";
"Яхромская";"Люблинско-Дмитровская линия";"2024";"IV квартал";"1764146";"1717510";"2722099364";
"Лианозово";"Люблинско-Дмитровская линия";"2024";"IV квартал";"1560281";"1493668";"2722099365";
"Физтех";"Люблинско-Дмитровская линия";"2024";"IV квартал";"1209909";"1149157";"2722099367";
"Потапово";"Сокольническая линия";"2024";"IV квартал";"1396809";"1361380";"2722099368";
"Университет Дружбы Народов";"Троицкая линия";"2024";"IV квартал";"1003247";"1033877";"2722099370";
"Генерала Тюленева";"Троицкая линия";"2024";"IV квартал";"456292";"453007";"2722099371";
"Тютчевская";"Троицкая линия";"2024";"IV квартал";"260913";"249901";"2722099372";
"Корниловская";"Троицкая линия";"2024";"IV квартал";"12091";"12162";"2722099374";
"Коммунарка";"Троицкая линия";"2024";"IV квартал";"7751";"9742";"2722099378";
"Деловой центр";"Филёвская линия";"2024";"IV квартал";"1842223";"1837223";"2722102928";
"Кунцевская";"Арбатско-Покровская линия";"2024";"IV квартал";"995064";"997101";"2722103122";
"Парк Победы";"Арбатско-Покровская линия";"2024";"IV квартал";"1333808";"1316113";"2722103239";
"Смоленская";"Арбатско-Покровская линия";"2024";"IV квартал";"2777047";"2896468";"2722103368";
"Арбатская";"Арбатско-Покровская линия";"2024";"IV квартал";"2583884";"2716014";"2722103498";
"Курская";"Арбатско-Покровская линия";"2024";"IV квартал";"1464249";"1526358";"2722103650";
"Савёловская";"Большая кольцевая линия";"2024";"IV квартал";"2008062";"2044903";"2722103785";
"Петровский парк";"Большая кольцевая линия";"2024";"IV квартал";"1827309";"1895307";"2722103955";
"Шелепиха";"Большая кольцевая линия";"2024";"IV квартал";"8975";"3550";"2722104088";
"Деловой центр";"Большая кольцевая линия";"2024";"IV квартал";"423128";"412853";"2722104257";
"Лефортово";"Большая кольцевая линия";"2024";"IV квартал";"1248771";"1276142";"2722104907";
"Электрозаводская";"Большая кольцевая линия";"2024";"IV квартал";"2031898";"2312702";"2722105105";
"Мичуринский проспект";"Большая кольцевая линия";"2024";"IV квартал";"1244013";"1257372";"2722105271";
"Варшавская";"Большая кольцевая линия";"2024";"IV квартал";"1432671";"1500973";"2722105434";
"Каширская";"Большая кольцевая линия";"2024";"IV квартал";"3057163";"3086241";"2722105585";
"Печатники";"Большая кольцевая линия";"2024";"IV квартал";"301483";"305420";"2722105721";
"Текстильщики";"Большая кольцевая линия";"2024";"IV квартал";"1607360";"1937283";"2722105867";
"Авиамоторная";"Калининская линия";"2024";"IV квартал";"3067756";"3195825";"2722105980";
"Третьяковская";"Калининская линия";"2024";"IV квартал";"2814966";"2949099";"2722106117";
"Третьяковская";"Калужско-Рижская линия";"2024";"IV квартал";"0";"0";"2722106312";
"Петровско-Разумовская";"Серпуховско-Тимирязевская линия";"2024";"IV квартал";"0";"0";"2722106422";
"Китай-город";"Таганско-Краснопресненская линия";"2024";"IV квартал";"0";"0";"2722106536";
"Киевская";"Филёвская линия";"2024";"IV квартал";"0";"0";"2722106666";
"Рижская";"Калужско-Рижская линия";"2024";"IV квартал";"1081243";"1105261";"2722106825";
"Проспект Мира";"Калужско-Рижская линия";"2024";"IV квартал";"2005705";"2087108";"2722106955";
"Киевская";"Кольцевая линия";"2024";"IV квартал";"3316890";"3295486";"2722107106";
"Белорусская";"Кольцевая линия";"2024";"IV квартал";"4262834";"4065830";"2722107250";
"Комсомольская";"Кольцевая линия";"2024";"IV квартал";"8568589";"7081203";"2722107393";
"Таганская";"Кольцевая линия";"2024";"IV квартал";"2455935";"2539949";"2722107566";
"Павелецкая";"Кольцевая линия";"2024";"IV квартал";"5021696";"5178678";"2722107703";
"Октябрьская";"Кольцевая линия";"2024";"IV квартал";"2359866";"2478769";"2722107857";
"Парк культуры";"Кольцевая линия";"2024";"IV квартал";"3247653";"3382304";"2722107976";
"Тимирязевская";"Московская монорельсовая транспортная система";"2024";"IV квартал";"55206";"49808";"2722108091";
"Окружная";"Московское центральное кольцо";"2024";"IV квартал";"1319444";"1352754";"2722108214";
"Владыкино";"Московское центральное кольцо";"2024";"IV квартал";"647215";"825115";"2722108359";
"Ботанический сад";"Московское центральное кольцо";"2024";"IV квартал";"1103012";"1309815";"2722108517";
"Бульвар Рокоссовского";"Московское центральное кольцо";"2024";"IV квартал";"847076";"874806";"2722108688";
"Шоссе Энтузиастов";"Московское центральное кольцо";"2024";"IV квартал";"681328";"751623";"2722108860";
"Нижегородская";"Московское центральное кольцо";"2024";"IV квартал";"1453425";"1568859";"2722109002";
"Дубровка";"Московское центральное кольцо";"2024";"IV квартал";"716794";"753892";"2722109164";
"Автозаводская";"Московское центральное кольцо";"2024";"IV квартал";"491675";"537450";"2722109372";
"Кутузовская";"Московское центральное кольцо";"2024";"IV квартал";"1867330";"2009461";"2722109506";
"Москва-Сити";"Московское центральное кольцо";"2024";"IV квартал";"1942629";"2084573";"2722109641";
"Сокольники";"Сокольническая линия";"2024";"IV квартал";"1421034";"1421201";"2722109779";
"Проспект Вернадского";"Сокольническая линия";"2024";"IV квартал";"2153181";"2182033";"2722109908";
"Кунцевская";"Филёвская линия";"2024";"IV квартал";"598552";"581954";"2722110038";
"Новаторская";"Троицкая линия";"2024";"IV квартал";"939764";"935750";"2722110186";
"Новомосковская";"Троицкая линия";"2024";"IV квартал";"2504";"2429";"2722110328";
"Пятницкое шоссе";"Арбатско-Покровская линия";"2025";"I квартал";"1326968";"1340238";"2764016650";
"Митино";"Арбатско-Покровская линия";"2025";"I квартал";"1810875";"1828984";"2764016651";
"Волоколамская";"Арбатско-Покровская линия";"2025";"I квартал";"1473901";"1488640";"2764016652";
"Мякинино";"Арбатско-Покровская линия";"2025";"I квартал";"1146877";"1158346";"2764016653";
"Строгино";"Арбатско-Покровская линия";"2025";"I квартал";"2065189";"2075841";"2764016654";
"Крылатское";"Арбатско-Покровская линия";"2025";"I квартал";"2186271";"2178942";"2764016655";
"Молодёжная";"Арбатско-Покровская линия";"2025";"I квартал";"3122918";"3119856";"2764016656";
"Славянский бульвар";"Арбатско-Покровская линия";"2025";"I квартал";"4482034";"4492791";"2764016657";
"Киевская";"Арбатско-Покровская линия";"2025";"I квартал";"2544491";"2669936";"2764016658";
"Площадь Революции";"Арбатско-Покровская линия";"2025";"I квартал";"3395646";"3403796";"2764016659";
"Бауманская";"Арбатско-Покровская линия";"2025";"I квартал";"3952734";"3992261";"2764016660";
"Электрозаводская";"Арбатско-Покровская линия";"2025";"I квартал";"2260332";"2282935";"2764016661";
"Семёновская";"Арбатско-Покровская линия";"2025";"I квартал";"2260222";"2198741";"2764016662";
"Партизанская";"Арбатско-Покровская линия";"2025";"I квартал";"1354994";"1368544";"2764016663";
"Измайловская";"Арбатско-Покровская линия";"2025";"I квартал";"1406929";"1420998";"2764016664";
"Первомайская";"Арбатско-Покровская линия";"2025";"I квартал";"2622830";"2594558";"2764016665";
"Щёлковская";"Арбатско-Покровская линия";"2025";"I квартал";"5139731";"5191128";"2764016666";
"ЦСКА";"Большая кольцевая линия";"2025";"I квартал";"2478540";"2503325";"2764016667";
"Хорошёвская";"Большая кольцевая линия";"2025";"I квартал";"1127819";"1144736";"2764016668";
"Народное Ополчение";"Большая кольцевая линия";"2025";"I квартал";"1804884";"1831957";"2764016669";
"Мнёвники";"Большая кольцевая линия";"2025";"I квартал";"276800";"280952";"2764016670";
"Авиамоторная";"Большая кольцевая линия";"2025";"I квартал";"1206573";"1224672";"2764016671";
"Терехово";"Большая кольцевая линия";"2025";"I квартал";"555750";"554869";"2764016672";
"Кунцевская";"Большая кольцевая линия";"2025";"I квартал";"1747977";"1774197";"2764016673";
"Давыдково";"Большая кольцевая линия";"2025";"I квартал";"1005783";"1020871";"2764016674";
"Аминьевская";"Большая кольцевая линия";"2025";"I квартал";"2242504";"2276142";"2764016675";
"Проспект Вернадского";"Большая кольцевая линия";"2025";"I квартал";"783335";"791085";"2764016676";
"Новаторская";"Большая кольцевая линия";"2025";"I квартал";"741643";"752768";"2764016677";
"Воронцовская";"Большая кольцевая линия";"2025";"I квартал";"1285273";"1284552";"2764016678";
"Зюзино";"Большая кольцевая линия";"2025";"I квартал";"1831591";"1859065";"2764016679";
"Каховская";"Большая кольцевая линия";"2025";"I квартал";"1468125";"1490147";"2764016680";
"Кленовый бульвар";"Большая кольцевая линия";"2025";"I квартал";"611726";"620902";"2764016681";
"Нагатинский Затон";"Большая кольцевая линия";"2025";"I квартал";"534389";"542405";"2764016682";
"Сокольники";"Большая кольцевая линия";"2025";"I квартал";"1727436";"1753348";"2764016683";
"Рижская";"Большая кольцевая линия";"2025";"I квартал";"692008";"671847";"2764016684";
"Марьина Роща";"Большая кольцевая линия";"2025";"I квартал";"664559";"674527";"2764016685";
"Битцевский парк";"Бутовская линия";"2025";"I квартал";"140137";"139787";"2764016686";
"Лесопарковая";"Бутовская линия";"2025";"I квартал";"578501";"577098";"2764016687";
"Улица Старокачаловская";"Бутовская линия";"2025";"I квартал";"0";"0";"2764016688";
"Улица Скобелевская";"Бутовская линия";"2025";"I квартал";"1457977";"1454335";"2764016689";
"Бульвар адмирала Ушакова";"Бутовская линия";"2025";"I квартал";"741262";"739469";"2764016690";
"Улица Горчакова";"Бутовская линия";"2025";"I квартал";"719015";"717217";"2764016691";
"Бунинская аллея";"Бутовская линия";"2025";"I квартал";"1447621";"1444002";"2764016692";
"Ховрино";"Замоскворецкая линия";"2025";"I квартал";"3419214";"3427762";"2764016693";
"Беломорская";"Замоскворецкая линия";"2025";"I квартал";"1975873";"1980813";"2764016694";
"Речной вокзал";"Замоскворецкая линия";"2025";"I квартал";"1872351";"1877032";"2764016695";
"Водный стадион";"Замоскворецкая линия";"2025";"I квартал";"2990677";"2998154";"2764016696";
"Войковская";"Замоскворецкая линия";"2025";"I квартал";"3525656";"3534470";"2764016697";
"Сокол";"Замоскворецкая линия";"2025";"I квартал";"2636519";"2643110";"2764016698";
"Аэропорт";"Замоскворецкая линия";"2025";"I квартал";"2539346";"2545694";"2764016699";
"Динамо";"Замоскворецкая линия";"2025";"I квартал";"2038979";"2044076";"2764016700";
"Белорусская";"Замоскворецкая линия";"2025";"I квартал";"2161881";"2167286";"2764016701";
"Маяковская";"Замоскворецкая линия";"2025";"I квартал";"2590380";"2596856";"2764016702";
"Тверская";"Замоскворецкая линия";"2025";"I квартал";"0";"0";"2764016703";
"Театральная";"Замоскворецкая линия";"2025";"I квартал";"0";"0";"2764016704";
"Новокузнецкая";"Замоскворецкая линия";"2025";"I квартал";"2214600";"2220137";"2764016705";
"Павелецкая";"Замоскворецкая линия";"2025";"I квартал";"2064057";"2069217";"2764016706";
"Автозаводская";"Замоскворецкая линия";"2025";"I квартал";"2762706";"2769613";"2764016707";
"Технопарк";"Замоскворецкая линия";"2025";"I квартал";"1582082";"1586037";"2764016708";
"Коломенская";"Замоскворецкая линия";"2025";"I квартал";"2998387";"3005883";"2764016709";
"Каширская";"Замоскворецкая линия";"2025";"I квартал";"0";"0";"2764016710";
"Кантемировская";"Замоскворецкая линия";"2025";"I квартал";"2368097";"2374017";"2764016711";
"Царицыно";"Замоскворецкая линия";"2025";"I квартал";"4263543";"4274220";"2764016712";
"Орехово";"Замоскворецкая линия";"2025";"I квартал";"1327752";"1331071";"2764016713";
"Домодедовская";"Замоскворецкая линия";"2025";"I квартал";"4343087";"4353945";"2764016714";
"Красногвардейская";"Замоскворецкая линия";"2025";"I квартал";"1487054";"1490772";"2764016715";
"Алма-Атинская";"Замоскворецкая линия";"2025";"I квартал";"1016183";"10118723";"2764016716";
"Новокосино";"Калининская линия";"2025";"I квартал";"3973812";"3977786";"2764016717";
"Новогиреево";"Калининская линия";"2025";"I квартал";"4646921";"4651568";"2764016718";
"Перово";"Калининская линия";"2025";"I квартал";"2780112";"2782892";"2764016719";
"Шоссе Энтузиастов";"Калининская линия";"2025";"I квартал";"1561836";"1563398";"2764016720";
"Площадь Ильича";"Калининская линия";"2025";"I квартал";"1438304";"1439742";"2764016721";
"Марксистская";"Калининская линия";"2025";"I квартал";"1593347";"1594940";"2764016722";
"Медведково";"Калужско-Рижская линия";"2025";"I квартал";"3949392";"3953341";"2764016723";
"Бабушкинская";"Калужско-Рижская линия";"2025";"I квартал";"3605811";"3609417";"2764016724";
"Свиблово";"Калужско-Рижская линия";"2025";"I квартал";"1793991";"1795785";"2764016725";
"Ботанический сад";"Калужско-Рижская линия";"2025";"I квартал";"1703586";"1705290";"2764016726";
"ВДНХ";"Калужско-Рижская линия";"2025";"I квартал";"4930538";"4935469";"2764016727";
"Алексеевская";"Калужско-Рижская линия";"2025";"I квартал";"2317430";"2319747";"2764016728";
"Сухаревская";"Калужско-Рижская линия";"2025";"I квартал";"1510341";"1511851";"2764016729";
"Тургеневская";"Калужско-Рижская линия";"2025";"I квартал";"1546285";"1547831";"2764016730";
"Китай-город";"Калужско-Рижская линия";"2025";"I квартал";"4311402";"4315713";"2764016731";
"Октябрьская";"Калужско-Рижская линия";"2025";"I квартал";"945213";"946158";"2764016732";
"Шаболовская";"Калужско-Рижская линия";"2025";"I квартал";"1812508";"1814321";"2764016733";
"Ленинский проспект";"Калужско-Рижская линия";"2025";"I квартал";"2840720";"2843561";"2764016734";
"Академическая";"Калужско-Рижская линия";"2025";"I квартал";"2445715";"2448161";"2764016735";
"Профсоюзная";"Калужско-Рижская линия";"2025";"I квартал";"2321329";"2323650";"2764016736";
"Новые Черёмушки";"Калужско-Рижская линия";"2025";"I квартал";"2483493";"2485976";"2764016737";
"Калужская";"Калужско-Рижская линия";"2025";"I квартал";"1961374";"1963335";"2764016738";
"Беляево";"Калужско-Рижская линия";"2025";"I квартал";"2483979";"2486463";"2764016739";
"Коньково";"Калужско-Рижская линия";"2025";"I квартал";"2029133";"2031162";"2764016740";
"Тёплый стан";"Калужско-Рижская линия";"2025";"I квартал";"3893703";"3897597";"2764016741";
"Ясенево";"Калужско-Рижская линия";"2025";"I квартал";"2328611";"2330940";"2764016742";
"Новоясеневская";"Калужско-Рижская линия";"2025";"I квартал";"506596";"507103";"2764016743";
"Краснопресненская";"Кольцевая линия";"2025";"I квартал";"1435681";"1440849";"2764016744";
"Новослободская";"Кольцевая линия";"2025";"I квартал";"2252255";"2260363";"2764016745";
"Проспект Мира";"Кольцевая линия";"2025";"I квартал";"1686658";"1692730";"2764016746";
"Курская";"Кольцевая линия";"2025";"I квартал";"3757701";"3771229";"2764016747";
"Добрынинская";"Кольцевая линия";"2025";"I квартал";"1585137";"1590843";"2764016748";
"Селигерская";"Люблинско-Дмитровская линия";"2025";"I квартал";"2128877";"2136541";"2764016749";
"Верхние Лихоборы";"Люблинско-Дмитровская линия";"2025";"I квартал";"1073189";"1077052";"2764016750";
"Окружная";"Люблинско-Дмитровская линия";"2025";"I квартал";"824238";"827205";"2764016751";
"Петровско-Разумовская";"Люблинско-Дмитровская линия";"2025";"I квартал";"1613222";"1619030";"2764016752";
"Фонвизинская";"Люблинско-Дмитровская линия";"2025";"I квартал";"975999";"979513";"2764016753";
"Бутырская";"Люблинско-Дмитровская линия";"2025";"I квартал";"1195654";"1199958";"2764016754";
"Достоевская";"Люблинско-Дмитровская линия";"2025";"I квартал";"1004154";"1007769";"2764016755";
"Трубная";"Люблинско-Дмитровская линия";"2025";"I квартал";"1341184";"1346012";"2764016756";
"Сретенский бульвар";"Люблинско-Дмитровская линия";"2025";"I квартал";"634573";"636857";"2764016758";
"Чкаловская";"Люблинско-Дмитровская линия";"2025";"I квартал";"1493443";"1498819";"2764016759";
"Римская";"Люблинско-Дмитровская линия";"2025";"I квартал";"1183241";"1187501";"2764016760";
"Крестьянская застава";"Люблинско-Дмитровская линия";"2025";"I квартал";"594143";"596282";"2764016761";
"Дубровка";"Люблинско-Дмитровская линия";"2025";"I квартал";"1212984";"1217351";"2764016762";
"Кожуховская";"Люблинско-Дмитровская линия";"2025";"I квартал";"1522274";"1527754";"2764016763";
"Печатники";"Люблинско-Дмитровская линия";"2025";"I квартал";"1190051";"1194335";"2764016764";
"Волжская";"Люблинско-Дмитровская линия";"2025";"I квартал";"1137122";"1141216";"2764016765";
"Люблино";"Люблинско-Дмитровская линия";"2025";"I квартал";"3101522";"3112687";"2764016766";
"Братиславская";"Люблинско-Дмитровская линия";"2025";"I квартал";"2765434";"2775390";"2764016767";
"Марьино";"Люблинско-Дмитровская линия";"2025";"I квартал";"2314974";"2323308";"2764016768";
"Борисово";"Люблинско-Дмитровская линия";"2025";"I квартал";"850629";"853691";"2764016769";
"Шипиловская";"Люблинско-Дмитровская линия";"2025";"I квартал";"1068622";"1072469";"2764016770";
"Зябликово";"Люблинско-Дмитровская линия";"2025";"I квартал";"816971";"819912";"2764016771";
"Улица Сергея Эйзенштейна";"Московская монорельсовая транспортная система";"2025";"I квартал";"14095";"14098";"2764016772";
"Выставочный центр";"Московская монорельсовая транспортная система";"2025";"I квартал";"58935";"58947";"2764016773";
"Улица Академика Королёва";"Московская монорельсовая транспортная система";"2025";"I квартал";"12695";"12698";"2764016774";
"Телецентр";"Московская монорельсовая транспортная система";"2025";"I квартал";"24736";"24741";"2764016775";
"Улица Милашенкова";"Московская монорельсовая транспортная система";"2025";"I квартал";"15840";"15843";"2764016776";
"Лихоборы";"Московское центральное кольцо";"2025";"I квартал";"1188549";"1188787";"2764016777";
"Ростокино";"Московское центральное кольцо";"2025";"I квартал";"2362879";"2363352";"2764016778";
"Белокаменная";"Московское центральное кольцо";"2025";"I квартал";"140376";"140404";"2764016779";
"Локомотив";"Московское центральное кольцо";"2025";"I квартал";"830291";"830457";"2764016780";
"Измайлово";"Московское центральное кольцо";"2025";"I квартал";"830291";"830457";"2764016781";
"Соколиная Гора";"Московское центральное кольцо";"2025";"I квартал";"492123";"492221";"2764016782";
"Андроновка";"Московское центральное кольцо";"2025";"I квартал";"618565";"618689";"2764016783";
"Новохохловская";"Московское центральное кольцо";"2025";"I квартал";"493507";"493605";"2764016784";
"Угрешская";"Московское центральное кольцо";"2025";"I квартал";"396728";"396807";"2764016785";
"ЗИЛ";"Московское центральное кольцо";"2025";"I квартал";"882487";"882663";"2764016786";
"Верхние Котлы";"Московское центральное кольцо";"2025";"I квартал";"1135139";"1131266";"2764016787";
"Крымская";"Московское центральное кольцо";"2025";"I квартал";"799404";"799564";"2764016788";
"Площадь Гагарина";"Московское центральное кольцо";"2025";"I квартал";"1139557";"1139785";"2764016789";
"Лужники";"Московское центральное кольцо";"2025";"I квартал";"799357";"799517";"2764016790";
"Шелепиха";"Московское центральное кольцо";"2025";"I квартал";"998865";"999065";"2764016791";
"Хорошёво";"Московское центральное кольцо";"2025";"I квартал";"585460";"585577";"2764016792";
"Зорге";"Московское центральное кольцо";"2025";"I квартал";"380356";"380432";"2764016793";
"Панфиловская";"Московское центральное кольцо";"2025";"I квартал";"509604";"509706";"2764016794";
"Стрешнево";"Московское центральное кольцо";"2025";"I квартал";"1430024";"1430321";"2764016795";
"Балтийская";"Московское центральное кольцо";"2025";"I квартал";"845667";"845836";"2764016796";
"Коптево";"Московское центральное кольцо";"2025";"I квартал";"1237336";"1237583";"2764016797";
"Нижегородская";"Некрасовская линия";"2025";"I квартал";"3151760";"3151445";"2764016798";
"Стахановская";"Некрасовская линия";"2025";"I квартал";"645853";"645788";"2764016799";
"Окская";"Некрасовская линия";"2025";"I квартал";"794602";"794523";"2764016800";
"Юго-Восточная";"Некрасовская линия";"2025";"I квартал";"1109745";"1109634";"2764016802";
"Косино";"Некрасовская линия";"2025";"I квартал";"410834";"410793";"2764016803";
"Улица Дмитриевского";"Некрасовская линия";"2025";"I квартал";"739663";"739987";"2764016804";
"Лухмановская";"Некрасовская линия";"2025";"I квартал";"1394624";"1404485";"2764016805";
"Некрасовка";"Некрасовская линия";"2025";"I квартал";"4220881";"4226894";"2764016806";
"Алтуфьево";"Серпуховско-Тимирязевская линия";"2025";"I квартал";"2736094";"2742387";"2764016807";
"Бибирево";"Серпуховско-Тимирязевская линия";"2025";"I квартал";"2141081";"2146005";"2764016808";
"Отрадное";"Серпуховско-Тимирязевская линия";"2025";"I квартал";"3642557";"3650935";"2764016809";
"Владыкино";"Серпуховско-Тимирязевская линия";"2025";"I квартал";"1380220";"1383395";"2764016810";
"Тимирязевская";"Серпуховско-Тимирязевская линия";"2025";"I квартал";"1869685";"1873985";"2764016811";
"Дмитровская";"Серпуховско-Тимирязевская линия";"2025";"I квартал";"2557083";"2562964";"2764016812";
"Савёловская";"Серпуховско-Тимирязевская линия";"2025";"I квартал";"2257859";"2263052";"2764016813";
"Менделеевская";"Серпуховско-Тимирязевская линия";"2025";"I квартал";"1803980";"1808129";"2764016814";
"Цветной бульвар";"Серпуховско-Тимирязевская линия";"2025";"I квартал";"1657969";"1661782";"2764016815";
"Чеховская";"Серпуховско-Тимирязевская линия";"2025";"I квартал";"1625374";"1629112";"2764016816";
"Боровицкая";"Серпуховско-Тимирязевская линия";"2025";"I квартал";"539251";"540491";"2764016817";
"Полянка";"Серпуховско-Тимирязевская линия";"2025";"I квартал";"1206165";"1208939";"2764016818";
"Серпуховская";"Серпуховско-Тимирязевская линия";"2025";"I квартал";"1713576";"1717517";"2764016819";
"Тульская";"Серпуховско-Тимирязевская линия";"2025";"I квартал";"2443700";"2449321";"2764016820";
"Нагатинская";"Серпуховско-Тимирязевская линия";"2025";"I квартал";"2767146";"2773510";"2764016821";
"Нагорная";"Серпуховско-Тимирязевская линия";"2025";"I квартал";"1367690";"1370836";"2764016822";
"Нахимовский проспект";"Серпуховско-Тимирязевская линия";"2025";"I квартал";"1481613";"1485021";"2764016823";
"Севастопольская";"Серпуховско-Тимирязевская линия";"2025";"I квартал";"651382";"652880";"2764016824";
"Чертановская";"Серпуховско-Тимирязевская линия";"2025";"I квартал";"2453134";"2458776";"2764016825";
"Южная";"Серпуховско-Тимирязевская линия";"2025";"I квартал";"1736329";"1740323";"2764016826";
"Пражская";"Серпуховско-Тимирязевская линия";"2025";"I квартал";"3531885";"3540008";"2764016827";
"Улица академика Янгеля";"Серпуховско-Тимирязевская линия";"2025";"I квартал";"2053008";"2057730";"2764016828";
"Аннино";"Серпуховско-Тимирязевская линия";"2025";"I квартал";"1685298";"1689174";"2764016829";
"Бульвар Дмитрия Донского";"Серпуховско-Тимирязевская линия";"2025";"I квартал";"4074862";"4084234";"2764016830";
"Бульвар Рокоссовского";"Сокольническая линия";"2025";"I квартал";"2010958";"2016991";"2764016831";
"Черкизовская";"Сокольническая линия";"2025";"I квартал";"1403028";"1407237";"2764016832";
"Преображенская площадь";"Сокольническая линия";"2025";"I квартал";"3151488";"3160942";"2764016833";
"Красносельская";"Сокольническая линия";"2025";"I квартал";"1330467";"1334458";"2764016834";
"Комсомольская";"Сокольническая линия";"2025";"I квартал";"1768323";"1773628";"2764016835";
"Красные ворота";"Сокольническая линия";"2025";"I квартал";"1772145";"1777461";"2764016836";
"Чистые пруды";"Сокольническая линия";"2025";"I квартал";"1492359";"1496836";"2764016837";
"Лубянка";"Сокольническая линия";"2025";"I квартал";"2008943";"2014970";"2764016838";
"Охотный ряд";"Сокольническая линия";"2025";"I квартал";"3777501";"3788834";"2764016839";
"Библиотека имени Ленина";"Сокольническая линия";"2025";"I квартал";"0";"0";"2764016840";
"Кропоткинская";"Сокольническая линия";"2025";"I квартал";"1936430";"1942239";"2764016841";
"Парк культуры";"Сокольническая линия";"2025";"I квартал";"552427";"554084";"2764016842";
"Фрунзенская";"Сокольническая линия";"2025";"I квартал";"2225227";"2231903";"2764016843";
"Спортивная";"Сокольническая линия";"2025";"I квартал";"1739808";"1745027";"2764016844";
"Воробьёвы горы";"Сокольническая линия";"2025";"I квартал";"801614";"801065";"2764016845";
"Университет";"Сокольническая линия";"2025";"I квартал";"2516333";"2523882";"2764016846";
"Юго-Западная";"Сокольническая линия";"2025";"I квартал";"3788890";"3800257";"2764016847";
"Тропарёво";"Сокольническая линия";"2025";"I квартал";"1271047";"1274860";"2764016848";
"Румянцево";"Сокольническая линия";"2025";"I квартал";"872288";"874905";"2764016849";
"Саларьево";"Сокольническая линия";"2025";"I квартал";"2745013";"2753248";"2764016850";
"Филатов луг";"Сокольническая линия";"2025";"I квартал";"1688382";"1693443";"2764016851";
"Прокшино";"Сокольническая линия";"2025";"I квартал";"639093";"641010";"2764016852";
"Ольховая";"Сокольническая линия";"2025";"I квартал";"671501";"675516";"2764016853";
"Новомосковская";"Сокольническая линия";"2025";"I квартал";"886733";"889393";"2764016854";
"Деловой центр";"Солнцевская линия";"2025";"I квартал";"1374937";"1379062";"2764016855";
"Парк Победы";"Солнцевская линия";"2025";"I квартал";"243700";"246137";"2764016856";
"Минская";"Солнцевская линия";"2025";"I квартал";"657871";"664450";"2764016857";
"Ломоносовский проспект";"Солнцевская линия";"2025";"I квартал";"1070008";"1080708";"2764016858";
"Раменки";"Солнцевская линия";"2025";"I квартал";"1436838";"1451206";"2764016859";
"Мичуринский проспект";"Солнцевская линия";"2025";"I квартал";"176857";"178626";"2764016860";
"Озёрная";"Солнцевская линия";"2025";"I квартал";"1305174";"1318226";"2764016861";
"Говорово";"Солнцевская линия";"2025";"I квартал";"922302";"931525";"2764016862";
"Солнцево";"Солнцевская линия";"2025";"I квартал";"1537840";"1553216";"2764016863";
"Боровское шоссе";"Солнцевская линия";"2025";"I квартал";"421328";"425541";"2764016864";
"Новопеределкино";"Солнцевская линия";"2025";"I квартал";"1271974";"1284694";"2764016865";
"Рассказовка";"Солнцевская линия";"2025";"I квартал";"1371535";"1385250";"2764016866";
"Планерная";"Таганско-Краснопресненская линия";"2025";"I квартал";"2908643";"2918612";"2764016867";
"Сходненская";"Таганско-Краснопресненская линия";"2025";"I квартал";"3614016";"3650156";"2764016868";
"Тушинская";"Таганско-Краснопресненская линия";"2025";"I квартал";"3167806";"3199484";"2764016869";
"Спартак";"Таганско-Краснопресненская линия";"2025";"I квартал";"650323";"656826";"2764016870";
"Щукинская";"Таганско-Краснопресненская линия";"2025";"I квартал";"3188629";"3220515";"2764016871";
"Октябрьское поле";"Таганско-Краснопресненская линия";"2025";"I квартал";"2939050";"2968441";"2764016872";
"Полежаевская";"Таганско-Краснопресненская линия";"2025";"I квартал";"2104332";"2125375";"2764016873";
"Беговая";"Таганско-Краснопресненская линия";"2025";"I квартал";"2402039";"2426059";"2764016874";
"Улица 1905 года";"Таганско-Краснопресненская линия";"2025";"I квартал";"3195557";"3227513";"2764016875";
"Баррикадная";"Таганско-Краснопресненская линия";"2025";"I квартал";"1649377";"1665871";"2764016876";
"Пушкинская";"Таганско-Краснопресненская линия";"2025";"I квартал";"3189623";"3221519";"2764016877";
"Кузнецкий мост";"Таганско-Краснопресненская линия";"2025";"I квартал";"1753899";"1771436";"2764016878";
"Таганская";"Таганско-Краснопресненская линия";"2025";"I квартал";"979453";"989248";"2764016879";
"Пролетарская";"Таганско-Краснопресненская линия";"2025";"I квартал";"2316655";"2339822";"2764016880";
"Волгоградский проспект";"Таганско-Краснопресненская линия";"2025";"I квартал";"1475849";"1490607";"2764016881";
"Текстильщики";"Таганско-Краснопресненская линия";"2025";"I квартал";"5428653";"5482940";"2764016882";
"Кузьминки";"Таганско-Краснопресненская линия";"2025";"I квартал";"4017812";"4057990";"2764016883";
"Рязанский проспект";"Таганско-Краснопресненская линия";"2025";"I квартал";"1999076";"2019067";"2764016884";
"Выхино";"Таганско-Краснопресненская линия";"2025";"I квартал";"4714683";"4761830";"2764016885";
"Лермонтовский проспект";"Таганско-Краснопресненская линия";"2025";"I квартал";"1264240";"1276882";"2764016886";
"Жулебино";"Таганско-Краснопресненская линия";"2025";"I квартал";"1873762";"1892000";"2764016887";
"Котельники";"Таганско-Краснопресненская линия";"2025";"I квартал";"4016731";"4056896";"2764016888";
"Пионерская";"Филёвская линия";"2025";"I квартал";"444793";"444749";"2764016889";
"Филёвский парк";"Филёвская линия";"2025";"I квартал";"685363";"685294";"2764016890";
"Багратионовская";"Филёвская линия";"2025";"I квартал";"1170510";"1170393";"2764016891";
"Фили";"Филёвская линия";"2025";"I квартал";"1366514";"1366377";"2764016892";
"Кутузовская";"Филёвская линия";"2025";"I квартал";"648395";"648330";"2764016893";
"Студенческая";"Филёвская линия";"2025";"I квартал";"454740";"454695";"2764016894";
"Смоленская";"Филёвская линия";"2025";"I квартал";"628349";"628286";"2764016895";
"Арбатская";"Филёвская линия";"2025";"I квартал";"431013";"430970";"2764016896";
"Александровский сад";"Филёвская линия";"2025";"I квартал";"1471114";"1470967";"2764016897";
"Москва-Сити";"Филёвская линия";"2025";"I квартал";"610821";"610760";"2764016898";
"Марьина Роща";"Люблинско-Дмитровская линия";"2025";"I квартал";"1819657";"1822023";"2764016931";
"Пыхтино";"Солнцевская линия";"2025";"I квартал";"735350";"736306";"2764016946";
"Аэропорт Внуково";"Солнцевская линия";"2025";"I квартал";"619574";"620379";"2764016947";
"Яхромская";"Люблинско-Дмитровская линия";"2025";"I квартал";"1461634";"1463534";"2764016948";
"Лианозово";"Люблинско-Дмитровская линия";"2025";"I квартал";"1276354";"1278013";"2764016949";
"Физтех";"Люблинско-Дмитровская линия";"2025";"I квартал";"965318";"966573";"2764016950";
"Потапово";"Сокольническая линия";"2025";"I квартал";"1191141";"1194714";"2764016951";
"Университет Дружбы Народов";"Троицкая линия";"2025";"I квартал";"731741";"733936";"2764016953";
"Генерала Тюленева";"Троицкая линия";"2025";"I квартал";"422150";"423416";"2764016954";
"Тютчевская";"Троицкая линия";"2025";"I квартал";"229761";"230450";"2764016955";
"Деловой центр";"Филёвская линия";"2025";"I квартал";"1266945";"1266881";"2764017051";
"Кунцевская";"Арбатско-Покровская линия";"2025";"I квартал";"805693";"805612";"2764017063";
"Парк Победы";"Арбатско-Покровская линия";"2025";"I квартал";"1052844";"1052739";"2764017075";
"Смоленская";"Арбатско-Покровская линия";"2025";"I квартал";"2197433";"2197212";"2764017088";
"Арбатская";"Арбатско-Покровская линия";"2025";"I квартал";"2058667";"2049871";"2764017116";
"Курская";"Арбатско-Покровская линия";"2025";"I квартал";"1243971";"1243847";"2764017134";
"Савёловская";"Большая кольцевая линия";"2025";"I квартал";"1628800";"1629854";"2764017139";
"Петровский парк";"Большая кольцевая линия";"2025";"I квартал";"1450922";"1450777";"2764017147";
"Шелепиха";"Большая кольцевая линия";"2025";"I квартал";"0";"0";"2764017155";
"Деловой центр";"Большая кольцевая линия";"2025";"I квартал";"316487";"317152";"2764017163";
"Лефортово";"Большая кольцевая линия";"2025";"I квартал";"979031";"981087";"2764017181";
"Электрозаводская";"Большая кольцевая линия";"2025";"I квартал";"1639322";"1642765";"2764017197";
"Мичуринский проспект";"Большая кольцевая линия";"2025";"I квартал";"974983";"977030";"2764017788";
"Варшавская";"Большая кольцевая линия";"2025";"I квартал";"2479877";"2485085";"2764017806";
"Каширская";"Большая кольцевая линия";"2025";"I квартал";"2646868";"2652426";"2764017817";
"Печатники";"Большая кольцевая линия";"2025";"I квартал";"748979";"750552";"2764017841";
"Текстильщики";"Большая кольцевая линия";"2025";"I квартал";"2953406";"2959608";"2764017847";
"Авиамоторная";"Калининская линия";"2025";"I квартал";"2318913";"2323783";"2764017853";
"Третьяковская";"Калининская линия";"2025";"I квартал";"2256393";"2261131";"2764017866";
"Третьяковская";"Калужско-Рижская линия";"2025";"I квартал";"0";"0";"2764017873";
"Петровско-Разумовская";"Серпуховско-Тимирязевская линия";"2025";"I квартал";"0";"0";"2764018597";
"Китай-город";"Таганско-Краснопресненская линия";"2025";"I квартал";"0";"0";"2764018607";
"Киевская";"Филёвская линия";"2025";"I квартал";"0";"0";"2764018615";
"Рижская";"Калужско-Рижская линия";"2025";"I квартал";"927785";"928991";"2764018626";
"Проспект Мира";"Калужско-Рижская линия";"2025";"I квартал";"1638225";"1640355";"2764018635";
"Киевская";"Кольцевая линия";"2025";"I квартал";"2486227";"2489459";"2764018642";
"Белорусская";"Кольцевая линия";"2025";"I квартал";"3188949";"3193095";"2764018650";
"Комсомольская";"Кольцевая линия";"2025";"I квартал";"6096674";"6104600";"2764018662";
"Таганская";"Кольцевая линия";"2025";"I квартал";"1848500";"1850903";"2764018670";
"Павелецкая";"Кольцевая линия";"2025";"I квартал";"3870770";"3875802";"2764018679";
"Октябрьская";"Кольцевая линия";"2025";"I квартал";"1814012";"1816370";"2764018698";
"Парк культуры";"Кольцевая линия";"2025";"I квартал";"2591821";"2595190";"2764018709";
"Тимирязевская";"Московская монорельсовая транспортная система";"2025";"I квартал";"54305";"54376";"2764018733";
"Окружная";"Московское центральное кольцо";"2025";"I квартал";"1115338";"1116788";"2764018741";
"Владыкино";"Московское центральное кольцо";"2025";"I квартал";"685827";"686719";"2764018750";
"Ботанический сад";"Московское центральное кольцо";"2025";"I квартал";"1023908";"1025239";"2764018767";
"Бульвар Рокоссовского";"Московское центральное кольцо";"2025";"I квартал";"692328";"693228";"2764018776";
"Шоссе Энтузиастов";"Московское центральное кольцо";"2025";"I квартал";"585046";"585807";"2764018786";
"Нижегородская";"Московское центральное кольцо";"2025";"I квартал";"1298712";"1300400";"2764018797";
"Дубровка";"Московское центральное кольцо";"2025";"I квартал";"573808";"574554";"2764018805";
"Автозаводская";"Московское центральное кольцо";"2025";"I квартал";"411417";"411952";"2764019128";
"Кутузовская";"Московское центральное кольцо";"2025";"I квартал";"1521490";"1523468";"2764019143";
"Москва-Сити";"Московское центральное кольцо";"2025";"I квартал";"1522956";"1524936";"2764019152";
"Сокольники";"Сокольническая линия";"2025";"I квартал";"1100780";"1102211";"2764019166";
"Проспект Вернадского";"Сокольническая линия";"2025";"I квартал";"1785406";"1787727";"2764019177";
"Кунцевская";"Филёвская линия";"2025";"I квартал";"480794";"481419";"2764019237";
"Новаторская";"Троицкая линия";"2025";"I квартал";"869793";"872402";"2764019253";
"Корниловская";"Троицкая линия";"2025";"I квартал";"329315";"330303";"2764019311";
"Коммунарка";"Троицкая линия";"2025";"I квартал";"304027";"304939";"2764019324";
"Новомосковская";"Троицкая линия";"2025";"I квартал";"73138";"73357";"2764019336";
"Пятницкое шоссе";"Арбатско-Покровская линия";"2025";"II квартал";"1592510";"1511903";"2792236287";
"Митино";"Арбатско-Покровская линия";"2025";"II квартал";"2094319";"2012063";"2792236288";
"Волоколамская";"Арбатско-Покровская линия";"2025";"II квартал";"1484785";"1439616";"2792236289";
"Мякинино";"Арбатско-Покровская линия";"2025";"II квартал";"1494314";"1422381";"2792236290";
"Строгино";"Арбатско-Покровская линия";"2025";"II квартал";"2469484";"2407200";"2792236291";
"Крылатское";"Арбатско-Покровская линия";"2025";"II квартал";"2614316";"2569706";"2792236292";
"Молодёжная";"Арбатско-Покровская линия";"2025";"II квартал";"3712430";"3655763";"2792236293";
"Славянский бульвар";"Арбатско-Покровская линия";"2025";"II квартал";"4523475";"4369819";"2792236294";
"Киевская";"Арбатско-Покровская линия";"2025";"II квартал";"3312097";"3070440";"2792236295";
"Площадь Революции";"Арбатско-Покровская линия";"2025";"II квартал";"3049487";"3044862";"2792236296";
"Бауманская";"Арбатско-Покровская линия";"2025";"II квартал";"4555960";"4761789";"2792236297";
"Электрозаводская";"Арбатско-Покровская линия";"2025";"II квартал";"2380911";"2573776";"2792236298";
"Семёновская";"Арбатско-Покровская линия";"2025";"II квартал";"2566218";"2641144";"2792236299";
"Партизанская";"Арбатско-Покровская линия";"2025";"II квартал";"1845887";"1730806";"2792236300";
"Измайловская";"Арбатско-Покровская линия";"2025";"II квартал";"1626456";"1638276";"2792236301";
"Первомайская";"Арбатско-Покровская линия";"2025";"II квартал";"2994916";"2962372";"2792236302";
"Щёлковская";"Арбатско-Покровская линия";"2025";"II квартал";"5864799";"5548133";"2792236303";
"ЦСКА";"Большая кольцевая линия";"2025";"II квартал";"3124490";"3211390";"2792236304";
"Хорошёвская";"Большая кольцевая линия";"2025";"II квартал";"1330975";"1364929";"2792236305";
"Народное Ополчение";"Большая кольцевая линия";"2025";"II квартал";"2172301";"2165444";"2792236306";
"Мнёвники";"Большая кольцевая линия";"2025";"II квартал";"478688";"428672";"2792236307";
"Авиамоторная";"Большая кольцевая линия";"2025";"II квартал";"1348446";"1497784";"2792236308";
"Терехово";"Большая кольцевая линия";"2025";"II квартал";"644684";"691254";"2792236309";
"Кунцевская";"Большая кольцевая линия";"2025";"II квартал";"1970213";"1959164";"2792236310";
"Давыдково";"Большая кольцевая линия";"2025";"II квартал";"1190071";"1202221";"2792236311";
"Аминьевская";"Большая кольцевая линия";"2025";"II квартал";"2575257";"2543275";"2792236312";
"Проспект Вернадского";"Большая кольцевая линия";"2025";"II квартал";"745231";"777878";"2792236313";
"Новаторская";"Большая кольцевая линия";"2025";"II квартал";"841945";"851567";"2792236315";
"Воронцовская";"Большая кольцевая линия";"2025";"II квартал";"1328639";"1391130";"2792236316";
"Зюзино";"Большая кольцевая линия";"2025";"II квартал";"2161944";"2187851";"2792236317";
"Каховская";"Большая кольцевая линия";"2025";"II квартал";"1481407";"1537829";"2792236318";
"Кленовый бульвар";"Большая кольцевая линия";"2025";"II квартал";"703368";"725734";"2792236319";
"Нагатинский Затон";"Большая кольцевая линия";"2025";"II квартал";"669714";"678193";"2792236320";
"Сокольники";"Большая кольцевая линия";"2025";"II квартал";"2038544";"2125513";"2792236321";
"Рижская";"Большая кольцевая линия";"2025";"II квартал";"776748";"808687";"2792236322";
"Марьина Роща";"Большая кольцевая линия";"2025";"II квартал";"807031";"826689";"2792236323";
"Битцевский парк";"Бутовская линия";"2025";"II квартал";"212473";"157190";"2792236324";
"Лесопарковая";"Бутовская линия";"2025";"II квартал";"767780";"731322";"2792236325";
"Улица Старокачаловская";"Бутовская линия";"2025";"II квартал";"0";"0";"2792236326";
"Улица Скобелевская";"Бутовская линия";"2025";"II квартал";"1609183";"1537255";"2792236327";
"Бульвар адмирала Ушакова";"Бутовская линия";"2025";"II квартал";"784424";"774030";"2792236328";
"Улица Горчакова";"Бутовская линия";"2025";"II квартал";"781690";"763273";"2792236329";
"Бунинская аллея";"Бутовская линия";"2025";"II квартал";"1626350";"1586474";"2792236330";
"Ховрино";"Замоскворецкая линия";"2025";"II квартал";"4232976";"3799896";"2792236331";
"Беломорская";"Замоскворецкая линия";"2025";"II квартал";"2393140";"2274337";"2792236332";
"Речной вокзал";"Замоскворецкая линия";"2025";"II квартал";"2271126";"2204306";"2792236333";
"Водный стадион";"Замоскворецкая линия";"2025";"II квартал";"3550486";"3562148";"2792236334";
"Войковская";"Замоскворецкая линия";"2025";"II квартал";"3969965";"3998935";"2792236335";
"Сокол";"Замоскворецкая линия";"2025";"II квартал";"3081166";"3118415";"2792236336";
"Аэропорт";"Замоскворецкая линия";"2025";"II квартал";"2957997";"3016401";"2792236337";
"Динамо";"Замоскворецкая линия";"2025";"II квартал";"2485461";"2524615";"2792236338";
"Белорусская";"Замоскворецкая линия";"2025";"II квартал";"2535316";"2494376";"2792236339";
"Маяковская";"Замоскворецкая линия";"2025";"II квартал";"3144039";"3259123";"2792236340";
"Тверская";"Замоскворецкая линия";"2025";"II квартал";"0";"0";"2792236341";
"Театральная";"Замоскворецкая линия";"2025";"II квартал";"0";"0";"2792236342";
"Новокузнецкая";"Замоскворецкая линия";"2025";"II квартал";"2670587";"2800784";"2792236343";
"Павелецкая";"Замоскворецкая линия";"2025";"II квартал";"2849953";"2343476";"2792236344";
"Автозаводская";"Замоскворецкая линия";"2025";"II квартал";"3327525";"3492233";"2792236345";
"Технопарк";"Замоскворецкая линия";"2025";"II квартал";"2126094";"2151080";"2792236346";
"Коломенская";"Замоскворецкая линия";"2025";"II квартал";"3479337";"3497292";"2792236347";
"Каширская";"Замоскворецкая линия";"2025";"II квартал";"0";"0";"2792236348";
"Кантемировская";"Замоскворецкая линия";"2025";"II квартал";"2735531";"2717846";"2792236349";
"Царицыно";"Замоскворецкая линия";"2025";"II квартал";"4504289";"4289930";"2792236350";
"Орехово";"Замоскворецкая линия";"2025";"II квартал";"1562151";"1530294";"2792236351";
"Домодедовская";"Замоскворецкая линия";"2025";"II квартал";"5439506";"5112925";"2792236352";
"Красногвардейская";"Замоскворецкая линия";"2025";"II квартал";"1515091";"1464836";"2792236353";
"Алма-Атинская";"Замоскворецкая линия";"2025";"II квартал";"1169780";"1136639";"2792236354";
"Новокосино";"Калининская линия";"2025";"II квартал";"4601375";"4466474";"2792236355";
"Новогиреево";"Калининская линия";"2025";"II квартал";"5363726";"5177626";"2792236356";
"Перово";"Калининская линия";"2025";"II квартал";"3144493";"3110270";"2792236357";
"Шоссе Энтузиастов";"Калининская линия";"2025";"II квартал";"1730618";"1839905";"2792236358";
"Площадь Ильича";"Калининская линия";"2025";"II квартал";"1713260";"1723837";"2792236359";
"Марксистская";"Калининская линия";"2025";"II квартал";"1893311";"1974934";"2792236360";
"Медведково";"Калужско-Рижская линия";"2025";"II квартал";"4657893";"4483515";"2792236361";
"Бабушкинская";"Калужско-Рижская линия";"2025";"II квартал";"4043463";"3987648";"2792236362";
"Свиблово";"Калужско-Рижская линия";"2025";"II квартал";"2028046";"2025662";"2792236363";
"Ботанический сад";"Калужско-Рижская линия";"2025";"II квартал";"2098403";"2285941";"2792236364";
"ВДНХ";"Калужско-Рижская линия";"2025";"II квартал";"6285624";"5905878";"2792236365";
"Алексеевская";"Калужско-Рижская линия";"2025";"II квартал";"2702127";"2755335";"2792236366";
"Сухаревская";"Калужско-Рижская линия";"2025";"II квартал";"1778365";"1871753";"2792236367";
"Тургеневская";"Калужско-Рижская линия";"2025";"II квартал";"1854525";"1962507";"2792236368";
"Китай-город";"Калужско-Рижская линия";"2025";"II квартал";"5410302";"5571086";"2792236369";
"Октябрьская";"Калужско-Рижская линия";"2025";"II квартал";"1069034";"1121262";"2792236370";
"Шаболовская";"Калужско-Рижская линия";"2025";"II квартал";"2104974";"2214090";"2792236371";
"Ленинский проспект";"Калужско-Рижская линия";"2025";"II квартал";"3079746";"3506511";"2792236372";
"Академическая";"Калужско-Рижская линия";"2025";"II квартал";"2854319";"2869770";"2792236373";
"Профсоюзная";"Калужско-Рижская линия";"2025";"II квартал";"2597220";"2658566";"2792236374";
"Новые Черёмушки";"Калужско-Рижская линия";"2025";"II квартал";"2810556";"2859148";"2792236375";
"Калужская";"Калужско-Рижская линия";"2025";"II квартал";"2051701";"2156365";"2792236376";
"Беляево";"Калужско-Рижская линия";"2025";"II квартал";"2861170";"2901763";"2792236377";
"Коньково";"Калужско-Рижская линия";"2025";"II квартал";"2329622";"2322962";"2792236378";
"Тёплый стан";"Калужско-Рижская линия";"2025";"II квартал";"4572237";"4498681";"2792236379";
"Ясенево";"Калужско-Рижская линия";"2025";"II квартал";"2637696";"2602432";"2792236380";
"Новоясеневская";"Калужско-Рижская линия";"2025";"II квартал";"566577";"548450";"2792236381";
"Краснопресненская";"Кольцевая линия";"2025";"II квартал";"1910839";"1919482";"2792236382";
"Новослободская";"Кольцевая линия";"2025";"II квартал";"2595522";"2759730";"2792236383";
"Проспект Мира";"Кольцевая линия";"2025";"II квартал";"1985340";"2050771";"2792236384";
"Курская";"Кольцевая линия";"2025";"II квартал";"4124384";"3844283";"2792236385";
"Добрынинская";"Кольцевая линия";"2025";"II квартал";"1652481";"1733434";"2792236386";
"Селигерская";"Люблинско-Дмитровская линия";"2025";"II квартал";"2431361";"2374227";"2792236387";
"Верхние Лихоборы";"Люблинско-Дмитровская линия";"2025";"II квартал";"1212600";"1199608";"2792236388";
"Окружная";"Люблинско-Дмитровская линия";"2025";"II квартал";"873222";"917271";"2792236389";
"Петровско-Разумовская";"Люблинско-Дмитровская линия";"2025";"II квартал";"1828634";"1750337";"2792236390";
"Фонвизинская";"Люблинско-Дмитровская линия";"2025";"II квартал";"1153470";"1146184";"2792236391";
"Бутырская";"Люблинско-Дмитровская линия";"2025";"II квартал";"1439778";"1477653";"2792236392";
"Достоевская";"Люблинско-Дмитровская линия";"2025";"II квартал";"1168721";"1214408";"2792236393";
"Трубная";"Люблинско-Дмитровская линия";"2025";"II квартал";"1612143";"1708543";"2792236394";
"Сретенский бульвар";"Люблинско-Дмитровская линия";"2025";"II квартал";"720018";"773639";"2792236395";
"Чкаловская";"Люблинско-Дмитровская линия";"2025";"II квартал";"1682261";"1736388";"2792236396";
"Римская";"Люблинско-Дмитровская линия";"2025";"II квартал";"1379602";"1404990";"2792236397";
"Крестьянская застава";"Люблинско-Дмитровская линия";"2025";"II квартал";"680095";"714239";"2792236398";
"Дубровка";"Люблинско-Дмитровская линия";"2025";"II квартал";"1342565";"1407214";"2792236399";
"Кожуховская";"Люблинско-Дмитровская линия";"2025";"II квартал";"1743787";"1809862";"2792236400";
"Печатники";"Люблинско-Дмитровская линия";"2025";"II квартал";"1163543";"1161303";"2792236401";
"Волжская";"Люблинско-Дмитровская линия";"2025";"II квартал";"1269900";"1283481";"2792236402";
"Люблино";"Люблинско-Дмитровская линия";"2025";"II квартал";"3734734";"3615957";"2792236403";
"Братиславская";"Люблинско-Дмитровская линия";"2025";"II квартал";"3162555";"3140036";"2792236404";
"Марьино";"Люблинско-Дмитровская линия";"2025";"II квартал";"2610965";"2575783";"2792236405";
"Борисово";"Люблинско-Дмитровская линия";"2025";"II квартал";"938898";"926193";"2792236406";
"Шипиловская";"Люблинско-Дмитровская линия";"2025";"II квартал";"1178018";"1174637";"2792236407";
"Зябликово";"Люблинско-Дмитровская линия";"2025";"II квартал";"925454";"893161";"2792236408";
"Лихоборы";"Московское центральное кольцо";"2025";"II квартал";"1178970";"1193259";"2792236409";
"Ростокино";"Московское центральное кольцо";"2025";"II квартал";"2823775";"2821371";"2792236410";
"Белокаменная";"Московское центральное кольцо";"2025";"II квартал";"178434";"185836";"2792236411";
"Локомотив";"Московское центральное кольцо";"2025";"II квартал";"1034531";"1057106";"2792236412";
"Измайлово";"Московское центральное кольцо";"2025";"II квартал";"879284";"931209";"2792236413";
"Соколиная Гора";"Московское центральное кольцо";"2025";"II квартал";"590033";"621411";"2792236414";
"Андроновка";"Московское центральное кольцо";"2025";"II квартал";"503924";"505496";"2792236415";
"Новохохловская";"Московское центральное кольцо";"2025";"II квартал";"414404";"424258";"2792236416";
"Угрешская";"Московское центральное кольцо";"2025";"II квартал";"464758";"489705";"2792236417";
"ЗИЛ";"Московское центральное кольцо";"2025";"II квартал";"976692";"1023297";"2792236418";
"Верхние Котлы";"Московское центральное кольцо";"2025";"II квартал";"1332466";"1374523";"2792236419";
"Крымская";"Московское центральное кольцо";"2025";"II квартал";"917159";"958932";"2792236420";
"Площадь Гагарина";"Московское центральное кольцо";"2025";"II квартал";"1154736";"1396704";"2792236421";
"Лужники";"Московское центральное кольцо";"2025";"II квартал";"1041294";"1186894";"2792236422";
"Шелепиха";"Московское центральное кольцо";"2025";"II квартал";"1216051";"1302373";"2792236423";
"Хорошёво";"Московское центральное кольцо";"2025";"II квартал";"675414";"718696";"2792236424";
"Зорге";"Московское центральное кольцо";"2025";"II квартал";"470273";"489830";"2792236425";
"Панфиловская";"Московское центральное кольцо";"2025";"II квартал";"586272";"618684";"2792236426";
"Стрешнево";"Московское центральное кольцо";"2025";"II квартал";"1392584";"1419695";"2792236427";
"Балтийская";"Московское центральное кольцо";"2025";"II квартал";"975254";"1053168";"2792236428";
"Коптево";"Московское центральное кольцо";"2025";"II квартал";"1423286";"1478671";"2792236429";
"Нижегородская";"Некрасовская линия";"2025";"II квартал";"3443837";"3803111";"2792236430";
"Стахановская";"Некрасовская линия";"2025";"II квартал";"756702";"780996";"2792236431";
"Окская";"Некрасовская линия";"2025";"II квартал";"933064";"955959";"2792236432";
"Юго-Восточная";"Некрасовская линия";"2025";"II квартал";"1258781";"1274347";"2792236433";
"Косино";"Некрасовская линия";"2025";"II квартал";"436128";"422729";"2792236434";
"Улица Дмитриевского";"Некрасовская линия";"2025";"II квартал";"855022";"855398";"2792236435";
"Лухмановская";"Некрасовская линия";"2025";"II квартал";"1659109";"1628849";"2792236436";
"Некрасовка";"Некрасовская линия";"2025";"II квартал";"4965044";"4879928";"2792236437";
"Алтуфьево";"Серпуховско-Тимирязевская линия";"2025";"II квартал";"3079292";"3011250";"2792236438";
"Бибирево";"Серпуховско-Тимирязевская линия";"2025";"II квартал";"2392624";"2383815";"2792236439";
"Отрадное";"Серпуховско-Тимирязевская линия";"2025";"II квартал";"4058828";"4077636";"2792236440";
"Владыкино";"Серпуховско-Тимирязевская линия";"2025";"II квартал";"1420067";"1608544";"2792236441";
"Тимирязевская";"Серпуховско-Тимирязевская линия";"2025";"II квартал";"2070839";"2053398";"2792236442";
"Дмитровская";"Серпуховско-Тимирязевская линия";"2025";"II квартал";"2691342";"2758546";"2792236443";
"Савёловская";"Серпуховско-Тимирязевская линия";"2025";"II квартал";"2542929";"2493719";"2792236444";
"Менделеевская";"Серпуховско-Тимирязевская линия";"2025";"II квартал";"2034462";"2153827";"2792236445";
"Цветной бульвар";"Серпуховско-Тимирязевская линия";"2025";"II квартал";"2021396";"2119717";"2792236446";
"Чеховская";"Серпуховско-Тимирязевская линия";"2025";"II квартал";"1875305";"1998356";"2792236447";
"Боровицкая";"Серпуховско-Тимирязевская линия";"2025";"II квартал";"618096";"650887";"2792236448";
"Полянка";"Серпуховско-Тимирязевская линия";"2025";"II квартал";"1496302";"1577944";"2792236449";
"Серпуховская";"Серпуховско-Тимирязевская линия";"2025";"II квартал";"1914580";"2027366";"2792236450";
"Тульская";"Серпуховско-Тимирязевская линия";"2025";"II квартал";"2916379";"3012876";"2792236451";
"Нагатинская";"Серпуховско-Тимирязевская линия";"2025";"II квартал";"3118505";"3177084";"2792236452";
"Нагорная";"Серпуховско-Тимирязевская линия";"2025";"II квартал";"1513549";"1540936";"2792236453";
"Нахимовский проспект";"Серпуховско-Тимирязевская линия";"2025";"II квартал";"1607992";"1627521";"2792236454";
"Севастопольская";"Серпуховско-Тимирязевская линия";"2025";"II квартал";"647300";"669607";"2792236455";
"Чертановская";"Серпуховско-Тимирязевская линия";"2025";"II квартал";"2742384";"2732928";"2792236456";
"Южная";"Серпуховско-Тимирязевская линия";"2025";"II квартал";"1931080";"1915180";"2792236457";
"Пражская";"Серпуховско-Тимирязевская линия";"2025";"II квартал";"3981265";"3973088";"2792236458";
"Улица академика Янгеля";"Серпуховско-Тимирязевская линия";"2025";"II квартал";"2360585";"2306009";"2792236459";
"Аннино";"Серпуховско-Тимирязевская линия";"2025";"II квартал";"2102073";"1949162";"2792236460";
"Бульвар Дмитрия Донского";"Серпуховско-Тимирязевская линия";"2025";"II квартал";"4769394";"4576655";"2792236461";
"Бульвар Рокоссовского";"Сокольническая линия";"2025";"II квартал";"2337797";"2321843";"2792236462";
"Черкизовская";"Сокольническая линия";"2025";"II квартал";"1804481";"1589319";"2792236463";
"Преображенская площадь";"Сокольническая линия";"2025";"II квартал";"3628039";"3669247";"2792236464";
"Красносельская";"Сокольническая линия";"2025";"II квартал";"1533880";"1571569";"2792236465";
"Комсомольская";"Сокольническая линия";"2025";"II квартал";"2214747";"1812540";"2792236466";
"Красные ворота";"Сокольническая линия";"2025";"II квартал";"2013150";"2073914";"2792236467";
"Чистые пруды";"Сокольническая линия";"2025";"II квартал";"1739889";"1813806";"2792236468";
"Лубянка";"Сокольническая линия";"2025";"II квартал";"2332704";"2389516";"2792236469";
"Охотный ряд";"Сокольническая линия";"2025";"II квартал";"4585770";"4531462";"2792236470";
"Библиотека имени Ленина";"Сокольническая линия";"2025";"II квартал";"0";"0";"2792236471";
"Кропоткинская";"Сокольническая линия";"2025";"II квартал";"2183958";"2271462";"2792236472";
"Парк культуры";"Сокольническая линия";"2025";"II квартал";"764394";"802759";"2792236473";
"Фрунзенская";"Сокольническая линия";"2025";"II квартал";"2558238";"2695311";"2792236474";
"Спортивная";"Сокольническая линия";"2025";"II квартал";"2134498";"2327494";"2792236475";
"Воробьёвы горы";"Сокольническая линия";"2025";"II квартал";"1499352";"1454211";"2792236476";
"Университет";"Сокольническая линия";"2025";"II квартал";"2921227";"2960199";"2792236477";
"Юго-Западная";"Сокольническая линия";"2025";"II квартал";"4515497";"4587877";"2792236478";
"Тропарёво";"Сокольническая линия";"2025";"II квартал";"1500212";"1480845";"2792236479";
"Румянцево";"Сокольническая линия";"2025";"II квартал";"1065061";"1068962";"2792236480";
"Саларьево";"Сокольническая линия";"2025";"II квартал";"3453018";"3222909";"2792236481";
"Филатов луг";"Сокольническая линия";"2025";"II квартал";"2107189";"2055220";"2792236482";
"Прокшино";"Сокольническая линия";"2025";"II квартал";"836470";"818969";"2792236483";
"Ольховая";"Сокольническая линия";"2025";"II квартал";"817534";"774523";"2792236484";
"Новомосковская";"Сокольническая линия";"2025";"II квартал";"1065488";"1048190";"2792236485";
"Деловой центр";"Солнцевская линия";"2025";"II квартал";"1836589";"1861724";"2792236486";
"Парк Победы";"Солнцевская линия";"2025";"II квартал";"441308";"444027";"2792236487";
"Минская";"Солнцевская линия";"2025";"II квартал";"602063";"606717";"2792236488";
"Ломоносовский проспект";"Солнцевская линия";"2025";"II квартал";"1303609";"1304267";"2792236489";
"Раменки";"Солнцевская линия";"2025";"II квартал";"1737158";"1719720";"2792236490";
"Мичуринский проспект";"Солнцевская линия";"2025";"II квартал";"208767";"213598";"2792236491";
"Озёрная";"Солнцевская линия";"2025";"II квартал";"1573712";"1552997";"2792236492";
"Говорово";"Солнцевская линия";"2025";"II квартал";"1167445";"1125238";"2792236493";
"Солнцево";"Солнцевская линия";"2025";"II квартал";"1811151";"1748882";"2792236494";
"Боровское шоссе";"Солнцевская линия";"2025";"II квартал";"475717";"447126";"2792236495";
"Новопеределкино";"Солнцевская линия";"2025";"II квартал";"1438483";"1369491";"2792236496";
"Рассказовка";"Солнцевская линия";"2025";"II квартал";"1648318";"1576090";"2792236497";
"Планерная";"Таганско-Краснопресненская линия";"2025";"II квартал";"3601171";"3473331";"2792236498";
"Сходненская";"Таганско-Краснопресненская линия";"2025";"II квартал";"3962312";"3888257";"2792236499";
"Тушинская";"Таганско-Краснопресненская линия";"2025";"II квартал";"3809633";"3654903";"2792236500";
"Спартак";"Таганско-Краснопресненская линия";"2025";"II квартал";"951771";"928004";"2792236501";
"Щукинская";"Таганско-Краснопресненская линия";"2025";"II квартал";"3604667";"3591507";"2792236502";
"Октябрьское поле";"Таганско-Краснопресненская линия";"2025";"II квартал";"3330890";"3383702";"2792236503";
"Полежаевская";"Таганско-Краснопресненская линия";"2025";"II квартал";"2447167";"2502905";"2792236504";
"Беговая";"Таганско-Краснопресненская линия";"2025";"II квартал";"2706318";"2733490";"2792236505";
"Улица 1905 года";"Таганско-Краснопресненская линия";"2025";"II квартал";"3798957";"3955692";"2792236506";
"Баррикадная";"Таганско-Краснопресненская линия";"2025";"II квартал";"2179545";"2230009";"2792236507";
"Пушкинская";"Таганско-Краснопресненская линия";"2025";"II квартал";"3760551";"3933308";"2792236508";
"Кузнецкий мост";"Таганско-Краснопресненская линия";"2025";"II квартал";"1951742";"2076793";"2792236509";
"Таганская";"Таганско-Краснопресненская линия";"2025";"II квартал";"1208271";"1244345";"2792236510";
"Пролетарская";"Таганско-Краснопресненская линия";"2025";"II квартал";"2735821";"2777676";"2792236511";
"Волгоградский проспект";"Таганско-Краснопресненская линия";"2025";"II квартал";"1807153";"1840531";"2792236512";
"Текстильщики";"Таганско-Краснопресненская линия";"2025";"II квартал";"3723714";"4033249";"2792236513";
"Кузьминки";"Таганско-Краснопресненская линия";"2025";"II квартал";"4691595";"4692714";"2792236514";
"Рязанский проспект";"Таганско-Краснопресненская линия";"2025";"II квартал";"2271761";"2288886";"2792236515";
"Выхино";"Таганско-Краснопресненская линия";"2025";"II квартал";"5329964";"5126020";"2792236516";
"Лермонтовский проспект";"Таганско-Краснопресненская линия";"2025";"II квартал";"1456426";"1401403";"2792236517";
"Жулебино";"Таганско-Краснопресненская линия";"2025";"II квартал";"2176449";"2126662";"2792236518";
"Котельники";"Таганско-Краснопресненская линия";"2025";"II квартал";"5210564";"4742299";"2792236519";
"Пионерская";"Филёвская линия";"2025";"II квартал";"494228";"475114";"2792236520";
"Филёвский парк";"Филёвская линия";"2025";"II квартал";"822529";"796062";"2792236521";
"Багратионовская";"Филёвская линия";"2025";"II квартал";"1410599";"1411188";"2792236522";
"Фили";"Филёвская линия";"2025";"II квартал";"1556931";"1554102";"2792236523";
"Кутузовская";"Филёвская линия";"2025";"II квартал";"802345";"864423";"2792236524";
"Студенческая";"Филёвская линия";"2025";"II квартал";"546813";"548208";"2792236525";
"Смоленская";"Филёвская линия";"2025";"II квартал";"761637";"778385";"2792236526";
"Арбатская";"Филёвская линия";"2025";"II квартал";"542107";"521809";"2792236527";
"Александровский сад";"Филёвская линия";"2025";"II квартал";"1774088";"1796391";"2792236528";
"Петровский парк";"Большая кольцевая линия";"2025";"II квартал";"1691951";"1757615";"2792236538";
"Лефортово";"Большая кольцевая линия";"2025";"II квартал";"1161591";"1192657";"2792236541";
"Варшавская";"Большая кольцевая линия";"2025";"II квартал";"2959693";"2914559";"2792236544";
"Пыхтино";"Солнцевская линия";"2025";"II квартал";"883212";"828438";"2792236577";
"Аэропорт Внуково";"Солнцевская линия";"2025";"II квартал";"933629";"632937";"2792236578";
"Яхромская";"Люблинско-Дмитровская линия";"2025";"II квартал";"1735661";"1693059";"2792236579";
"Лианозово";"Люблинско-Дмитровская линия";"2025";"II квартал";"1454454";"1399503";"2792236580";
"Физтех";"Люблинско-Дмитровская линия";"2025";"II квартал";"1146345";"1090861";"2792236581";
"Потапово";"Сокольническая линия";"2025";"II квартал";"1526405";"1545331";"2792236582";
"Университет Дружбы Народов";"Троицкая линия";"2025";"II квартал";"955192";"944612";"2792236584";
"Генерала Тюленева";"Троицкая линия";"2025";"II квартал";"484430";"485297";"2792236585";
"Тютчевская";"Троицкая линия";"2025";"II квартал";"306011";"309805";"2792236586";
"Корниловская";"Троицкая линия";"2025";"II квартал";"585619";"588494";"2792236587";
"Коммунарка";"Троицкая линия";"2025";"II квартал";"438407";"443841";"2792236588";
"Москва-Сити";"Филёвская линия";"2025";"II квартал";"722639";"738168";"2792236679";
"Деловой центр";"Филёвская линия";"2025";"II квартал";"1460017";"1459593";"2792236684";
"Кунцевская";"Арбатско-Покровская линия";"2025";"II квартал";"923220";"929209";"2792236689";
"Парк Победы";"Арбатско-Покровская линия";"2025";"II квартал";"1305799";"1250521";"2792236694";
"Смоленская";"Арбатско-Покровская линия";"2025";"II квартал";"2586327";"2681935";"2792236699";
"Арбатская";"Арбатско-Покровская линия";"2025";"II квартал";"2462637";"2585369";"2792236700";
"Курская";"Арбатско-Покровская линия";"2025";"II квартал";"1510073";"1547953";"2792236706";
"Савёловская";"Большая кольцевая линия";"2025";"II квартал";"1844523";"1877379";"2792236723";
"Шелепиха";"Большая кольцевая линия";"2025";"II квартал";"0";"0";"2792236744";
"Деловой центр";"Большая кольцевая линия";"2025";"II квартал";"437496";"439880";"2792236752";
"Электрозаводская";"Большая кольцевая линия";"2025";"II квартал";"1821730";"2103593";"2792236755";
"Мичуринский проспект";"Большая кольцевая линия";"2025";"II квартал";"1130431";"1149633";"2792236761";
"Каширская";"Большая кольцевая линия";"2025";"II квартал";"3165549";"3204778";"2792236765";
"Печатники";"Большая кольцевая линия";"2025";"II квартал";"871465";"883764";"2792236767";
"Текстильщики";"Большая кольцевая линия";"2025";"II квартал";"1186676";"1466362";"2792236778";
"Авиамоторная";"Калининская линия";"2025";"II квартал";"2533809";"2656762";"2792236781";
"Третьяковская";"Калининская линия";"2025";"II квартал";"2620732";"2758403";"2792236788";
"Третьяковская";"Калужско-Рижская линия";"2025";"II квартал";"0";"0";"2792236791";
"Петровско-Разумовская";"Серпуховско-Тимирязевская линия";"2025";"II квартал";"0";"0";"2792236795";
"Китай-город";"Таганско-Краснопресненская линия";"2025";"II квартал";"0";"0";"2792236846";
"Киевская";"Филёвская линия";"2025";"II квартал";"0";"0";"2792236856";
"Рижская";"Калужско-Рижская линия";"2025";"II квартал";"1025710";"1042497";"2792236878";
"Проспект Мира";"Калужско-Рижская линия";"2025";"II квартал";"1853585";"1922066";"2792236887";
"Киевская";"Кольцевая линия";"2025";"II квартал";"3105976";"3050718";"2792236896";
"Белорусская";"Кольцевая линия";"2025";"II квартал";"4102088";"3867008";"2792236905";
"Комсомольская";"Кольцевая линия";"2025";"II квартал";"8138295";"6615037";"2792236915";
"Таганская";"Кольцевая линия";"2025";"II квартал";"2219794";"2306339";"2792236925";
"Павелецкая";"Кольцевая линия";"2025";"II квартал";"4607089";"4733441";"2792236938";
"Октябрьская";"Кольцевая линия";"2025";"II квартал";"2296234";"2397769";"2792236947";
"Парк культуры";"Кольцевая линия";"2025";"II квартал";"3057577";"3188687";"2792236953";
"Марьина Роща";"Люблинско-Дмитровская линия";"2025";"II квартал";"2040562";"2098498";"2792236991";
"Окружная";"Московское центральное кольцо";"2025";"II квартал";"1067645";"1085908";"2792236999";
"Владыкино";"Московское центральное кольцо";"2025";"II квартал";"621263";"793036";"2792237006";
"Ботанический сад";"Московское центральное кольцо";"2025";"II квартал";"1121340";"1342359";"2792237020";
"Бульвар Рокоссовского";"Московское центральное кольцо";"2025";"II квартал";"786447";"813699";"2792237027";
"Шоссе Энтузиастов";"Московское центральное кольцо";"2025";"II квартал";"601998";"671560";"2792237037";
"Нижегородская";"Московское центральное кольцо";"2025";"II квартал";"1322725";"1437161";"2792237043";
"Дубровка";"Московское центральное кольцо";"2025";"II квартал";"675677";"715179";"2792237047";
"Автозаводская";"Московское центральное кольцо";"2025";"II квартал";"473477";"522014";"2792237071";
"Кутузовская";"Московское центральное кольцо";"2025";"II квартал";"1670225";"1779173";"2792237095";
"Москва-Сити";"Московское центральное кольцо";"2025";"II квартал";"1849116";"1993580";"2792237100";
"Сокольники";"Сокольническая линия";"2025";"II квартал";"1303025";"1310025";"2792237105";
"Проспект Вернадского";"Сокольническая линия";"2025";"II квартал";"1874617";"1902269";"2792237108";
"Кунцевская";"Филёвская линия";"2025";"II квартал";"552149";"537500";"2792237121";
"Новаторская";"Троицкая линия";"2025";"II квартал";"1118224";"1132090";"2792237124";
"Новомосковская";"Троицкая линия";"2025";"II квартал";"118144";"119042";"2792237127";
"Пятницкое шоссе";"Арбатско-Покровская линия";"2025";"III квартал";"1589698";"1509233";"2822436191";
"Митино";"Арбатско-Покровская линия";"2025";"III квартал";"2045650";"1965306";"2822436192";
"Волоколамская";"Арбатско-Покровская линия";"2025";"III квартал";"1078685";"1045870";"2822436193";
"Мякинино";"Арбатско-Покровская линия";"2025";"III квартал";"1410579";"1342677";"2822436194";
"Строгино";"Арбатско-Покровская линия";"2025";"III квартал";"2398974";"2338468";"2822436195";
"Крылатское";"Арбатско-Покровская линия";"2025";"III квартал";"2567611";"2523798";"2822436196";
"Молодёжная";"Арбатско-Покровская линия";"2025";"III квартал";"3607356";"3552293";"2822436197";
"Славянский бульвар";"Арбатско-Покровская линия";"2025";"III квартал";"3478909";"3360735";"2822436198";
"Киевская";"Арбатско-Покровская линия";"2025";"III квартал";"3387563";"3140400";"2822436199";
"Площадь Революции";"Арбатско-Покровская линия";"2025";"III квартал";"3096379";"3091683";"2822436200";
"Бауманская";"Арбатско-Покровская линия";"2025";"III квартал";"4295861";"4489939";"2822436201";
"Электрозаводская";"Арбатско-Покровская линия";"2025";"III квартал";"1773743";"1917425";"2822436202";
"Семёновская";"Арбатско-Покровская линия";"2025";"III квартал";"2402295";"2472435";"2822436203";
"Партизанская";"Арбатско-Покровская линия";"2025";"III квартал";"1887755";"1770064";"2822436204";
"Измайловская";"Арбатско-Покровская линия";"2025";"III квартал";"1560852";"1572195";"2822436205";
"Первомайская";"Арбатско-Покровская линия";"2025";"III квартал";"2851668";"2820681";"2822436206";
"Щёлковская";"Арбатско-Покровская линия";"2025";"III квартал";"6161451";"5828767";"2822436207";
"ЦСКА";"Большая кольцевая линия";"2025";"III квартал";"3203137";"3292224";"2822436208";
"Хорошёвская";"Большая кольцевая линия";"2025";"III квартал";"1330129";"1364061";"2822436209";
"Народное Ополчение";"Большая кольцевая линия";"2025";"III квартал";"2199007";"2192066";"2822436210";
"Мнёвники";"Большая кольцевая линия";"2025";"III квартал";"660513";"591499";"2822436211";
"Авиамоторная";"Большая кольцевая линия";"2025";"III квартал";"1299407";"1443314";"2822436212";
"Терехово";"Большая кольцевая линия";"2025";"III квартал";"564280";"605042";"2822436213";
"Кунцевская";"Большая кольцевая линия";"2025";"III квартал";"1665207";"1655868";"2822436214";
"Давыдково";"Большая кольцевая линия";"2025";"III квартал";"1182344";"1194415";"2822436215";
"Аминьевская";"Большая кольцевая линия";"2025";"III квартал";"2458363";"2427833";"2822436216";
"Проспект Вернадского";"Большая кольцевая линия";"2025";"III квартал";"903621";"943207";"2822436217";
"Новаторская";"Большая кольцевая линия";"2025";"III квартал";"824807";"834233";"2822436218";
"Воронцовская";"Большая кольцевая линия";"2025";"III квартал";"1325756";"1388111";"2822436219";
"Зюзино";"Большая кольцевая линия";"2025";"III квартал";"2129130";"2154644";"2822436220";
"Каховская";"Большая кольцевая линия";"2025";"III квартал";"1659514";"1722720";"2822436221";
"Кленовый бульвар";"Большая кольцевая линия";"2025";"III квартал";"794881";"820157";"2822436222";
"Нагатинский Затон";"Большая кольцевая линия";"2025";"III квартал";"691151";"699901";"2822436223";
"Сокольники";"Большая кольцевая линия";"2025";"III квартал";"1887718";"1968252";"2822436224";
"Рижская";"Большая кольцевая линия";"2025";"III квартал";"744058";"774653";"2822436225";
"Марьина Роща";"Большая кольцевая линия";"2025";"III квартал";"790372";"809624";"2822436226";
"Битцевский парк";"Бутовская линия";"2025";"III квартал";"396014";"292976";"2822436228";
"Лесопарковая";"Бутовская линия";"2025";"III квартал";"756842";"720903";"2822436230";
"Улица Старокачаловская";"Бутовская линия";"2025";"III квартал";"0";"0";"2822436232";
"Улица Скобелевская";"Бутовская линия";"2025";"III квартал";"1568210";"1498113";"2822436233";
"Бульвар адмирала Ушакова";"Бутовская линия";"2025";"III квартал";"601055";"593091";"2822436235";
"Улица Горчакова";"Бутовская линия";"2025";"III квартал";"762416";"744453";"2822436236";
"Бунинская аллея";"Бутовская линия";"2025";"III квартал";"1606192";"1566810";"2822436237";
"Ховрино";"Замоскворецкая линия";"2025";"III квартал";"3842192";"3449094";"2822436238";
"Беломорская";"Замоскворецкая линия";"2025";"III квартал";"2384529";"2266153";"2822436239";
"Речной вокзал";"Замоскворецкая линия";"2025";"III квартал";"2291803";"2224375";"2822436240";
"Водный стадион";"Замоскворецкая линия";"2025";"III квартал";"3468561";"3479954";"2822436241";
"Войковская";"Замоскворецкая линия";"2025";"III квартал";"3677750";"3704588";"2822436242";
"Сокол";"Замоскворецкая линия";"2025";"III квартал";"2958840";"2994610";"2822436243";
"Аэропорт";"Замоскворецкая линия";"2025";"III квартал";"2804771";"2860150";"2822436244";
"Динамо";"Замоскворецкая линия";"2025";"III квартал";"2424804";"2463002";"2822436245";
"Белорусская";"Замоскворецкая линия";"2025";"III квартал";"2283377";"2246505";"2822436246";
"Маяковская";"Замоскворецкая линия";"2025";"III квартал";"3042066";"3153417";"2822436247";
"Тверская";"Замоскворецкая линия";"2025";"III квартал";"0";"0";"2822436248";
"Театральная";"Замоскворецкая линия";"2025";"III квартал";"0";"0";"2822436250";
"Новокузнецкая";"Замоскворецкая линия";"2025";"III квартал";"2594806";"2721309";"2822436251";
"Павелецкая";"Замоскворецкая линия";"2025";"III квартал";"3051273";"2509019";"2822436252";
"Автозаводская";"Замоскворецкая линия";"2025";"III квартал";"3242555";"3403057";"2822436253";
"Технопарк";"Замоскворецкая линия";"2025";"III квартал";"2320384";"2347653";"2822436254";
"Коломенская";"Замоскворецкая линия";"2025";"III квартал";"3479440";"3497396";"2822436255";
"Каширская";"Замоскворецкая линия";"2025";"III квартал";"0";"0";"2822436256";
"Кантемировская";"Замоскворецкая линия";"2025";"III квартал";"2673506";"2656222";"2822436257";
"Царицыно";"Замоскворецкая линия";"2025";"III квартал";"4149468";"3951995";"2822436258";
"Орехово";"Замоскворецкая линия";"2025";"III квартал";"1516656";"1485727";"2822436259";
"Домодедовская";"Замоскворецкая линия";"2025";"III квартал";"5476335";"5147543";"2822436260";
"Красногвардейская";"Замоскворецкая линия";"2025";"III квартал";"1671613";"1616166";"2822436261";
"Алма-Атинская";"Замоскворецкая линия";"2025";"III квартал";"1125947";"1094048";"2822436263";
"Новокосино";"Калининская линия";"2025";"III квартал";"4460918";"4330135";"2822436264";
"Новогиреево";"Калининская линия";"2025";"III квартал";"5191956";"5011816";"2822436265";
"Перово";"Калининская линия";"2025";"III квартал";"3040070";"3006983";"2822436266";
"Шоссе Энтузиастов";"Калининская линия";"2025";"III квартал";"1672622";"1778247";"2822436267";
"Площадь Ильича";"Калининская линия";"2025";"III квартал";"1503300";"1512581";"2822436268";
"Марксистская";"Калининская линия";"2025";"III квартал";"1834263";"1913340";"2822436269";
"Медведково";"Калужско-Рижская линия";"2025";"III квартал";"4601428";"4429164";"2822436270";
"Бабушкинская";"Калужско-Рижская линия";"2025";"III квартал";"3941640";"3887231";"2822436271";
"Свиблово";"Калужско-Рижская линия";"2025";"III квартал";"1949623";"1947331";"2822436272";
"Ботанический сад";"Калужско-Рижская линия";"2025";"III квартал";"2080981";"2266962";"2822436273";
"ВДНХ";"Калужско-Рижская линия";"2025";"III квартал";"6932192";"6513384";"2822436274";
"Алексеевская";"Калужско-Рижская линия";"2025";"III квартал";"2626181";"2677894";"2822436275";
"Сухаревская";"Калужско-Рижская линия";"2025";"III квартал";"1729644";"1820473";"2822436276";
"Тургеневская";"Калужско-Рижская линия";"2025";"III квартал";"1916504";"2028095";"2822436277";
"Китай-город";"Калужско-Рижская линия";"2025";"III квартал";"5773471";"5945048";"2822436278";
"Октябрьская";"Калужско-Рижская линия";"2025";"III квартал";"1090174";"1143435";"2822436279";
"Шаболовская";"Калужско-Рижская линия";"2025";"III квартал";"1975346";"2077742";"2822436280";
"Ленинский проспект";"Калужско-Рижская линия";"2025";"III квартал";"2851266";"3246370";"2822436281";
"Академическая";"Калужско-Рижская линия";"2025";"III квартал";"2632539";"2646789";"2822436283";
"Профсоюзная";"Калужско-Рижская линия";"2025";"III квартал";"2464592";"2522805";"2822436285";
"Новые Черёмушки";"Калужско-Рижская линия";"2025";"III квартал";"2699879";"2746557";"2822436286";
"Калужская";"Калужско-Рижская линия";"2025";"III квартал";"1963369";"2063527";"2822436287";
"Беляево";"Калужско-Рижская линия";"2025";"III квартал";"2676978";"2714958";"2822436288";
"Коньково";"Калужско-Рижская линия";"2025";"III квартал";"2135095";"2128991";"2822436289";
"Тёплый стан";"Калужско-Рижская линия";"2025";"III квартал";"4509953";"4437399";"2822436290";
"Ясенево";"Калужско-Рижская линия";"2025";"III квартал";"2492073";"2458756";"2822436291";
"Новоясеневская";"Калужско-Рижская линия";"2025";"III квартал";"540664";"523366";"2822436292";
"Краснопресненская";"Кольцевая линия";"2025";"III квартал";"2010177";"2019269";"2822436293";
"Новослободская";"Кольцевая линия";"2025";"III квартал";"2425911";"2579388";"2822436294";
"Проспект Мира";"Кольцевая линия";"2025";"III квартал";"1941195";"2005171";"2822436295";
"Курская";"Кольцевая линия";"2025";"III квартал";"3403625";"3172473";"2822436296";
"Добрынинская";"Кольцевая линия";"2025";"III квартал";"1762121";"1848445";"2822436297";
"Селигерская";"Люблинско-Дмитровская линия";"2025";"III квартал";"2358819";"2303390";"2822436298";
"Верхние Лихоборы";"Люблинско-Дмитровская линия";"2025";"III квартал";"1194284";"1181488";"2822436299";
"Окружная";"Люблинско-Дмитровская линия";"2025";"III квартал";"756613";"794780";"2822436300";
"Петровско-Разумовская";"Люблинско-Дмитровская линия";"2025";"III квартал";"1543528";"1477438";"2822436302";
"Фонвизинская";"Люблинско-Дмитровская линия";"2025";"III квартал";"1126894";"1119776";"2822436303";
"Бутырская";"Люблинско-Дмитровская линия";"2025";"III квартал";"1420989";"1458370";"2822436304";
"Достоевская";"Люблинско-Дмитровская линия";"2025";"III квартал";"1056448";"1097746";"2822436305";
"Трубная";"Люблинско-Дмитровская линия";"2025";"III квартал";"1583589";"1678282";"2822436306";
"Сретенский бульвар";"Люблинско-Дмитровская линия";"2025";"III квартал";"724893";"778877";"2822436307";
"Чкаловская";"Люблинско-Дмитровская линия";"2025";"III квартал";"1637607";"1690297";"2822436308";
"Римская";"Люблинско-Дмитровская линия";"2025";"III квартал";"1331095";"1355590";"2822436309";
"Крестьянская застава";"Люблинско-Дмитровская линия";"2025";"III квартал";"661633";"694850";"2822436310";
"Дубровка";"Люблинско-Дмитровская линия";"2025";"III квартал";"1290496";"1352638";"2822436311";
"Кожуховская";"Люблинско-Дмитровская линия";"2025";"III квартал";"1795367";"1863396";"2822436312";
"Печатники";"Люблинско-Дмитровская линия";"2025";"III квартал";"1066384";"1064331";"2822436313";
"Волжская";"Люблинско-Дмитровская линия";"2025";"III квартал";"1263227";"1276737";"2822436314";
"Люблино";"Люблинско-Дмитровская линия";"2025";"III квартал";"3683510";"3566362";"2822436315";
"Братиславская";"Люблинско-Дмитровская линия";"2025";"III квартал";"3144803";"3122410";"2822436316";
"Марьино";"Люблинско-Дмитровская линия";"2025";"III квартал";"2553451";"2519044";"2822436317";
"Борисово";"Люблинско-Дмитровская линия";"2025";"III квартал";"886711";"874712";"2822436318";
"Шипиловская";"Люблинско-Дмитровская линия";"2025";"III квартал";"1125142";"1121913";"2822436319";
"Зябликово";"Люблинско-Дмитровская линия";"2025";"III квартал";"898070";"866733";"2822436320";
"Лихоборы";"Московское центральное кольцо";"2025";"III квартал";"893490";"904319";"2822436321";
"Ростокино";"Московское центральное кольцо";"2025";"III квартал";"2866389";"2863949";"2822436322";
"Белокаменная";"Московское центральное кольцо";"2025";"III квартал";"443860";"462273";"2822436323";
"Локомотив";"Московское центральное кольцо";"2025";"III квартал";"993047";"1014717";"2822436325";
"Измайлово";"Московское центральное кольцо";"2025";"III квартал";"879157";"931075";"2822436326";
"Соколиная Гора";"Московское центральное кольцо";"2025";"III квартал";"587724";"618979";"2822436328";
"Андроновка";"Московское центральное кольцо";"2025";"III квартал";"442679";"444060";"2822436330";
"Новохохловская";"Московское центральное кольцо";"2025";"III квартал";"399061";"408550";"2822436331";
"Угрешская";"Московское центральное кольцо";"2025";"III квартал";"455365";"479808";"2822436332";
"ЗИЛ";"Московское центральное кольцо";"2025";"III квартал";"947640";"992859";"2822436333";
"Верхние Котлы";"Московское центральное кольцо";"2025";"III квартал";"1317715";"1359306";"2822436334";
"Крымская";"Московское центральное кольцо";"2025";"III квартал";"903523";"944675";"2822436335";
"Площадь Гагарина";"Московское центральное кольцо";"2025";"III квартал";"1069153";"1293188";"2822436336";
"Лужники";"Московское центральное кольцо";"2025";"III квартал";"1127419";"1285062";"2822436337";
"Шелепиха";"Московское центральное кольцо";"2025";"III квартал";"1292246";"1383977";"2822436338";
"Хорошёво";"Московское центральное кольцо";"2025";"III квартал";"681852";"725547";"2822436340";
"Зорге";"Московское центральное кольцо";"2025";"III квартал";"473091";"492765";"2822436341";
"Панфиловская";"Московское центральное кольцо";"2025";"III квартал";"568467";"599895";"2822436342";
"Стрешнево";"Московское центральное кольцо";"2025";"III квартал";"1073067";"1093958";"2822436343";
"Балтийская";"Московское центральное кольцо";"2025";"III квартал";"892633";"963946";"2822436344";
"Коптево";"Московское центральное кольцо";"2025";"III квартал";"1329817";"1381565";"2822436345";
"Нижегородская";"Некрасовская линия";"2025";"III квартал";"3573211";"3560900";"2822436346";
"Стахановская";"Некрасовская линия";"2025";"III квартал";"768972";"793660";"2822436347";
"Окская";"Некрасовская линия";"2025";"III квартал";"923498";"946158";"2822436348";
"Юго-Восточная";"Некрасовская линия";"2025";"III квартал";"1210061";"1225025";"2822436349";
"Косино";"Некрасовская линия";"2025";"III квартал";"368142";"356832";"2822436350";
"Улица Дмитриевского";"Некрасовская линия";"2025";"III квартал";"848994";"849367";"2822436351";
"Лухмановская";"Некрасовская линия";"2025";"III квартал";"1611378";"1581989";"2822436353";
"Некрасовка";"Некрасовская линия";"2025";"III квартал";"5033110";"4946827";"2822436354";
"Алтуфьево";"Серпуховско-Тимирязевская линия";"2025";"III квартал";"2966325";"2900779";"2822436355";
"Бибирево";"Серпуховско-Тимирязевская линия";"2025";"III квартал";"3112014";"3100556";"2822436356";
"Отрадное";"Серпуховско-Тимирязевская линия";"2025";"III квартал";"3933841";"3952070";"2822436357";
"Владыкино";"Серпуховско-Тимирязевская линия";"2025";"III квартал";"1352692";"1532227";"2822436358";
"Тимирязевская";"Серпуховско-Тимирязевская линия";"2025";"III квартал";"1696634";"1682345";"2822436359";
"Дмитровская";"Серпуховско-Тимирязевская линия";"2025";"III квартал";"2583065";"2647565";"2822436360";
"Савёловская";"Серпуховско-Тимирязевская линия";"2025";"III квартал";"2348241";"2302799";"2822436361";
"Менделеевская";"Серпуховско-Тимирязевская линия";"2025";"III квартал";"1915414";"2027794";"2822436362";
"Цветной бульвар";"Серпуховско-Тимирязевская линия";"2025";"III квартал";"1962578";"2058038";"2822436363";
"Чеховская";"Серпуховско-Тимирязевская линия";"2025";"III квартал";"1834455";"1954826";"2822436364";
"Боровицкая";"Серпуховско-Тимирязевская линия";"2025";"III квартал";"1184343";"1247174";"2822436365";
"Полянка";"Серпуховско-Тимирязевская линия";"2025";"III квартал";"1545640";"1629974";"2822436366";
"Серпуховская";"Серпуховско-Тимирязевская линия";"2025";"III квартал";"1699582";"1799703";"2822436367";
"Тульская";"Серпуховско-Тимирязевская линия";"2025";"III квартал";"2859301";"2953909";"2822436368";
"Нагатинская";"Серпуховско-Тимирязевская линия";"2025";"III квартал";"3002966";"3059375";"2822436369";
"Нагорная";"Серпуховско-Тимирязевская линия";"2025";"III квартал";"1487268";"1514179";"2822436370";
"Нахимовский проспект";"Серпуховско-Тимирязевская линия";"2025";"III квартал";"1537997";"1556676";"2822436371";
"Севастопольская";"Серпуховско-Тимирязевская линия";"2025";"III квартал";"678520";"701903";"2822436372";
"Чертановская";"Серпуховско-Тимирязевская линия";"2025";"III квартал";"2613701";"2604689";"2822436373";
"Южная";"Серпуховско-Тимирязевская линия";"2025";"III квартал";"1863987";"1848639";"2822436374";
"Пражская";"Серпуховско-Тимирязевская линия";"2025";"III квартал";"3879599";"3871631";"2822436375";
"Улица академика Янгеля";"Серпуховско-Тимирязевская линия";"2025";"III квартал";"2288789";"2235873";"2822436376";
"Аннино";"Серпуховско-Тимирязевская линия";"2025";"III квартал";"2113417";"1959681";"2822436377";
"Бульвар Дмитрия Донского";"Серпуховско-Тимирязевская линия";"2025";"III квартал";"3354877";"3219301";"2822436378";
"Бульвар Рокоссовского";"Сокольническая линия";"2025";"III квартал";"2320467";"2304631";"2822436379";
"Черкизовская";"Сокольническая линия";"2025";"III квартал";"1816187";"1599629";"2822436380";
"Преображенская площадь";"Сокольническая линия";"2025";"III квартал";"2935756";"2969101";"2822436381";
"Красносельская";"Сокольническая линия";"2025";"III квартал";"1546463";"1584461";"2822436382";
"Комсомольская";"Сокольническая линия";"2025";"III квартал";"2238310";"1831824";"2822436383";
"Красные ворота";"Сокольническая линия";"2025";"III квартал";"1981607";"2041419";"2822436384";
"Чистые пруды";"Сокольническая линия";"2025";"III квартал";"1574774";"1641676";"2822436385";
"Лубянка";"Сокольническая линия";"2025";"III квартал";"2389632";"2447830";"2822436386";
"Охотный ряд";"Сокольническая линия";"2025";"III квартал";"4826245";"4769089";"2822436387";
"Библиотека имени Ленина";"Сокольническая линия";"2025";"III квартал";"0";"0";"2822436388";
"Кропоткинская";"Сокольническая линия";"2025";"III квартал";"2121626";"2206633";"2822436389";
"Парк культуры";"Сокольническая линия";"2025";"III квартал";"770996";"809692";"2822436390";
"Фрунзенская";"Сокольническая линия";"2025";"III квартал";"2603391";"2742883";"2822436391";
"Спортивная";"Сокольническая линия";"2025";"III квартал";"2166494";"2362383";"2822436392";
"Воробьёвы горы";"Сокольническая линия";"2025";"III квартал";"1810707";"1756192";"2822436393";
"Университет";"Сокольническая линия";"2025";"III квартал";"2580823";"2615254";"2822436394";
"Юго-Западная";"Сокольническая линия";"2025";"III квартал";"3978405";"4042176";"2822436395";
"Тропарёво";"Сокольническая линия";"2025";"III квартал";"1425967";"1407558";"2822436396";
"Румянцево";"Сокольническая линия";"2025";"III квартал";"1083616";"1087585";"2822436397";
"Саларьево";"Сокольническая линия";"2025";"III квартал";"3495100";"3262187";"2822436398";
"Филатов луг";"Сокольническая линия";"2025";"III квартал";"2036040";"1985826";"2822436399";
"Прокшино";"Сокольническая линия";"2025";"III квартал";"1761053";"1724207";"2822436400";
"Ольховая";"Сокольническая линия";"2025";"III квартал";"808607";"766066";"2822436401";
"Новомосковская";"Сокольническая линия";"2025";"III квартал";"989310";"973249";"2822436402";
"Деловой центр";"Солнцевская линия";"2025";"III квартал";"1913083";"1939265";"2822436403";
"Парк Победы";"Солнцевская линия";"2025";"III квартал";"385644";"388020";"2822436404";
"Минская";"Солнцевская линия";"2025";"III квартал";"575567";"580016";"2822436405";
"Ломоносовский проспект";"Солнцевская линия";"2025";"III квартал";"1182615";"1183212";"2822436406";
"Раменки";"Солнцевская линия";"2025";"III квартал";"1639741";"1623281";"2822436407";
"Мичуринский проспект";"Солнцевская линия";"2025";"III квартал";"200602";"205244";"2822436408";
"Озёрная";"Солнцевская линия";"2025";"III квартал";"1486796";"1467225";"2822436409";
"Говорово";"Солнцевская линия";"2025";"III квартал";"1162522";"1120493";"2822436410";
"Солнцево";"Солнцевская линия";"2025";"III квартал";"1775307";"1714270";"2822436411";
"Боровское шоссе";"Солнцевская линия";"2025";"III квартал";"461762";"434010";"2822436412";
"Новопеределкино";"Солнцевская линия";"2025";"III квартал";"1354854";"1289873";"2822436413";
"Рассказовка";"Солнцевская линия";"2025";"III квартал";"1617719";"1546832";"2822436415";
"Планерная";"Таганско-Краснопресненская линия";"2025";"III квартал";"3565936";"3439347";"2822436416";
"Сходненская";"Таганско-Краснопресненская линия";"2025";"III квартал";"3872706";"3800326";"2822436417";
"Тушинская";"Таганско-Краснопресненская линия";"2025";"III квартал";"3281147";"3147882";"2822436419";
"Спартак";"Таганско-Краснопресненская линия";"2025";"III квартал";"1030889";"1005146";"2822436420";
"Щукинская";"Таганско-Краснопресненская линия";"2025";"III квартал";"3346468";"3334251";"2822436421";
"Октябрьское поле";"Таганско-Краснопресненская линия";"2025";"III квартал";"3187448";"3237986";"2822436423";
"Полежаевская";"Таганско-Краснопресненская линия";"2025";"III квартал";"2433460";"2488886";"2822436424";
"Беговая";"Таганско-Краснопресненская линия";"2025";"III квартал";"2501708";"2526826";"2822436426";
"Улица 1905 года";"Таганско-Краснопресненская линия";"2025";"III квартал";"3833762";"3991933";"2822436427";
"Баррикадная";"Таганско-Краснопресненская линия";"2025";"III квартал";"2103128";"2151823";"2822436428";
"Пушкинская";"Таганско-Краснопресненская линия";"2025";"III квартал";"3719329";"3890192";"2822436429";
"Кузнецкий мост";"Таганско-Краснопресненская линия";"2025";"III квартал";"1906405";"2028551";"2822436430";
"Таганская";"Таганско-Краснопресненская линия";"2025";"III квартал";"1175370";"1210462";"2822436431";
"Пролетарская";"Таганско-Краснопресненская линия";"2025";"III квартал";"2722153";"2763799";"2822436432";
"Волгоградский проспект";"Таганско-Краснопресненская линия";"2025";"III квартал";"1799600";"1832838";"2822436433";
"Текстильщики";"Таганско-Краснопресненская линия";"2025";"III квартал";"3512515";"3804494";"2822436434";
"Кузьминки";"Таганско-Краснопресненская линия";"2025";"III квартал";"4532558";"4533639";"2822436435";
"Рязанский проспект";"Таганско-Краснопресненская линия";"2025";"III квартал";"2170064";"2186422";"2822436436";
"Выхино";"Таганско-Краснопресненская линия";"2025";"III квартал";"4285632";"4121648";"2822436438";
"Лермонтовский проспект";"Таганско-Краснопресненская линия";"2025";"III квартал";"1343256";"1292509";"2822436439";
"Жулебино";"Таганско-Краснопресненская линия";"2025";"III квартал";"2108327";"2060098";"2822436440";
"Котельники";"Таганско-Краснопресненская линия";"2025";"III квартал";"5429008";"4941112";"2822436441";
"Пионерская";"Филёвская линия";"2025";"III квартал";"476906";"458462";"2822436442";
"Филёвский парк";"Филёвская линия";"2025";"III квартал";"812260";"786123";"2822436443";
"Багратионовская";"Филёвская линия";"2025";"III квартал";"1380663";"1381240";"2822436444";
"Фили";"Филёвская линия";"2025";"III квартал";"1410575";"1408012";"2822436445";
"Кутузовская";"Филёвская линия";"2025";"III квартал";"773247";"833074";"2822436446";
"Студенческая";"Филёвская линия";"2025";"III квартал";"498337";"499608";"2822436448";
"Смоленская";"Филёвская линия";"2025";"III квартал";"748010";"764458";"2822436449";
"Арбатская";"Филёвская линия";"2025";"III квартал";"564717";"543572";"2822436451";
"Александровский сад";"Филёвская линия";"2025";"III квартал";"1719935";"1741557";"2822436452";
"Москва-Сити";"Филёвская линия";"2025";"III квартал";"746141";"762175";"2822436453";
"Марьина Роща";"Люблинско-Дмитровская линия";"2025";"III квартал";"1925641";"1980314";"2822436486";
"Пыхтино";"Солнцевская линия";"2025";"III квартал";"872507";"818397";"2822436501";
"Аэропорт Внуково";"Солнцевская линия";"2025";"III квартал";"970201";"657730";"2822436502";
"Яхромская";"Люблинско-Дмитровская линия";"2025";"III квартал";"1731783";"1689276";"2822436503";
"Лианозово";"Люблинско-Дмитровская линия";"2025";"III квартал";"1240138";"1193284";"2822436505";
"Физтех";"Люблинско-Дмитровская линия";"2025";"III квартал";"1165885";"1109455";"2822436507";
"Потапово";"Сокольническая линия";"2025";"III квартал";"1597695";"1617505";"2822436508";
"Университет Дружбы Народов";"Троицкая линия";"2025";"III квартал";"887396";"877567";"2822436510";
"Генерала Тюленева";"Троицкая линия";"2025";"III квартал";"473206";"474053";"2822436511";
"Тютчевская";"Троицкая линия";"2025";"III квартал";"310532";"314382";"2822436512";
"Корниловская";"Троицкая линия";"2025";"III квартал";"693023";"696425";"2822436514";
"Коммунарка";"Троицкая линия";"2025";"III квартал";"517226";"523637";"2822436515";
"Вавиловская";"Троицкая линия";"2025";"III квартал";"99933";"100693";"2822436518";
"Деловой центр";"Филёвская линия";"2025";"III квартал";"1220648";"1220294";"2822436780";
"Кунцевская";"Арбатско-Покровская линия";"2025";"III квартал";"879221";"884925";"2822436875";
"Парк Победы";"Арбатско-Покровская линия";"2025";"III квартал";"1282833";"1228527";"2822436972";
"Смоленская";"Арбатско-Покровская линия";"2025";"III квартал";"2578579";"2673901";"2822437050";
"Арбатская";"Арбатско-Покровская линия";"2025";"III квартал";"2321176";"2436858";"2822437156";
"Курская";"Арбатско-Покровская линия";"2025";"III квартал";"1473451";"1510412";"2822437233";
"Савёловская";"Большая кольцевая линия";"2025";"III квартал";"1798476";"1830512";"2822437317";
"Петровский парк";"Большая кольцевая линия";"2025";"III квартал";"1634221";"1697645";"2822437433";
"Шелепиха";"Большая кольцевая линия";"2025";"III квартал";"0";"0";"2822437519";
"Деловой центр";"Большая кольцевая линия";"2025";"III квартал";"435448";"437821";"2822437639";
"Лефортово";"Большая кольцевая линия";"2025";"III квартал";"1101265";"1130718";"2822437743";
"Электрозаводская";"Большая кольцевая линия";"2025";"III квартал";"1474365";"1702483";"2822438072";
"Мичуринский проспект";"Большая кольцевая линия";"2025";"III квартал";"1067026";"1085151";"2822438173";
"Варшавская";"Большая кольцевая линия";"2025";"III квартал";"2958099";"2912989";"2822438236";
"Каширская";"Большая кольцевая линия";"2025";"III квартал";"3180710";"3220127";"2822438269";
"Печатники";"Большая кольцевая линия";"2025";"III квартал";"1009318";"1023563";"2822438328";
"Текстильщики";"Большая кольцевая линия";"2025";"III квартал";"1092434";"1349908";"2822438375";
"Авиамоторная";"Калининская линия";"2025";"III квартал";"2191918";"2298281";"2822443400";
"Третьяковская";"Калининская линия";"2025";"III квартал";"2668178";"2808341";"2822443458";
"Третьяковская";"Калужско-Рижская линия";"2025";"III квартал";"0";"0";"2822443508";
"Петровско-Разумовская";"Серпуховско-Тимирязевская линия";"2025";"III квартал";"0";"0";"2822443537";
"Китай-город";"Таганско-Краснопресненская линия";"2025";"III квартал";"0";"0";"2822443578";
"Киевская";"Филёвская линия";"2025";"III квартал";"0";"0";"2822443606";
"Рижская";"Калужско-Рижская линия";"2025";"III квартал";"938453";"953812";"2822443667";
"Проспект Мира";"Калужско-Рижская линия";"2025";"III квартал";"1820711";"1887977";"2822443714";
"Киевская";"Кольцевая линия";"2025";"III квартал";"3118450";"3062970";"2822444434";
"Белорусская";"Кольцевая линия";"2025";"III квартал";"4056875";"3824386";"2822444484";
"Комсомольская";"Кольцевая линия";"2025";"III квартал";"8218413";"6680159";"2822444540";
"Таганская";"Кольцевая линия";"2025";"III квартал";"2161639";"2245917";"2822444613";
"Павелецкая";"Кольцевая линия";"2025";"III квартал";"4534331";"4658688";"2822444687";
"Октябрьская";"Кольцевая линия";"2025";"III квартал";"2336233";"2439537";"2822444755";
"Парк культуры";"Кольцевая линия";"2025";"III квартал";"3083984";"3216226";"2822444818";
"Окружная";"Московское центральное кольцо";"2025";"III квартал";"841125";"855513";"2822444893";
"Владыкино";"Московское центральное кольцо";"2025";"III квартал";"588450";"751151";"2822444948";
"Ботанический сад";"Московское центральное кольцо";"2025";"III квартал";"762365";"912629";"2822444993";
"Бульвар Рокоссовского";"Московское центральное кольцо";"2025";"III квартал";"893656";"924623";"2822445039";
"Шоссе Энтузиастов";"Московское центральное кольцо";"2025";"III квартал";"586000";"653713";"2822445085";
"Нижегородская";"Московское центральное кольцо";"2025";"III квартал";"1104675";"1200246";"2822445134";
"Дубровка";"Московское центральное кольцо";"2025";"III квартал";"680932";"720741";"2822445179";
"Автозаводская";"Московское центральное кольцо";"2025";"III квартал";"466962";"514831";"2822445226";
"Кутузовская";"Московское центральное кольцо";"2025";"III квартал";"1667148";"1775895";"2822445301";
"Москва-Сити";"Московское центральное кольцо";"2025";"III квартал";"1927480";"2078066";"2822445351";
"Сокольники";"Сокольническая линия";"2025";"III квартал";"1227111";"1233703";"2822445403";
"Проспект Вернадского";"Сокольническая линия";"2025";"III квартал";"1534021";"1556649";"2822445456";
"Кунцевская";"Филёвская линия";"2025";"III квартал";"527607";"513609";"2822445499";
"Новаторская";"Троицкая линия";"2025";"III квартал";"1167230";"1181704";"2822445543";
"Новомосковская";"Троицкая линия";"2025";"III квартал";"171144";"172445";"2822445629";
"Академическая";"Троицкая линия";"2025";"III квартал";"74501";"75067";"2822445701";
"ЗИЛ";"Троицкая линия";"2025";"III квартал";"50797";"51183";"2822445806";
"Крымская";"Троицкая линия";"2025";"III квартал";"37311";"37595";"2822445861";
"Пятницкое шоссе";"Арбатско-Покровская линия";"2025";"IV квартал";"1769569";"1718811";"2846428107";
"Митино";"Арбатско-Покровская линия";"2025";"IV квартал";"2339266";"2282076";"2846428108";
"Волоколамская";"Арбатско-Покровская линия";"2025";"IV квартал";"1828519";"1802830";"2846428109";
"Мякинино";"Арбатско-Покровская линия";"2025";"IV квартал";"1687204";"1639240";"2846428110";
"Строгино";"Арбатско-Покровская линия";"2025";"IV квартал";"2604640";"2589781";"2846428111";
"Крылатское";"Арбатско-Покровская линия";"2025";"IV квартал";"2822944";"2784861";"2846428112";
"Молодёжная";"Арбатско-Покровская линия";"2025";"IV квартал";"4098300";"4102357";"2846428113";
"Славянский бульвар";"Арбатско-Покровская линия";"2025";"IV квартал";"4770800";"4731969";"2846428114";
"Киевская";"Арбатско-Покровская линия";"2025";"IV квартал";"3468806";"3255855";"2846428115";
"Площадь Революции";"Арбатско-Покровская линия";"2025";"IV квартал";"3197794";"3228373";"2846428116";
"Бауманская";"Арбатско-Покровская линия";"2025";"IV квартал";"5104116";"5280545";"2846428117";
"Электрозаводская";"Арбатско-Покровская линия";"2025";"IV квартал";"2484889";"2522203";"2846428118";
"Семёновская";"Арбатско-Покровская линия";"2025";"IV квартал";"2763246";"2828600";"2846428119";
"Партизанская";"Арбатско-Покровская линия";"2025";"IV квартал";"1871215";"1815770";"2846428120";
"Измайловская";"Арбатско-Покровская линия";"2025";"IV квартал";"1830975";"1864504";"2846428121";
"Первомайская";"Арбатско-Покровская линия";"2025";"IV квартал";"3300988";"3305884";"2846428122";
"Щёлковская";"Арбатско-Покровская линия";"2025";"IV квартал";"6526418";"6387143";"2846428123";
"ЦСКА";"Большая кольцевая линия";"2025";"IV квартал";"3452432";"3526559";"2846428124";
"Хорошёвская";"Большая кольцевая линия";"2025";"IV квартал";"1376865";"1398785";"2846428125";
"Народное Ополчение";"Большая кольцевая линия";"2025";"IV квартал";"2447827";"2455671";"2846428126";
"Мнёвники";"Большая кольцевая линия";"2025";"IV квартал";"658162";"659192";"2846428127";
"Авиамоторная";"Большая кольцевая линия";"2025";"IV квартал";"1656268";"1702817";"2846428128";
"Терехово";"Большая кольцевая линия";"2025";"IV квартал";"598787";"599276";"2846428129";
"Кунцевская";"Большая кольцевая линия";"2025";"IV квартал";"2291573";"2295022";"2846428130";
"Давыдково";"Большая кольцевая линия";"2025";"IV квартал";"1309845";"1306178";"2846428131";
"Аминьевская";"Большая кольцевая линия";"2025";"IV квартал";"3334012";"3303592";"2846428132";
"Проспект Вернадского";"Большая кольцевая линия";"2025";"IV квартал";"957856";"960784";"2846428133";
"Новаторская";"Большая кольцевая линия";"2025";"IV квартал";"900770";"905050";"2846428134";
"Воронцовская";"Большая кольцевая линия";"2025";"IV квартал";"1510728";"1527101";"2846428135";
"Зюзино";"Большая кольцевая линия";"2025";"IV квартал";"2432587";"2469187";"2846428136";
"Каховская";"Большая кольцевая линия";"2025";"IV квартал";"1897677";"1934446";"2846428137";
"Кленовый бульвар";"Большая кольцевая линия";"2025";"IV квартал";"819671";"841954";"2846428138";
"Нагатинский Затон";"Большая кольцевая линия";"2025";"IV квартал";"773949";"784200";"2846428139";
"Сокольники";"Большая кольцевая линия";"2025";"IV квартал";"2212330";"2273220";"2846428140";
"Рижская";"Большая кольцевая линия";"2025";"IV квартал";"906093";"930740";"2846428141";
"Битцевский парк";"Бутовская линия";"2025";"IV квартал";"195796";"146985";"2846428143";
"Лесопарковая";"Бутовская линия";"2025";"IV квартал";"795279";"760129";"2846428144";
"Улица Старокачаловская";"Бутовская линия";"2025";"IV квартал";"0";"0";"2846428145";
"Улица Скобелевская";"Бутовская линия";"2025";"IV квартал";"1841634";"1791931";"2846428146";
"Бульвар адмирала Ушакова";"Бутовская линия";"2025";"IV квартал";"883480";"884805";"2846428147";
"Улица Горчакова";"Бутовская линия";"2025";"IV квартал";"864131";"858355";"2846428148";
"Бунинская аллея";"Бутовская линия";"2025";"IV квартал";"1783251";"1779571";"2846428149";
"Ховрино";"Замоскворецкая линия";"2025";"IV квартал";"4673178";"4430630";"2846428150";
"Беломорская";"Замоскворецкая линия";"2025";"IV квартал";"2646023";"2600850";"2846428151";
"Речной вокзал";"Замоскворецкая линия";"2025";"IV квартал";"2287289";"2277427";"2846428152";
"Водный стадион";"Замоскворецкая линия";"2025";"IV квартал";"3958534";"3999167";"2846428153";
"Войковская";"Замоскворецкая линия";"2025";"IV квартал";"4456624";"4483616";"2846428154";
"Сокол";"Замоскворецкая линия";"2025";"IV квартал";"3506651";"3530932";"2846428155";
"Аэропорт";"Замоскворецкая линия";"2025";"IV квартал";"3419040";"3474353";"2846428156";
"Динамо";"Замоскворецкая линия";"2025";"IV квартал";"2759495";"2785168";"2846428157";
"Белорусская";"Замоскворецкая линия";"2025";"IV квартал";"2820166";"2793243";"2846428158";
"Маяковская";"Замоскворецкая линия";"2025";"IV квартал";"3376773";"3477795";"2846428159";
"Тверская";"Замоскворецкая линия";"2025";"IV квартал";"0";"0";"2846428160";
"Театральная";"Замоскворецкая линия";"2025";"IV квартал";"0";"0";"2846428161";
"Новокузнецкая";"Замоскворецкая линия";"2025";"IV квартал";"2831967";"2940011";"2846428162";
"Павелецкая";"Замоскворецкая линия";"2025";"IV квартал";"2863130";"2457731";"2846428163";
"Автозаводская";"Замоскворецкая линия";"2025";"IV квартал";"3582417";"3682027";"2846428164";
"Технопарк";"Замоскворецкая линия";"2025";"IV квартал";"2276874";"2287032";"2846428165";
"Коломенская";"Замоскворецкая линия";"2025";"IV квартал";"3688424";"3743912";"2846428166";
"Каширская";"Замоскворецкая линия";"2025";"IV квартал";"0";"0";"2846428167";
"Кантемировская";"Замоскворецкая линия";"2025";"IV квартал";"2860635";"2875611";"2846428168";
"Царицыно";"Замоскворецкая линия";"2025";"IV квартал";"5224060";"5179520";"2846428169";
"Орехово";"Замоскворецкая линия";"2025";"IV квартал";"1602753";"1599948";"2846428170";
"Домодедовская";"Замоскворецкая линия";"2025";"IV квартал";"5815317";"5637771";"2846428171";
"Красногвардейская";"Замоскворецкая линия";"2025";"IV квартал";"1848805";"1807965";"2846428172";
"Алма-Атинская";"Замоскворецкая линия";"2025";"IV квартал";"1247458";"1226914";"2846428173";
"Новокосино";"Калининская линия";"2025";"IV квартал";"4871931";"4870054";"2846428174";
"Новогиреево";"Калининская линия";"2025";"IV квартал";"5676624";"5632100";"2846428175";
"Перово";"Калининская линия";"2025";"IV квартал";"3310492";"3312561";"2846428176";
"Шоссе Энтузиастов";"Калининская линия";"2025";"IV квартал";"1802189";"1818745";"2846428177";
"Площадь Ильича";"Калининская линия";"2025";"IV квартал";"1899095";"1922405";"2846428178";
"Марксистская";"Калининская линия";"2025";"IV квартал";"2016112";"2089286";"2846428179";
"Медведково";"Калужско-Рижская линия";"2025";"IV квартал";"5001378";"4975724";"2846428180";
"Бабушкинская";"Калужско-Рижская линия";"2025";"IV квартал";"4415802";"4447612";"2846428181";
"Свиблово";"Калужско-Рижская линия";"2025";"IV квартал";"2205556";"2225899";"2846428182";
"Ботанический сад";"Калужско-Рижская линия";"2025";"IV квартал";"2156395";"2163991";"2846428183";
"ВДНХ";"Калужско-Рижская линия";"2025";"IV квартал";"6439091";"6372488";"2846428184";
"Алексеевская";"Калужско-Рижская линия";"2025";"IV квартал";"2948191";"3000954";"2846428185";
"Сухаревская";"Калужско-Рижская линия";"2025";"IV квартал";"1996915";"2077643";"2846428186";
"Тургеневская";"Калужско-Рижская линия";"2025";"IV квартал";"2020728";"2108523";"2846428187";
"Китай-город";"Калужско-Рижская линия";"2025";"IV квартал";"5582732";"5766106";"2846428188";
"Октябрьская";"Калужско-Рижская линия";"2025";"IV квартал";"1151273";"1198303";"2846428189";
"Шаболовская";"Калужско-Рижская линия";"2025";"IV квартал";"2477537";"2572742";"2846428190";
"Ленинский проспект";"Калужско-Рижская линия";"2025";"IV квартал";"3161313";"3275715";"2846428191";
"Академическая";"Калужско-Рижская линия";"2025";"IV квартал";"2634385";"2645576";"2846428192";
"Профсоюзная";"Калужско-Рижская линия";"2025";"IV квартал";"2802939";"2861553";"2846428193";
"Новые Черёмушки";"Калужско-Рижская линия";"2025";"IV квартал";"3036076";"3084187";"2846428194";
"Калужская";"Калужско-Рижская линия";"2025";"IV квартал";"2247407";"2304926";"2846428195";
"Беляево";"Калужско-Рижская линия";"2025";"IV квартал";"3001116";"3064259";"2846428196";
"Коньково";"Калужско-Рижская линия";"2025";"IV квартал";"2457448";"2477500";"2846428197";
"Тёплый стан";"Калужско-Рижская линия";"2025";"IV квартал";"4669087";"4699514";"2846428198";
"Ясенево";"Калужско-Рижская линия";"2025";"IV квартал";"2831974";"2839712";"2846428199";
"Новоясеневская";"Калужско-Рижская линия";"2025";"IV квартал";"608501";"595513";"2846428200";
"Краснопресненская";"Кольцевая линия";"2025";"IV квартал";"1849039";"1894592";"2846428201";
"Новослободская";"Кольцевая линия";"2025";"IV квартал";"3056734";"3207889";"2846428202";
"Проспект Мира";"Кольцевая линия";"2025";"IV квартал";"2023653";"2079106";"2846428203";
"Курская";"Кольцевая линия";"2025";"IV квартал";"4710065";"4500881";"2846428204";
"Добрынинская";"Кольцевая линия";"2025";"IV квартал";"2059550";"2126719";"2846428205";
"Селигерская";"Люблинско-Дмитровская линия";"2025";"IV квартал";"2597146";"2582437";"2846428206";
"Верхние Лихоборы";"Люблинско-Дмитровская линия";"2025";"IV квартал";"1352951";"1346694";"2846428207";
"Окружная";"Люблинско-Дмитровская линия";"2025";"IV квартал";"944229";"932603";"2846428208";
"Петровско-Разумовская";"Люблинско-Дмитровская линия";"2025";"IV квартал";"2110642";"2041773";"2846428209";
"Фонвизинская";"Люблинско-Дмитровская линия";"2025";"IV квартал";"1272226";"1277344";"2846428210";
"Бутырская";"Люблинско-Дмитровская линия";"2025";"IV квартал";"1662209";"1689314";"2846428211";
"Достоевская";"Люблинско-Дмитровская линия";"2025";"IV квартал";"1296337";"1334441";"2846428212";
"Трубная";"Люблинско-Дмитровская линия";"2025";"IV квартал";"1714319";"1794969";"2846428213";
"Сретенский бульвар";"Люблинско-Дмитровская линия";"2025";"IV квартал";"794176";"833537";"2846428214";
"Чкаловская";"Люблинско-Дмитровская линия";"2025";"IV квартал";"1906684";"1945793";"2846428215";
"Римская";"Люблинско-Дмитровская линия";"2025";"IV квартал";"1569714";"1600224";"2846428216";
"Крестьянская застава";"Люблинско-Дмитровская линия";"2025";"IV квартал";"717200";"740827";"2846428217";
"Дубровка";"Люблинско-Дмитровская линия";"2025";"IV квартал";"1373643";"1418991";"2846428218";
"Кожуховская";"Люблинско-Дмитровская линия";"2025";"IV квартал";"1965366";"2008369";"2846428219";
"Печатники";"Люблинско-Дмитровская линия";"2025";"IV квартал";"1246041";"1265295";"2846428220";
"Волжская";"Люблинско-Дмитровская линия";"2025";"IV квартал";"1434075";"1458492";"2846428221";
"Люблино";"Люблинско-Дмитровская линия";"2025";"IV квартал";"4137805";"4072005";"2846428222";
"Братиславская";"Люблинско-Дмитровская линия";"2025";"IV квартал";"3510013";"3532927";"2846428223";
"Марьино";"Люблинско-Дмитровская линия";"2025";"IV квартал";"2903874";"2900762";"2846428224";
"Борисово";"Люблинско-Дмитровская линия";"2025";"IV квартал";"999749";"993010";"2846428225";
"Шипиловская";"Люблинско-Дмитровская линия";"2025";"IV квартал";"1313228";"1322140";"2846428226";
"Зябликово";"Люблинско-Дмитровская линия";"2025";"IV квартал";"989756";"967195";"2846428227";
"Лихоборы";"Московское центральное кольцо";"2025";"IV квартал";"1479574";"1480576";"2846428228";
"Ростокино";"Московское центральное кольцо";"2025";"IV квартал";"3054361";"3043603";"2846428229";
"Белокаменная";"Московское центральное кольцо";"2025";"IV квартал";"201544";"203530";"2846428230";
"Локомотив";"Московское центральное кольцо";"2025";"IV квартал";"996605";"930461";"2846428231";
"Измайлово";"Московское центральное кольцо";"2025";"IV квартал";"882090";"870222";"2846428232";
"Соколиная Гора";"Московское центральное кольцо";"2025";"IV квартал";"618234";"629968";"2846428233";
"Андроновка";"Московское центральное кольцо";"2025";"IV квартал";"736853";"725612";"2846428234";
"Новохохловская";"Московское центральное кольцо";"2025";"IV квартал";"619467";"623457";"2846428235";
"Угрешская";"Московское центральное кольцо";"2025";"IV квартал";"535748";"543106";"2846428236";
"ЗИЛ";"Московское центральное кольцо";"2025";"IV квартал";"1009118";"1021727";"2846428237";
"Верхние Котлы";"Московское центральное кольцо";"2025";"IV квартал";"1359154";"1367683";"2846428238";
"Крымская";"Московское центральное кольцо";"2025";"IV квартал";"892168";"918727";"2846428240";
"Площадь Гагарина";"Московское центральное кольцо";"2025";"IV квартал";"954574";"975347";"2846428241";
"Лужники";"Московское центральное кольцо";"2025";"IV квартал";"845077";"859427";"2846428242";
"Шелепиха";"Московское центральное кольцо";"2025";"IV квартал";"1355543";"1381475";"2846428243";
"Хорошёво";"Московское центральное кольцо";"2025";"IV квартал";"684156";"698208";"2846428244";
"Зорге";"Московское центральное кольцо";"2025";"IV квартал";"484162";"489942";"2846428245";
"Панфиловская";"Московское центральное кольцо";"2025";"IV квартал";"614534";"623212";"2846428246";
"Стрешнево";"Московское центральное кольцо";"2025";"IV квартал";"1712531";"1705678";"2846428247";
"Балтийская";"Московское центральное кольцо";"2025";"IV квартал";"988972";"1002485";"2846428248";
"Коптево";"Московское центральное кольцо";"2025";"IV квартал";"1461780";"1488862";"2846428249";
"Нижегородская";"Некрасовская линия";"2025";"IV квартал";"3974193";"3977196";"2846428250";
"Стахановская";"Некрасовская линия";"2025";"IV квартал";"892566";"903224";"2846428251";
"Окская";"Некрасовская линия";"2025";"IV квартал";"1039469";"1054631";"2846428252";
"Юго-Восточная";"Некрасовская линия";"2025";"IV квартал";"1381972";"1402430";"2846428253";
"Косино";"Некрасовская линия";"2025";"IV квартал";"513594";"500366";"2846428254";
"Улица Дмитриевского";"Некрасовская линия";"2025";"IV квартал";"946225";"960963";"2846428255";
"Лухмановская";"Некрасовская линия";"2025";"IV квартал";"1720949";"1717549";"2846428256";
"Некрасовка";"Некрасовская линия";"2025";"IV квартал";"5608221";"5618479";"2846428257";
"Алтуфьево";"Серпуховско-Тимирязевская линия";"2025";"IV квартал";"3299604";"3304490";"2846428258";
"Бибирево";"Серпуховско-Тимирязевская линия";"2025";"IV квартал";"2593016";"2635073";"2846428259";
"Отрадное";"Серпуховско-Тимирязевская линия";"2025";"IV квартал";"4374242";"4463977";"2846428260";
"Владыкино";"Серпуховско-Тимирязевская линия";"2025";"IV квартал";"1386309";"1389729";"2846428261";
"Тимирязевская";"Серпуховско-Тимирязевская линия";"2025";"IV квартал";"2300874";"2317982";"2846428262";
"Дмитровская";"Серпуховско-Тимирязевская линия";"2025";"IV квартал";"3230510";"3296540";"2846428263";
"Савёловская";"Серпуховско-Тимирязевская линия";"2025";"IV квартал";"2827621";"2845001";"2846428264";
"Менделеевская";"Серпуховско-Тимирязевская линия";"2025";"IV квартал";"2333400";"2437665";"2846428265";
"Цветной бульвар";"Серпуховско-Тимирязевская линия";"2025";"IV квартал";"2281099";"2363741";"2846428266";
"Чеховская";"Серпуховско-Тимирязевская линия";"2025";"IV квартал";"2116268";"2225300";"2846428267";
"Боровицкая";"Серпуховско-Тимирязевская линия";"2025";"IV квартал";"671709";"694284";"2846428268";
"Полянка";"Серпуховско-Тимирязевская линия";"2025";"IV квартал";"1693054";"1755538";"2846428269";
"Серпуховская";"Серпуховско-Тимирязевская линия";"2025";"IV квартал";"2309932";"2392669";"2846428270";
"Тульская";"Серпуховско-Тимирязевская линия";"2025";"IV квартал";"3105303";"3188177";"2846428271";
"Нагатинская";"Серпуховско-Тимирязевская линия";"2025";"IV квартал";"3360757";"3413270";"2846428272";
"Нагорная";"Серпуховско-Тимирязевская линия";"2025";"IV квартал";"1656157";"1686966";"2846428273";
"Нахимовский проспект";"Серпуховско-Тимирязевская линия";"2025";"IV квартал";"1754118";"1770125";"2846428274";
"Севастопольская";"Серпуховско-Тимирязевская линия";"2025";"IV квартал";"768517";"788829";"2846428275";
"Чертановская";"Серпуховско-Тимирязевская линия";"2025";"IV квартал";"3000121";"3019913";"2846428276";
"Южная";"Серпуховско-Тимирязевская линия";"2025";"IV квартал";"2100956";"2097953";"2846428277";
"Пражская";"Серпуховско-Тимирязевская линия";"2025";"IV квартал";"4380709";"4445395";"2846428278";
"Улица академика Янгеля";"Серпуховско-Тимирязевская линия";"2025";"IV квартал";"2637585";"2625695";"2846428279";
"Аннино";"Серпуховско-Тимирязевская линия";"2025";"IV квартал";"2356461";"2267855";"2846428280";
"Бульвар Дмитрия Донского";"Серпуховско-Тимирязевская линия";"2025";"IV квартал";"5063690";"4987557";"2846428281";
"Бульвар Рокоссовского";"Сокольническая линия";"2025";"IV квартал";"2594392";"2598725";"2846428282";
"Черкизовская";"Сокольническая линия";"2025";"IV квартал";"1871111";"1649877";"2846428283";
"Преображенская площадь";"Сокольническая линия";"2025";"IV квартал";"3927909";"3985840";"2846428284";
"Красносельская";"Сокольническая линия";"2025";"IV квартал";"1675139";"1699932";"2846428285";
"Комсомольская";"Сокольническая линия";"2025";"IV квартал";"2268224";"1912293";"2846428286";
"Красные ворота";"Сокольническая линия";"2025";"IV квартал";"2163923";"2202479";"2846428287";
"Чистые пруды";"Сокольническая линия";"2025";"IV квартал";"1802966";"1868457";"2846428288";
"Лубянка";"Сокольническая линия";"2025";"IV квартал";"2658431";"2727414";"2846428289";
"Охотный ряд";"Сокольническая линия";"2025";"IV квартал";"5609723";"5585249";"2846428290";
"Библиотека имени Ленина";"Сокольническая линия";"2025";"IV квартал";"0";"0";"2846428291";
"Кропоткинская";"Сокольническая линия";"2025";"IV квартал";"2446098";"2525190";"2846428292";
"Парк культуры";"Сокольническая линия";"2025";"IV квартал";"813167";"839400";"2846428293";
"Фрунзенская";"Сокольническая линия";"2025";"IV квартал";"2967397";"3091527";"2846428294";
"Спортивная";"Сокольническая линия";"2025";"IV квартал";"2052732";"2094722";"2846428295";
"Воробьёвы горы";"Сокольническая линия";"2025";"IV квартал";"1222041";"1207060";"2846428296";
"Университет";"Сокольническая линия";"2025";"IV квартал";"3339576";"3377196";"2846428297";
"Юго-Западная";"Сокольническая линия";"2025";"IV квартал";"5236745";"5356419";"2846428298";
"Тропарёво";"Сокольническая линия";"2025";"IV квартал";"1666592";"1666504";"2846428299";
"Румянцево";"Сокольническая линия";"2025";"IV квартал";"1125843";"1114352";"2846428300";
"Саларьево";"Сокольническая линия";"2025";"IV квартал";"3640261";"3537400";"2846428301";
"Филатов луг";"Сокольническая линия";"2025";"IV квартал";"2322084";"2342848";"2846428302";
"Прокшино";"Сокольническая линия";"2025";"IV квартал";"995943";"1001274";"2846428303";
"Ольховая";"Сокольническая линия";"2025";"IV квартал";"943173";"925643";"2846428304";
"Новомосковская";"Сокольническая линия";"2025";"IV квартал";"1057629";"1072114";"2846428305";
"Деловой центр";"Солнцевская линия";"2025";"IV квартал";"1904407";"1922033";"2846428306";
"Парк Победы";"Солнцевская линия";"2025";"IV квартал";"391827";"392621";"2846428307";
"Минская";"Солнцевская линия";"2025";"IV квартал";"834980";"838462";"2846428309";
"Ломоносовский проспект";"Солнцевская линия";"2025";"IV квартал";"1489201";"1497017";"2846428310";
"Раменки";"Солнцевская линия";"2025";"IV квартал";"1899838";"1892898";"2846428311";
"Мичуринский проспект";"Солнцевская линия";"2025";"IV квартал";"207793";"203851";"2846428312";
"Озёрная";"Солнцевская линия";"2025";"IV квартал";"1650619";"1632695";"2846428313";
"Говорово";"Солнцевская линия";"2025";"IV квартал";"1245477";"1213578";"2846428314";
"Солнцево";"Солнцевская линия";"2025";"IV квартал";"2030852";"2008022";"2846428315";
"Боровское шоссе";"Солнцевская линия";"2025";"IV квартал";"532010";"506439";"2846428316";
"Новопеределкино";"Солнцевская линия";"2025";"IV квартал";"1556666";"1517875";"2846428317";
"Рассказовка";"Солнцевская линия";"2025";"IV квартал";"1830517";"1782879";"2846428318";
"Планерная";"Таганско-Краснопресненская линия";"2025";"IV квартал";"3971931";"3941026";"2846428319";
"Сходненская";"Таганско-Краснопресненская линия";"2025";"IV квартал";"4421841";"4424997";"2846428320";
"Тушинская";"Таганско-Краснопресненская линия";"2025";"IV квартал";"4121944";"4063907";"2846428321";
"Спартак";"Таганско-Краснопресненская линия";"2025";"IV квартал";"1074386";"1062669";"2846428322";
"Щукинская";"Таганско-Краснопресненская линия";"2025";"IV квартал";"4021533";"4059880";"2846428323";
"Октябрьское поле";"Таганско-Краснопресненская линия";"2025";"IV квартал";"3703557";"3741584";"2846428324";
"Полежаевская";"Таганско-Краснопресненская линия";"2025";"IV квартал";"2664184";"2705075";"2846428325";
"Беговая";"Таганско-Краснопресненская линия";"2025";"IV квартал";"3112105";"3130394";"2846428326";
"Улица 1905 года";"Таганско-Краснопресненская линия";"2025";"IV квартал";"4243821";"4361957";"2846428327";
"Баррикадная";"Таганско-Краснопресненская линия";"2025";"IV квартал";"2200623";"2274754";"2846428328";
"Пушкинская";"Таганско-Краснопресненская линия";"2025";"IV квартал";"4075819";"4230887";"2846428329";
"Кузнецкий мост";"Таганско-Краснопресненская линия";"2025";"IV квартал";"2236649";"2344907";"2846428330";
"Таганская";"Таганско-Краснопресненская линия";"2025";"IV квартал";"1245671";"1281599";"2846428331";
"Пролетарская";"Таганско-Краснопресненская линия";"2025";"IV квартал";"2940208";"2966136";"2846428332";
"Волгоградский проспект";"Таганско-Краснопресненская линия";"2025";"IV квартал";"2058299";"2060103";"2846428333";
"Текстильщики";"Таганско-Краснопресненская линия";"2025";"IV квартал";"4279214";"4255410";"2846428334";
"Кузьминки";"Таганско-Краснопресненская линия";"2025";"IV квартал";"4982697";"5020616";"2846428335";
"Рязанский проспект";"Таганско-Краснопресненская линия";"2025";"IV квартал";"2419736";"2442124";"2846428336";
"Выхино";"Таганско-Краснопресненская линия";"2025";"IV квартал";"5726703";"5696878";"2846428337";
"Лермонтовский проспект";"Таганско-Краснопресненская линия";"2025";"IV квартал";"1608433";"1587099";"2846428338";
"Жулебино";"Таганско-Краснопресненская линия";"2025";"IV квартал";"2389821";"2384040";"2846428339";
"Котельники";"Таганско-Краснопресненская линия";"2025";"IV квартал";"5645101";"5370963";"2846428340";
"Пионерская";"Филёвская линия";"2025";"IV квартал";"540241";"521477";"2846428341";
"Филёвский парк";"Филёвская линия";"2025";"IV квартал";"903471";"891510";"2846428342";
"Багратионовская";"Филёвская линия";"2025";"IV квартал";"1616837";"1632246";"2846428343";
"Фили";"Филёвская линия";"2025";"IV квартал";"1619558";"1614286";"2846428344";
"Кутузовская";"Филёвская линия";"2025";"IV квартал";"866114";"866676";"2846428345";
"Студенческая";"Филёвская линия";"2025";"IV квартал";"603526";"604629";"2846428346";
"Смоленская";"Филёвская линия";"2025";"IV квартал";"807299";"820682";"2846428347";
"Арбатская";"Филёвская линия";"2025";"IV квартал";"602469";"589291";"2846428348";
"Александровский сад";"Филёвская линия";"2025";"IV квартал";"1998781";"2035462";"2846428349";
"Москва-Сити";"Филёвская линия";"2025";"IV квартал";"776262";"768499";"2846428350";
"Марьина Роща";"Люблинско-Дмитровская линия";"2025";"IV квартал";"2275292";"2325655";"2846428385";
"Пыхтино";"Солнцевская линия";"2025";"IV квартал";"957658";"920923";"2846428400";
"Аэропорт Внуково";"Солнцевская линия";"2025";"IV квартал";"956897";"591773";"2846428401";
"Яхромская";"Люблинско-Дмитровская линия";"2025";"IV квартал";"1963700";"1941723";"2846428402";
"Лианозово";"Люблинско-Дмитровская линия";"2025";"IV квартал";"1651417";"1617726";"2846428403";
"Физтех";"Люблинско-Дмитровская линия";"2025";"IV квартал";"1275442";"1244368";"2846428404";
"Потапово";"Сокольническая линия";"2025";"IV квартал";"1904531";"1915798";"2846428405";
"Университет Дружбы Народов";"Троицкая линия";"2025";"IV квартал";"1555482";"1601159";"2846428407";
"Генерала Тюленева";"Троицкая линия";"2025";"IV квартал";"637453";"641655";"2846428408";
"Тютчевская";"Троицкая линия";"2025";"IV квартал";"346146";"339451";"2846428409";
"Корниловская";"Троицкая линия";"2025";"IV квартал";"772718";"755046";"2846428410";
"Коммунарка";"Троицкая линия";"2025";"IV квартал";"697085";"699562";"2846428411";
"Вавиловская";"Троицкая линия";"2025";"IV квартал";"621288";"616116";"2846428415";
"Марьина Роща";"Большая кольцевая линия";"2025";"IV квартал";"884897";"898606";"2846741615";
"Деловой центр";"Филёвская линия";"2025";"IV квартал";"1305847";"1324471";"2846748687";
"Кунцевская";"Арбатско-Покровская линия";"2025";"IV квартал";"1006427";"1022452";"2846757029";
"Парк Победы";"Арбатско-Покровская линия";"2025";"IV квартал";"1344773";"1334695";"2846763620";
"Смоленская";"Арбатско-Покровская линия";"2025";"IV квартал";"2893204";"2979820";"2846770549";
"Арбатская";"Арбатско-Покровская линия";"2025";"IV квартал";"2709774";"2805936";"2846779519";
"Курская";"Арбатско-Покровская линия";"2025";"IV квартал";"1717999";"1770050";"2846787452";
"Савёловская";"Большая кольцевая линия";"2025";"IV квартал";"2190052";"2226673";"2846793273";
"Петровский парк";"Большая кольцевая линия";"2025";"IV квартал";"1926866";"1978700";"2846801993";
"Шелепиха";"Большая кольцевая линия";"2025";"IV квартал";"0";"0";"2846806540";
"Деловой центр";"Большая кольцевая линия";"2025";"IV квартал";"409187";"403190";"2846815088";
"Лефортово";"Большая кольцевая линия";"2025";"IV квартал";"1270346";"1281320";"2846831020";
"Электрозаводская";"Большая кольцевая линия";"2025";"IV квартал";"1874672";"1914574";"2846837008";
"Мичуринский проспект";"Большая кольцевая линия";"2025";"IV квартал";"1198678";"1205752";"2846845567";
"Варшавская";"Большая кольцевая линия";"2025";"IV квартал";"3286861";"3262980";"2846855465";
"Каширская";"Большая кольцевая линия";"2025";"IV квартал";"3615808";"3620550";"2846859949";
"Печатники";"Большая кольцевая линия";"2025";"IV квартал";"1215792";"1239886";"2846866454";
"Текстильщики";"Большая кольцевая линия";"2025";"IV квартал";"1345524";"1375274";"2846873009";
"Авиамоторная";"Калининская линия";"2025";"IV квартал";"2610574";"2646156";"2846879810";
"Третьяковская";"Калининская линия";"2025";"IV квартал";"2822208";"2931653";"2846887058";
"Третьяковская";"Калужско-Рижская линия";"2025";"IV квартал";"0";"0";"2846892331";
"Петровско-Разумовская";"Серпуховско-Тимирязевская линия";"2025";"IV квартал";"0";"0";"2846896068";
"Китай-город";"Таганско-Краснопресненская линия";"2025";"IV квартал";"0";"0";"2846901414";
"Киевская";"Филёвская линия";"2025";"IV квартал";"0";"0";"2846905965";
"Рижская";"Калужско-Рижская линия";"2025";"IV квартал";"1085984";"1118749";"2847143016";
"Проспект Мира";"Калужско-Рижская линия";"2025";"IV квартал";"1994295";"2059985";"2847143155";
"Киевская";"Кольцевая линия";"2025";"IV квартал";"3308759";"3308259";"2847143216";
"Белорусская";"Кольцевая линия";"2025";"IV квартал";"4419812";"4226677";"2847143276";
"Комсомольская";"Кольцевая линия";"2025";"IV квартал";"8618485";"7561897";"2847143334";
"Таганская";"Кольцевая линия";"2025";"IV квартал";"2439700";"2507130";"2847143395";
"Павелецкая";"Кольцевая линия";"2025";"IV квартал";"5030509";"5167087";"2847143459";
"Октябрьская";"Кольцевая линия";"2025";"IV квартал";"2400616";"2498655";"2847143511";
"Парк культуры";"Кольцевая линия";"2025";"IV квартал";"3252670";"3357599";"2847143572";
"Окружная";"Московское центральное кольцо";"2025";"IV квартал";"1262921";"1214617";"2847143637";
"Владыкино";"Московское центральное кольцо";"2025";"IV квартал";"538359";"538389";"2847143696";
"Ботанический сад";"Московское центральное кольцо";"2025";"IV квартал";"1056869";"1067240";"2847143733";
"Бульвар Рокоссовского";"Московское центральное кольцо";"2025";"IV квартал";"823936";"835696";"2847143755";
"Шоссе Энтузиастов";"Московское центральное кольцо";"2025";"IV квартал";"596225";"601086";"2847143761";
"Нижегородская";"Московское центральное кольцо";"2025";"IV квартал";"1327943";"1315875";"2847143767";
"Дубровка";"Московское центральное кольцо";"2025";"IV квартал";"735988";"749641";"2847143779";
"Автозаводская";"Московское центральное кольцо";"2025";"IV квартал";"457251";"464388";"2847143861";
"Кутузовская";"Московское центральное кольцо";"2025";"IV квартал";"1792276";"1805057";"2847143876";
"Москва-Сити";"Московское центральное кольцо";"2025";"IV квартал";"1928042";"1974332";"2847143912";
"Сокольники";"Сокольническая линия";"2025";"IV квартал";"1283154";"1300870";"2847143947";
"Проспект Вернадского";"Сокольническая линия";"2025";"IV квартал";"2049253";"2057191";"2847143962";
"Кунцевская";"Филёвская линия";"2025";"IV квартал";"590137";"578893";"2847143971";
"Новаторская";"Троицкая линия";"2025";"IV квартал";"1343443";"1342412";"2847143977";
"Новомосковская";"Троицкая линия";"2025";"IV квартал";"174857";"172093";"2847143989";
"Академическая";"Троицкая линия";"2025";"IV квартал";"385552";"373982";"2847143997";
"ЗИЛ";"Троицкая линия";"2025";"IV квартал";"289597";"292548";"2847144011";
"Крымская";"Троицкая линия";"2025";"IV квартал";"188734";"181657";"2847144020";
"Мякинино";"Арбатско-Покровская линия";"2026";"I квартал";"1666424";"1604695";"5073135934";
"Семёновская";"Арбатско-Покровская линия";"2026";"I квартал";"2576490";"2626615";"5073135936";
"Митино";"Арбатско-Покровская линия";"2026";"I квартал";"2164353";"2107292";"5073135938";
"Волоколамская";"Арбатско-Покровская линия";"2026";"I квартал";"1702035";"1669592";"5073135939";
"Бауманская";"Арбатско-Покровская линия";"2026";"I квартал";"4389951";"4530953";"5073135942";
"Пятницкое шоссе";"Арбатско-Покровская линия";"2026";"I квартал";"1645265";"1590645";"5073135943";
"Партизанская";"Арбатско-Покровская линия";"2026";"I квартал";"1659088";"1595992";"5073135944";
"Измайловская";"Арбатско-Покровская линия";"2026";"I квартал";"1604603";"1631924";"5073135945";
"Молодёжная";"Арбатско-Покровская линия";"2026";"I квартал";"3698160";"3694068";"5073135949";
"Первомайская";"Арбатско-Покровская линия";"2026";"I квартал";"3067812";"3074433";"5073135950";
"Хорошёвская";"Большая кольцевая линия";"2026";"I квартал";"1339804";"1359207";"5073135951";
"Строгино";"Арбатско-Покровская линия";"2026";"I квартал";"2416374";"2400954";"5073135954";
"ЦСКА";"Большая кольцевая линия";"2026";"I квартал";"3252162";"3324769";"5073135955";
"Славянский бульвар";"Арбатско-Покровская линия";"2026";"I квартал";"4440619";"4388461";"5073135956";
"Крылатское";"Арбатско-Покровская линия";"2026";"I квартал";"2633379";"2598272";"5073135957";
"Щёлковская";"Арбатско-Покровская линия";"2026";"I квартал";"6002845";"5834235";"5073135958";
"Народное Ополчение";"Большая кольцевая линия";"2026";"I квартал";"2245954";"2250078";"5073135967";
"Площадь Революции";"Арбатско-Покровская линия";"2026";"I квартал";"2948211";"2955753";"5073135972";
"Давыдково";"Большая кольцевая линия";"2026";"I квартал";"1175898";"1174710";"5073135978";
"Терехово";"Большая кольцевая линия";"2026";"I квартал";"552472";"550311";"5073135979";
"Аминьевская";"Большая кольцевая линия";"2026";"I квартал";"3115928";"3076413";"5073135980";
"Кленовый бульвар";"Большая кольцевая линия";"2026";"I квартал";"764031";"788016";"5073135981";
"Мнёвники";"Большая кольцевая линия";"2026";"I квартал";"661892";"668512";"5073135982";
"Каховская";"Большая кольцевая линия";"2026";"I квартал";"1749650";"1783315";"5073135983";
"Нагатинский Затон";"Большая кольцевая линия";"2026";"I квартал";"702671";"716170";"5073135984";
"Зюзино";"Большая кольцевая линия";"2026";"I квартал";"2211614";"2244838";"5073135989";
"Воронцовская";"Большая кольцевая линия";"2026";"I квартал";"1396722";"1411282";"5073135990";
"Ховрино";"Замоскворецкая линия";"2026";"I квартал";"4359762";"4112038";"5073136004";
"Речной вокзал";"Замоскворецкая линия";"2026";"I квартал";"2147885";"2137114";"5073136007";
"Водный стадион";"Замоскворецкая линия";"2026";"I квартал";"3652174";"3691696";"5073136008";
"Беломорская";"Замоскворецкая линия";"2026";"I квартал";"2560493";"2496179";"5073136010";
"Тверская";"Замоскворецкая линия";"2026";"I квартал";"0";"0";"5073136012";
"Маяковская";"Замоскворецкая линия";"2026";"I квартал";"3066924";"3160024";"5073136013";
"Войковская";"Замоскворецкая линия";"2026";"I квартал";"4017212";"4040454";"5073136014";
"Аэропорт";"Замоскворецкая линия";"2026";"I квартал";"2989537";"3028874";"5073136015";
"Динамо";"Замоскворецкая линия";"2026";"I квартал";"2425902";"2448189";"5073136016";
"Театральная";"Замоскворецкая линия";"2026";"I квартал";"0";"0";"5073136017";
"Сокол";"Замоскворецкая линия";"2026";"I квартал";"3104976";"3115618";"5073136018";
"Новокузнецкая";"Замоскворецкая линия";"2026";"I квартал";"2591302";"2689690";"5073136019";
"Технопарк";"Замоскворецкая линия";"2026";"I квартал";"2110669";"2124686";"5073136021";
"Коломенская";"Замоскворецкая линия";"2026";"I квартал";"3441705";"3494847";"5073136025";
"Царицыно";"Замоскворецкая линия";"2026";"I квартал";"4796847";"4742417";"5073136037";
"Орехово";"Замоскворецкая линия";"2026";"I квартал";"1487342";"1487280";"5073136040";
"Кантемировская";"Замоскворецкая линия";"2026";"I квартал";"2634305";"2647911";"5073136042";
"Домодедовская";"Замоскворецкая линия";"2026";"I квартал";"5283358";"5081962";"5073136045";
"Площадь Ильича";"Калининская линия";"2026";"I квартал";"1771676";"1791845";"5073136046";
"Медведково";"Калужско-Рижская линия";"2026";"I квартал";"4544534";"4518661";"5073136047";
"Красногвардейская";"Замоскворецкая линия";"2026";"I квартал";"1701590";"1662306";"5073136048";
"Марксистская";"Калининская линия";"2026";"I квартал";"1830530";"1898068";"5073136050";
"Бабушкинская";"Калужско-Рижская линия";"2026";"I квартал";"4058679";"4080315";"5073136051";
"Новокосино";"Калининская линия";"2026";"I квартал";"4333862";"4324695";"5073136052";
"Алма-Атинская";"Замоскворецкая линия";"2026";"I квартал";"1158993";"1138900";"5073136053";
"Новогиреево";"Калининская линия";"2026";"I квартал";"5235535";"5182787";"5073136054";
"Свиблово";"Калужско-Рижская линия";"2026";"I квартал";"2040077";"2057328";"5073136055";
"Перово";"Калининская линия";"2026";"I квартал";"3126332";"3125176";"5073136056";
"Алексеевская";"Калужско-Рижская линия";"2026";"I квартал";"2710400";"2752497";"5073136057";
"Сухаревская";"Калужско-Рижская линия";"2026";"I квартал";"1870712";"1943537";"5073136058";
"ВДНХ";"Калужско-Рижская линия";"2026";"I квартал";"6100836";"6005893";"5073136061";
"Шаболовская";"Калужско-Рижская линия";"2026";"I квартал";"2156399";"2229790";"5073136078";
"Ясенево";"Калужско-Рижская линия";"2026";"I квартал";"2632743";"2637154";"5073136079";
"Коньково";"Калужско-Рижская линия";"2026";"I квартал";"2197939";"2219576";"5073136080";
"Новоясеневская";"Калужско-Рижская линия";"2026";"I квартал";"570995";"556290";"5073136082";
"Тургеневская";"Калужско-Рижская линия";"2026";"I квартал";"1813509";"1889427";"5073136083";
"Ленинский проспект";"Калужско-Рижская линия";"2026";"I квартал";"2885884";"2989185";"5073136084";
"Профсоюзная";"Калужско-Рижская линия";"2026";"I квартал";"2508903";"2557922";"5073136085";
"Тёплый стан";"Калужско-Рижская линия";"2026";"I квартал";"4158307";"4168026";"5073136087";
"Краснопресненская";"Кольцевая линия";"2026";"I квартал";"1694339";"1740136";"5073136089";
"Новые Черёмушки";"Калужско-Рижская линия";"2026";"I квартал";"2778190";"2819079";"5073136090";
"Калужская";"Калужско-Рижская линия";"2026";"I квартал";"2026568";"2076876";"5073136091";
"Селигерская";"Люблинско-Дмитровская линия";"2026";"I квартал";"2479693";"2462468";"5073136092";
"Добрынинская";"Кольцевая линия";"2026";"I квартал";"1826143";"1886387";"5073136093";
"Беляево";"Калужско-Рижская линия";"2026";"I квартал";"2656304";"2714533";"5073136094";
"Новослободская";"Кольцевая линия";"2026";"I квартал";"2589927";"2707165";"5073136095";
"Фонвизинская";"Люблинско-Дмитровская линия";"2026";"I квартал";"1147280";"1152160";"5073136110";
"Верхние Лихоборы";"Люблинско-Дмитровская линия";"2026";"I квартал";"1268900";"1261815";"5073136111";
"Бутырская";"Люблинско-Дмитровская линия";"2026";"I квартал";"1537528";"1559058";"5073136116";
"Крестьянская застава";"Люблинско-Дмитровская линия";"2026";"I квартал";"635366";"656004";"5073136117";
"Кожуховская";"Люблинско-Дмитровская линия";"2026";"I квартал";"1778411";"1815461";"5073136118";
"Достоевская";"Люблинско-Дмитровская линия";"2026";"I квартал";"1141378";"1172945";"5073136119";
"Люблино";"Люблинско-Дмитровская линия";"2026";"I квартал";"3763065";"3698984";"5073136120";
"Волжская";"Люблинско-Дмитровская линия";"2026";"I квартал";"1259290";"1279645";"5073136121";
"Трубная";"Люблинско-Дмитровская линия";"2026";"I квартал";"1620177";"1693311";"5073136122";
"Чкаловская";"Люблинско-Дмитровская линия";"2026";"I квартал";"1711137";"1736960";"5073136125";
"Сретенский бульвар";"Люблинско-Дмитровская линия";"2026";"I квартал";"715562";"748938";"5073136126";
"Братиславская";"Люблинско-Дмитровская линия";"2026";"I квартал";"3238168";"3250971";"5073136127";
"Шипиловская";"Люблинско-Дмитровская линия";"2026";"I квартал";"1217018";"1223008";"5073136129";
"Марьино";"Люблинско-Дмитровская линия";"2026";"I квартал";"2734565";"2723909";"5073136130";
"Римская";"Люблинско-Дмитровская линия";"2026";"I квартал";"1423241";"1451630";"5073136131";
"Борисово";"Люблинско-Дмитровская линия";"2026";"I квартал";"932538";"925993";"5073136132";
"Зябликово";"Люблинско-Дмитровская линия";"2026";"I квартал";"928224";"902168";"5073136141";
"Лихоборы";"Московское центральное кольцо";"2026";"I квартал";"1321823";"1329333";"5073136143";
"Белокаменная";"Московское центральное кольцо";"2026";"I квартал";"170682";"173314";"5073136145";
"Ростокино";"Московское центральное кольцо";"2026";"I квартал";"2712019";"2712324";"5073136146";
"Андроновка";"Московское центральное кольцо";"2026";"I квартал";"679495";"672747";"5073136147";
"Измайлово";"Московское центральное кольцо";"2026";"I квартал";"714603";"705777";"5073136148";
"Новохохловская";"Московское центральное кольцо";"2026";"I квартал";"549177";"554439";"5073136149";
"Соколиная Гора";"Московское центральное кольцо";"2026";"I квартал";"536572";"548284";"5073136150";
"Локомотив";"Московское центральное кольцо";"2026";"I квартал";"830379";"765015";"5073136151";
"Верхние Котлы";"Московское центральное кольцо";"2026";"I квартал";"1108306";"1118073";"5073136156";
"Площадь Гагарина";"Московское центральное кольцо";"2026";"I квартал";"774932";"793775";"5073136158";
"Угрешская";"Московское центральное кольцо";"2026";"I квартал";"430797";"437652";"5073136159";
"Лужники";"Московское центральное кольцо";"2026";"I квартал";"728752";"741410";"5073136161";
"Зорге";"Московское центральное кольцо";"2026";"I квартал";"430890";"432981";"5073136171";
"Хорошёво";"Московское центральное кольцо";"2026";"I квартал";"616913";"627831";"5073136172";
"Панфиловская";"Московское центральное кольцо";"2026";"I квартал";"531439";"540115";"5073136173";
"Стрешнево";"Московское центральное кольцо";"2026";"I квартал";"1519826";"1514829";"5073136174";
"Юго-Восточная";"Некрасовская линия";"2026";"I квартал";"1243278";"1255966";"5073136178";
"Лухмановская";"Некрасовская линия";"2026";"I квартал";"1647878";"1636766";"5073136179";
"Улица Дмитриевского";"Некрасовская линия";"2026";"I квартал";"865111";"875345";"5073136180";
"Косино";"Некрасовская линия";"2026";"I квартал";"466761";"452667";"5073136181";
"Балтийская";"Московское центральное кольцо";"2026";"I квартал";"909061";"926052";"5073136184";
"Коптево";"Московское центральное кольцо";"2026";"I квартал";"1288487";"1318439";"5073136185";
"Стахановская";"Некрасовская линия";"2026";"I квартал";"851161";"859292";"5073136187";
"Окская";"Некрасовская линия";"2026";"I квартал";"958765";"971405";"5073136188";
"Некрасовка";"Некрасовская линия";"2026";"I квартал";"5101860";"5074843";"5073136189";
"Бибирево";"Серпуховско-Тимирязевская линия";"2026";"I квартал";"2410922";"2447359";"5073136190";
"Алтуфьево";"Серпуховско-Тимирязевская линия";"2026";"I квартал";"3024918";"3026988";"5073136191";
"Отрадное";"Серпуховско-Тимирязевская линия";"2026";"I квартал";"4028650";"4111348";"5073136192";
"Тимирязевская";"Серпуховско-Тимирязевская линия";"2026";"I квартал";"2084035";"2097117";"5073136195";
"Менделеевская";"Серпуховско-Тимирязевская линия";"2026";"I квартал";"2053034";"2132194";"5073136208";
"Цветной бульвар";"Серпуховско-Тимирязевская линия";"2026";"I квартал";"2028915";"2101466";"5073136209";
"Дмитровская";"Серпуховско-Тимирязевская линия";"2026";"I квартал";"2919659";"2977000";"5073136210";
"Чеховская";"Серпуховско-Тимирязевская линия";"2026";"I квартал";"1977366";"2077314";"5073136212";
"Полянка";"Серпуховско-Тимирязевская линия";"2026";"I квартал";"1522665";"1578147";"5073136216";
"Серпуховская";"Серпуховско-Тимирязевская линия";"2026";"I квартал";"1965432";"2029967";"5073136217";
"Боровицкая";"Серпуховско-Тимирязевская линия";"2026";"I квартал";"614975";"635322";"5073136219";
"Тульская";"Серпуховско-Тимирязевская линия";"2026";"I квартал";"2764808";"2835635";"5073136222";
"Нагорная";"Серпуховско-Тимирязевская линия";"2026";"I квартал";"1567189";"1600855";"5073136223";
"Севастопольская";"Серпуховско-Тимирязевская линия";"2026";"I квартал";"700131";"719187";"5073136224";
"Нагатинская";"Серпуховско-Тимирязевская линия";"2026";"I квартал";"2989776";"3021928";"5073136225";
"Нахимовский проспект";"Серпуховско-Тимирязевская линия";"2026";"I квартал";"1612691";"1625625";"5073136226";
"Чертановская";"Серпуховско-Тимирязевская линия";"2026";"I квартал";"2813697";"2830254";"5073136227";
"Южная";"Серпуховско-Тимирязевская линия";"2026";"I квартал";"1980752";"1973406";"5073136228";
"Пражская";"Серпуховско-Тимирязевская линия";"2026";"I квартал";"4120803";"4173119";"5073136230";
"Улица академика Янгеля";"Серпуховско-Тимирязевская линия";"2026";"I квартал";"2449961";"2435517";"5073136232";
"Аннино";"Серпуховско-Тимирязевская линия";"2026";"I квартал";"2155439";"2064387";"5073136235";
"Бульвар Дмитрия Донского";"Серпуховско-Тимирязевская линия";"2026";"I квартал";"4687267";"4600288";"5073136236";
"Черкизовская";"Сокольническая линия";"2026";"I квартал";"1712931";"1496556";"5073136246";
"Преображенская площадь";"Сокольническая линия";"2026";"I квартал";"3576821";"3616092";"5073136247";
"Красносельская";"Сокольническая линия";"2026";"I квартал";"1534482";"1554854";"5073136248";
"Красные ворота";"Сокольническая линия";"2026";"I квартал";"1939485";"1970531";"5073136251";
"Воробьёвы горы";"Сокольническая линия";"2026";"I квартал";"1329290";"1315672";"5073136256";
"Спортивная";"Сокольническая линия";"2026";"I квартал";"1894518";"1929446";"5073136257";
"Лубянка";"Сокольническая линия";"2026";"I квартал";"2564203";"2609031";"5073136258";
"Чистые пруды";"Сокольническая линия";"2026";"I квартал";"1672380";"1734666";"5073136259";
"Фрунзенская";"Сокольническая линия";"2026";"I квартал";"2638674";"2741885";"5073136260";
"Университет";"Сокольническая линия";"2026";"I квартал";"2682453";"2710921";"5073136261";
"Охотный ряд";"Сокольническая линия";"2026";"I квартал";"5055580";"5024722";"5073136262";
"Библиотека имени Ленина";"Сокольническая линия";"2026";"I квартал";"0";"0";"5073136264";
"Юго-Западная";"Сокольническая линия";"2026";"I квартал";"4291994";"4366814";"5073136266";
"Кропоткинская";"Сокольническая линия";"2026";"I квартал";"2322306";"2395457";"5073136267";
"Тропарёво";"Сокольническая линия";"2026";"I квартал";"1461495";"1454586";"5073136268";
"Румянцево";"Сокольническая линия";"2026";"I квартал";"1010078";"996556";"5073136269";
"Саларьево";"Сокольническая линия";"2026";"I квартал";"3390201";"3276717";"5073136270";
"Филатов луг";"Сокольническая линия";"2026";"I квартал";"2145040";"2161964";"5073136271";
"Боровское шоссе";"Солнцевская линия";"2026";"I квартал";"499325";"470210";"5073136276";
"Новопеределкино";"Солнцевская линия";"2026";"I квартал";"1454096";"1415459";"5073136279";
"Солнцево";"Солнцевская линия";"2026";"I квартал";"1900566";"1879157";"5073136280";
"Ольховая";"Сокольническая линия";"2026";"I квартал";"820300";"798985";"5073136281";
"Говорово";"Солнцевская линия";"2026";"I квартал";"1190189";"1159677";"5073136282";
"Прокшино";"Сокольническая линия";"2026";"I квартал";"933578";"935562";"5073136283";
"Минская";"Солнцевская линия";"2026";"I квартал";"789963";"790542";"5073136285";
"Ломоносовский проспект";"Солнцевская линия";"2026";"I квартал";"1307218";"1310685";"5073136286";
"Рассказовка";"Солнцевская линия";"2026";"I квартал";"1717400";"1672415";"5073136293";
"Планерная";"Таганско-Краснопресненская линия";"2026";"I квартал";"3603963";"3561098";"5073136295";
"Раменки";"Солнцевская линия";"2026";"I квартал";"1776050";"1766531";"5073136296";
"Тушинская";"Таганско-Краснопресненская линия";"2026";"I квартал";"3719382";"3663098";"5073136297";
"Сходненская";"Таганско-Краснопресненская линия";"2026";"I квартал";"4050602";"4042005";"5073136298";
"Озёрная";"Солнцевская линия";"2026";"I квартал";"1563181";"1543447";"5073136304";
"Спартак";"Таганско-Краснопресненская линия";"2026";"I квартал";"979951";"971686";"5073136305";
"Щукинская";"Таганско-Краснопресненская линия";"2026";"I квартал";"3715906";"3741239";"5073136306";
"Выхино";"Таганско-Краснопресненская линия";"2026";"I квартал";"5155267";"5119599";"5073136309";
"Кузьминки";"Таганско-Краснопресненская линия";"2026";"I квартал";"4561331";"4594624";"5073136310";
"Рязанский проспект";"Таганско-Краснопресненская линия";"2026";"I квартал";"2175218";"2190750";"5073136311";
"Лермонтовский проспект";"Таганско-Краснопресненская линия";"2026";"I квартал";"1477161";"1452518";"5073136312";
"Улица 1905 года";"Таганско-Краснопресненская линия";"2026";"I квартал";"3805173";"3906541";"5073136313";
"Жулебино";"Таганско-Краснопресненская линия";"2026";"I квартал";"2225585";"2211994";"5073136315";
"Полежаевская";"Таганско-Краснопресненская линия";"2026";"I квартал";"2429997";"2460283";"5073136317";
"Котельники";"Таганско-Краснопресненская линия";"2026";"I квартал";"5205638";"4910598";"5073136318";
"Октябрьское поле";"Таганско-Краснопресненская линия";"2026";"I квартал";"3381612";"3406607";"5073136319";
"Беговая";"Таганско-Краснопресненская линия";"2026";"I квартал";"2811935";"2819661";"5073136320";
"Филёвский парк";"Филёвская линия";"2026";"I квартал";"818573";"804785";"5073136322";
"Пионерская";"Филёвская линия";"2026";"I квартал";"512904";"497582";"5073136324";
"Багратионовская";"Филёвская линия";"2026";"I квартал";"1420796";"1429431";"5073136327";
"Пушкинская";"Таганско-Краснопресненская линия";"2026";"I квартал";"3809226";"3949918";"5073136328";
"Баррикадная";"Таганско-Краснопресненская линия";"2026";"I квартал";"1904047";"1963453";"5073136329";
"Кузнецкий мост";"Таганско-Краснопресненская линия";"2026";"I квартал";"2070633";"2161956";"5073136330";
"Пролетарская";"Таганско-Краснопресненская линия";"2026";"I квартал";"2657753";"2682205";"5073136335";
"Волгоградский проспект";"Таганско-Краснопресненская линия";"2026";"I квартал";"1858025";"1850929";"5073136337";
"Фили";"Филёвская линия";"2026";"I квартал";"1455431";"1448762";"5073136341";
"Студенческая";"Филёвская линия";"2026";"I квартал";"533748";"533344";"5073136343";
"Александровский сад";"Филёвская линия";"2026";"I квартал";"1756773";"1782510";"5073136344";
"Петровский парк";"Большая кольцевая линия";"2026";"I квартал";"1701949";"1743134";"5073136355";
"Лефортово";"Большая кольцевая линия";"2026";"I квартал";"1152696";"1162309";"5073136357";
"Варшавская";"Большая кольцевая линия";"2026";"I квартал";"3046189";"3000522";"5073136358";
"Тютчевская";"Троицкая линия";"2026";"I квартал";"326699";"320028";"5073136375";
"Корниловская";"Троицкая линия";"2026";"I квартал";"776351";"749348";"5073136376";
"Аэропорт Внуково";"Солнцевская линия";"2026";"I квартал";"966375";"578801";"5073136377";
"Генерала Тюленева";"Троицкая линия";"2026";"I квартал";"633229";"637937";"5073136378";
"Университет Дружбы Народов";"Троицкая линия";"2026";"I квартал";"1221602";"1250543";"5073136379";
"Пыхтино";"Солнцевская линия";"2026";"I квартал";"901122";"862988";"5073136381";
"Лианозово";"Люблинско-Дмитровская линия";"2026";"I квартал";"1561343";"1524876";"5073136382";
"Яхромская";"Люблинско-Дмитровская линия";"2026";"I квартал";"1780360";"1761476";"5073136385";
"Физтех";"Люблинско-Дмитровская линия";"2026";"I квартал";"1157781";"1125738";"5073136387";
"Коммунарка";"Троицкая линия";"2026";"I квартал";"701497";"701012";"5073136390";
"Потапово";"Сокольническая линия";"2026";"I квартал";"1812925";"1814009";"5073136391";
"Вавиловская";"Троицкая линия";"2026";"I квартал";"713650";"699358";"5073136392";
"Киевская";"Арбатско-Покровская линия";"2026";"I квартал";"3064420";"2849001";"5073163982";
"Электрозаводская";"Арбатско-Покровская линия";"2026";"I квартал";"2274219";"2308360";"5073167118";
"Авиамоторная";"Большая кольцевая линия";"2026";"I квартал";"1448021";"1482855";"5073170362";
"Кунцевская";"Большая кольцевая линия";"2026";"I квартал";"1987871";"1989083";"5073173413";
"Проспект Вернадского";"Большая кольцевая линия";"2026";"I квартал";"852530";"852267";"5073176408";
"Новаторская";"Большая кольцевая линия";"2026";"I квартал";"808579";"812136";"5073178873";
"Сокольники";"Большая кольцевая линия";"2026";"I квартал";"2087290";"2135252";"5073181550";
"Рижская";"Большая кольцевая линия";"2026";"I квартал";"865903";"888446";"5073183888";
"Марьина Роща";"Большая кольцевая линия";"2026";"I квартал";"804576";"814965";"5073186420";
"Битцевский парк";"Бутовская линия";"2026";"I квартал";"180007";"131487";"5073189445";
"Лесопарковая";"Бутовская линия";"2026";"I квартал";"825328";"785085";"5073199809";
"Октябрьская";"Калужско-Рижская линия";"2026";"I квартал";"1010778";"1050465";"5073263236";
"Академическая";"Калужско-Рижская линия";"2026";"I квартал";"2173633";"2195999";"5073263238";
"Бульвар адмирала Ушакова";"Бутовская линия";"2026";"I квартал";"821903";"819785";"5073263239";
"Китай-город";"Калужско-Рижская линия";"2026";"I квартал";"5150816";"5296559";"5073263243";
"Улица Скобелевская";"Бутовская линия";"2026";"I квартал";"1693185";"1646841";"5073263244";
"Ботанический сад";"Калужско-Рижская линия";"2026";"I квартал";"2007006";"2009082";"5073263245";
"Улица Горчакова";"Бутовская линия";"2026";"I квартал";"788314";"782479";"5073263246";
"Улица Старокачаловская";"Бутовская линия";"2026";"I квартал";"0";"0";"5073263247";
"Бунинская аллея";"Бутовская линия";"2026";"I квартал";"1647638";"1641180";"5073263248";
"Проспект Мира";"Кольцевая линия";"2026";"I квартал";"1963660";"2015447";"5073263249";
"Курская";"Кольцевая линия";"2026";"I квартал";"4308942";"4085327";"5073263250";
"Окружная";"Люблинско-Дмитровская линия";"2026";"I квартал";"887851";"872667";"5073263251";
"Петровско-Разумовская";"Люблинско-Дмитровская линия";"2026";"I квартал";"1869096";"1802026";"5073263252";
"Белорусская";"Замоскворецкая линия";"2026";"I квартал";"2512628";"2454506";"5073263253";
"Павелецкая";"Замоскворецкая линия";"2026";"I квартал";"2647879";"2208690";"5073263254";
"Дубровка";"Люблинско-Дмитровская линия";"2026";"I квартал";"1235430";"1265900";"5073263255";
"Каширская";"Замоскворецкая линия";"2026";"I квартал";"0";"0";"5073263256";
"Печатники";"Люблинско-Дмитровская линия";"2026";"I квартал";"1115001";"1130931";"5073263257";
"Шоссе Энтузиастов";"Калининская линия";"2026";"I квартал";"1749849";"1760395";"5073263258";
"Автозаводская";"Замоскворецкая линия";"2026";"I квартал";"3257181";"3337315";"5073263266";
"Шелепиха";"Московское центральное кольцо";"2026";"I квартал";"1205130";"1232527";"5073263276";
"Нижегородская";"Некрасовская линия";"2026";"I квартал";"3899163";"3870274";"5073263278";
"ЗИЛ";"Московское центральное кольцо";"2026";"I квартал";"832714";"845784";"5073263279";
"Крымская";"Московское центральное кольцо";"2026";"I квартал";"748347";"774259";"5073263280";
"Владыкино";"Серпуховско-Тимирязевская линия";"2026";"I квартал";"1260937";"1259903";"5073263285";
"Бульвар Рокоссовского";"Сокольническая линия";"2026";"I квартал";"2430906";"2420310";"5073263286";
"Савёловская";"Серпуховско-Тимирязевская линия";"2026";"I квартал";"2532743";"2533445";"5073263287";
"Комсомольская";"Сокольническая линия";"2026";"I квартал";"2160652";"1777093";"5073263288";
"Парк культуры";"Сокольническая линия";"2026";"I квартал";"727994";"749920";"5073263289";
"Новомосковская";"Сокольническая линия";"2026";"I квартал";"967578";"977140";"5073263290";
"Деловой центр";"Солнцевская линия";"2026";"I квартал";"1776355";"1792204";"5073299337";
"Мичуринский проспект";"Солнцевская линия";"2026";"I квартал";"183237";"177722";"5073299338";
"Кунцевская";"Арбатско-Покровская линия";"2026";"I квартал";"912588";"926659";"5073299339";
"Парк Победы";"Арбатско-Покровская линия";"2026";"I квартал";"1184758";"1164834";"5073299340";
"Парк Победы";"Солнцевская линия";"2026";"I квартал";"347067";"347541";"5073299341";
"Таганская";"Таганско-Краснопресненская линия";"2026";"I квартал";"1129534";"1162449";"5073299342";
"Смоленская";"Арбатско-Покровская линия";"2026";"I квартал";"2771823";"2846739";"5073299343";
"Арбатская";"Арбатско-Покровская линия";"2026";"I квартал";"2552277";"2636644";"5073299344";
"Текстильщики";"Таганско-Краснопресненская линия";"2026";"I квартал";"4615783";"4599359";"5073299345";
"Смоленская";"Филёвская линия";"2026";"I квартал";"752819";"763705";"5073299346";
"Кутузовская";"Филёвская линия";"2026";"I квартал";"790118";"790714";"5073299347";
"Арбатская";"Филёвская линия";"2026";"I квартал";"629898";"613663";"5073299348";
"Курская";"Арбатско-Покровская линия";"2026";"I квартал";"1531210";"1575756";"5073299349";
"Савёловская";"Большая кольцевая линия";"2026";"I квартал";"1992450";"2017570";"5073299350";
"Деловой центр";"Большая кольцевая линия";"2026";"I квартал";"375640";"370005";"5073299351";
"Москва-Сити";"Филёвская линия";"2026";"I квартал";"724333";"713439";"5073299352";
"Деловой центр";"Филёвская линия";"2026";"I квартал";"1188602";"1207293";"5073299353";
"Мичуринский проспект";"Большая кольцевая линия";"2026";"I квартал";"1056533";"1062779";"5073299354";
"Электрозаводская";"Большая кольцевая линия";"2026";"I квартал";"1703559";"1742684";"5073299355";
"Шелепиха";"Большая кольцевая линия";"2026";"I квартал";"0";"0";"5073299356";
"Печатники";"Большая кольцевая линия";"2026";"I квартал";"1123603";"1148190";"5073299357";
"Каширская";"Большая кольцевая линия";"2026";"I квартал";"3259364";"3252241";"5073299359";
"Текстильщики";"Большая кольцевая линия";"2026";"I квартал";"1673408";"1740538";"5073299360";
"Третьяковская";"Калининская линия";"2026";"I квартал";"2633765";"2730023";"5073299361";
"Петровско-Разумовская";"Серпуховско-Тимирязевская линия";"2026";"I квартал";"0";"0";"5073299362";
"Проспект Мира";"Калужско-Рижская линия";"2026";"I квартал";"1879239";"1939029";"5073299363";
"Третьяковская";"Калужско-Рижская линия";"2026";"I квартал";"0";"0";"5073299364";
"Белорусская";"Кольцевая линия";"2026";"I квартал";"4109092";"3915679";"5073299365";
"Киевская";"Кольцевая линия";"2026";"I квартал";"3099581";"3089719";"5073299366";
"Комсомольская";"Кольцевая линия";"2026";"I квартал";"7850487";"6791593";"5073299367";
"Китай-город";"Таганско-Краснопресненская линия";"2026";"I квартал";"0";"0";"5073299368";
"Таганская";"Кольцевая линия";"2026";"I квартал";"2188247";"2254658";"5073299369";
"Рижская";"Калужско-Рижская линия";"2026";"I квартал";"1070466";"1101495";"5073299370";
"Павелецкая";"Кольцевая линия";"2026";"I квартал";"4605443";"4732423";"5073299371";
"Парк культуры";"Кольцевая линия";"2026";"I квартал";"2911974";"2999677";"5073299372";
"Киевская";"Филёвская линия";"2026";"I квартал";"0";"0";"5073299373";
"Марьина Роща";"Люблинско-Дмитровская линия";"2026";"I квартал";"2095481";"2135472";"5073299374";
"Октябрьская";"Кольцевая линия";"2026";"I квартал";"2043222";"2117841";"5073299375";
"Окружная";"Московское центральное кольцо";"2026";"I квартал";"1101163";"1061122";"5073299376";
"Владыкино";"Московское центральное кольцо";"2026";"I квартал";"456262";"458381";"5073299377";
"Ботанический сад";"Московское центральное кольцо";"2026";"I квартал";"912819";"923152";"5073299378";
"Шоссе Энтузиастов";"Московское центральное кольцо";"2026";"I квартал";"491417";"497177";"5073299379";
"Бульвар Рокоссовского";"Московское центральное кольцо";"2026";"I квартал";"687465";"691402";"5073299380";
"Дубровка";"Московское центральное кольцо";"2026";"I квартал";"619893";"633078";"5073299381";
"Нижегородская";"Московское центральное кольцо";"2026";"I квартал";"615985";"590742";"5073299382";
"Автозаводская";"Московское центральное кольцо";"2026";"I квартал";"359961";"364474";"5073299383";
"Кунцевская";"Филёвская линия";"2026";"I квартал";"539572";"526951";"5073299385";
"Новаторская";"Троицкая линия";"2026";"I квартал";"1310821";"1304398";"5073299386";
"Новомосковская";"Троицкая линия";"2026";"I квартал";"166029";"163843";"5073299387";
"Проспект Вернадского";"Сокольническая линия";"2026";"I квартал";"1839883";"1851923";"5073299388";
"Кутузовская";"Московское центральное кольцо";"2026";"I квартал";"1560014";"1574402";"5073299389";
"Сокольники";"Сокольническая линия";"2026";"I квартал";"1208933";"1223101";"5073299390";
"Академическая";"Троицкая линия";"2026";"I квартал";"513515";"507392";"5073299391";
"Москва-Сити";"Московское центральное кольцо";"2026";"I квартал";"1671011";"1715462";"5073299392";
"Крымская";"Троицкая линия";"2026";"I квартал";"232247";"223068";"5073299393";
"ЗИЛ";"Троицкая линия";"2026";"I квартал";"353329";"356768";"5073299394";
"Авиамоторная";"Калининская линия";"2026";"I квартал";"2381016";"2406234";"5073300016";
"Бауманская";"Арбатско-Покровская линия";"2026";"II квартал";"4524678";"4669398";"5102430006";
"Измайловская";"Арбатско-Покровская линия";"2026";"II квартал";"1688364";"1710946";"5102430007";
"Семёновская";"Арбатско-Покровская линия";"2026";"II квартал";"2572369";"2629605";"5102430008";
"Митино";"Арбатско-Покровская линия";"2026";"II квартал";"1858660";"1794968";"5102430009";
"Партизанская";"Арбатско-Покровская линия";"2026";"II квартал";"1786826";"1717427";"5102430010";
"Пятницкое шоссе";"Арбатско-Покровская линия";"2026";"II квартал";"1509576";"1457703";"5102430011";
"Мякинино";"Арбатско-Покровская линия";"2026";"II квартал";"1361751";"1307810";"5102430012";
"Волоколамская";"Арбатско-Покровская линия";"2026";"II квартал";"1485424";"1445439";"5102430013";
"Молодёжная";"Арбатско-Покровская линия";"2026";"II квартал";"3735030";"3718104";"5102430014";
"Первомайская";"Арбатско-Покровская линия";"2026";"II квартал";"3159169";"3158137";"5102430015";
"Строгино";"Арбатско-Покровская линия";"2026";"II квартал";"2686166";"2655190";"5102430016";
"Славянский бульвар";"Арбатско-Покровская линия";"2026";"II квартал";"4685792";"4594687";"5102430017";
"ЦСКА";"Большая кольцевая линия";"2026";"II квартал";"3138431";"3201413";"5102430018";
"Щёлковская";"Арбатско-Покровская линия";"2026";"II квартал";"6265472";"6076731";"5102430019";
"Крылатское";"Арбатско-Покровская линия";"2026";"II квартал";"2702236";"2656129";"5102430020";
"Хорошёвская";"Большая кольцевая линия";"2026";"II квартал";"1439978";"1467323";"5102430021";
"Народное Ополчение";"Большая кольцевая линия";"2026";"II квартал";"2389216";"2393605";"5102430022";
"Площадь Революции";"Арбатско-Покровская линия";"2026";"II квартал";"2646291";"2666514";"5102430023";
"Терехово";"Большая кольцевая линия";"2026";"II квартал";"519955";"520809";"5102430024";
"Мнёвники";"Большая кольцевая линия";"2026";"II квартал";"685095";"693158";"5102430025";
"Давыдково";"Большая кольцевая линия";"2026";"II квартал";"1273771";"1273120";"5102430026";
"Аминьевская";"Большая кольцевая линия";"2026";"II квартал";"3440971";"3386051";"5102430027";
"Нагатинский Затон";"Большая кольцевая линия";"2026";"II квартал";"739595";"750658";"5102430028";
"Каховская";"Большая кольцевая линия";"2026";"II квартал";"1781943";"1810631";"5102430029";
"Кленовый бульвар";"Большая кольцевая линия";"2026";"II квартал";"831012";"855345";"5102430030";
"Битцевский парк";"Бутовская линия";"2026";"II квартал";"212998";"160994";"5102430031";
"Воронцовская";"Большая кольцевая линия";"2026";"II квартал";"1439663";"1451000";"5102430032";
"Зюзино";"Большая кольцевая линия";"2026";"II квартал";"2312033";"2340944";"5102430033";
"Улица Старокачаловская";"Бутовская линия";"2026";"II квартал";"0";"0";"5102430034";
"Лесопарковая";"Бутовская линия";"2026";"II квартал";"808761";"766547";"5102430035";
"Улица Скобелевская";"Бутовская линия";"2026";"II квартал";"1686372";"1629302";"5102430036";
"Бульвар адмирала Ушакова";"Бутовская линия";"2026";"II квартал";"800291";"796010";"5102430037";
"Ховрино";"Замоскворецкая линия";"2026";"II квартал";"4561993";"4275461";"5102430038";
"Улица Горчакова";"Бутовская линия";"2026";"II квартал";"797074";"791375";"5102430039";
"Динамо";"Замоскворецкая линия";"2026";"II квартал";"2514514";"2537299";"5102430040";
"Бунинская аллея";"Бутовская линия";"2026";"II квартал";"1668478";"1654066";"5102430041";
"Тверская";"Замоскворецкая линия";"2026";"II квартал";"0";"0";"5102430042";
"Театральная";"Замоскворецкая линия";"2026";"II квартал";"0";"0";"5102430043";
"Маяковская";"Замоскворецкая линия";"2026";"II квартал";"3043999";"3127954";"5102430044";
"Речной вокзал";"Замоскворецкая линия";"2026";"II квартал";"2297009";"2265179";"5102430045";
"Водный стадион";"Замоскворецкая линия";"2026";"II квартал";"3766431";"3802947";"5102430046";
"Беломорская";"Замоскворецкая линия";"2026";"II квартал";"2645364";"2572573";"5102430047";
"Новокузнецкая";"Замоскворецкая линия";"2026";"II квартал";"2617103";"2718270";"5102430048";
"Войковская";"Замоскворецкая линия";"2026";"II квартал";"4115294";"4128299";"5102430049";
"Коломенская";"Замоскворецкая линия";"2026";"II квартал";"3643839";"3689770";"5102430050";
"Технопарк";"Замоскворецкая линия";"2026";"II квартал";"2287327";"2296146";"5102430051";
"Аэропорт";"Замоскворецкая линия";"2026";"II квартал";"3085178";"3121746";"5102430052";
"Сокол";"Замоскворецкая линия";"2026";"II квартал";"3199320";"3216131";"5102430053";
"Марксистская";"Калининская линия";"2026";"II квартал";"1892061";"1958518";"5102430054";
"Бабушкинская";"Калужско-Рижская линия";"2026";"II квартал";"4175678";"4195111";"5102430055";
"Медведково";"Калужско-Рижская линия";"2026";"II квартал";"4728996";"4687005";"5102430056";
"Кантемировская";"Замоскворецкая линия";"2026";"II квартал";"2687857";"2692631";"5102430057";
"Орехово";"Замоскворецкая линия";"2026";"II квартал";"1553389";"1551129";"5102430058";
"Царицыно";"Замоскворецкая линия";"2026";"II квартал";"5205420";"5131730";"5102430059";
"Площадь Ильича";"Калининская линия";"2026";"II квартал";"1862743";"1881361";"5102430060";
"Домодедовская";"Замоскворецкая линия";"2026";"II квартал";"5646268";"5430705";"5102430061";
"ВДНХ";"Калужско-Рижская линия";"2026";"II квартал";"6685383";"6538808";"5102430062";
"Свиблово";"Калужско-Рижская линия";"2026";"II квартал";"2071642";"2081344";"5102430063";
"Красногвардейская";"Замоскворецкая линия";"2026";"II квартал";"1766419";"1715324";"5102430064";
"Алма-Атинская";"Замоскворецкая линия";"2026";"II квартал";"1180902";"1154453";"5102430065";
"Алексеевская";"Калужско-Рижская линия";"2026";"II квартал";"2826432";"2870212";"5102430066";
"Новокосино";"Калининская линия";"2026";"II квартал";"4594832";"4568483";"5102430067";
"Сухаревская";"Калужско-Рижская линия";"2026";"II квартал";"1778826";"1850567";"5102430068";
"Новогиреево";"Калининская линия";"2026";"II квартал";"5360603";"5303693";"5102430069";
"Перово";"Калининская линия";"2026";"II квартал";"3354655";"3360084";"5102430070";
"Тургеневская";"Калужско-Рижская линия";"2026";"II квартал";"1845075";"1923919";"5102430071";
"Шаболовская";"Калужско-Рижская линия";"2026";"II квартал";"2275737";"2356513";"5102430072";
"Ленинский проспект";"Калужско-Рижская линия";"2026";"II квартал";"3018327";"3125407";"5102430073";
"Профсоюзная";"Калужско-Рижская линия";"2026";"II квартал";"2535795";"2583188";"5102430074";
"Новые Черёмушки";"Калужско-Рижская линия";"2026";"II квартал";"2763358";"2808540";"5102430075";
"Калужская";"Калужско-Рижская линия";"2026";"II квартал";"2038684";"2089650";"5102430076";
"Новоясеневская";"Калужско-Рижская линия";"2026";"II квартал";"565841";"551509";"5102430077";
"Коньково";"Калужско-Рижская линия";"2026";"II квартал";"2242891";"2257448";"5102430078";
"Беляево";"Калужско-Рижская линия";"2026";"II квартал";"2725901";"2782212";"5102430079";
"Ясенево";"Калужско-Рижская линия";"2026";"II квартал";"2647441";"2642939";"5102430080";
"Тёплый стан";"Калужско-Рижская линия";"2026";"II квартал";"4443878";"4469404";"5102430081";
"Новослободская";"Кольцевая линия";"2026";"II квартал";"2682278";"2808849";"5102430082";
"Добрынинская";"Кольцевая линия";"2026";"II квартал";"1898853";"1961523";"5102430083";
"Краснопресненская";"Кольцевая линия";"2026";"II квартал";"2051020";"2071424";"5102430084";
"Селигерская";"Люблинско-Дмитровская линия";"2026";"II квартал";"2539798";"2514682";"5102430085";
"Верхние Лихоборы";"Люблинско-Дмитровская линия";"2026";"II квартал";"1294705";"1287059";"5102430086";
"Фонвизинская";"Люблинско-Дмитровская линия";"2026";"II квартал";"1156070";"1156949";"5102430087";
"Бутырская";"Люблинско-Дмитровская линия";"2026";"II квартал";"1596201";"1608409";"5102430088";
"Достоевская";"Люблинско-Дмитровская линия";"2026";"II квартал";"1156602";"1188904";"5102430089";
"Сретенский бульвар";"Люблинско-Дмитровская линия";"2026";"II квартал";"742876";"779355";"5102430090";
"Трубная";"Люблинско-Дмитровская линия";"2026";"II квартал";"1614994";"1687115";"5102430091";
"Римская";"Люблинско-Дмитровская линия";"2026";"II квартал";"1467530";"1491835";"5102430092";
"Чкаловская";"Люблинско-Дмитровская линия";"2026";"II квартал";"1707915";"1731734";"5102430093";
"Кожуховская";"Люблинско-Дмитровская линия";"2026";"II квартал";"1836510";"1877851";"5102430094";
"Крестьянская застава";"Люблинско-Дмитровская линия";"2026";"II квартал";"659401";"681072";"5102430095";
"Волжская";"Люблинско-Дмитровская линия";"2026";"II квартал";"1327487";"1344384";"5102430096";
"Люблино";"Люблинско-Дмитровская линия";"2026";"II квартал";"3891151";"3829399";"5102430097";
"Братиславская";"Люблинско-Дмитровская линия";"2026";"II квартал";"3270015";"3277072";"5102430098";
"Марьино";"Люблинско-Дмитровская линия";"2026";"II квартал";"2751232";"2738831";"5102430099";
"Борисово";"Люблинско-Дмитровская линия";"2026";"II квартал";"932604";"922537";"5102430100";
"Шипиловская";"Люблинско-Дмитровская линия";"2026";"II квартал";"1198276";"1202954";"5102430101";
"Белокаменная";"Московское центральное кольцо";"2026";"II квартал";"191131";"192974";"5102430102";
"Зябликово";"Люблинско-Дмитровская линия";"2026";"II квартал";"942707";"912928";"5102430103";
"Лихоборы";"Московское центральное кольцо";"2026";"II квартал";"1405888";"1407440";"5102430104";
"Ростокино";"Московское центральное кольцо";"2026";"II квартал";"2915912";"2906262";"5102430105";
"Локомотив";"Московское центральное кольцо";"2026";"II квартал";"965721";"890889";"5102430106";
"Соколиная Гора";"Московское центральное кольцо";"2026";"II квартал";"585646";"597401";"5102430107";
"Измайлово";"Московское центральное кольцо";"2026";"II квартал";"808574";"797363";"5102430108";
"Андроновка";"Московское центральное кольцо";"2026";"II квартал";"704678";"693047";"5102430109";
"Площадь Гагарина";"Московское центральное кольцо";"2026";"II квартал";"866808";"886306";"5102430110";
"Верхние Котлы";"Московское центральное кольцо";"2026";"II квартал";"1233958";"1242370";"5102430111";
"Угрешская";"Московское центральное кольцо";"2026";"II квартал";"469097";"475059";"5102430112";
"Новохохловская";"Московское центральное кольцо";"2026";"II квартал";"589693";"592541";"5102430113";
"Лужники";"Московское центральное кольцо";"2026";"II квартал";"943052";"956412";"5102430114";
"Хорошёво";"Московское центральное кольцо";"2026";"II квартал";"693219";"704613";"5102430115";
"Зорге";"Московское центральное кольцо";"2026";"II квартал";"466942";"468680";"5102430116";
"Панфиловская";"Московское центральное кольцо";"2026";"II квартал";"576065";"583688";"5102430117";
"Стрешнево";"Московское центральное кольцо";"2026";"II квартал";"1699194";"1691278";"5102430118";
"Балтийская";"Московское центральное кольцо";"2026";"II квартал";"946728";"962447";"5102430119";
"Коптево";"Московское центральное кольцо";"2026";"II квартал";"1369562";"1399155";"5102430120";
"Стахановская";"Некрасовская линия";"2026";"II квартал";"834655";"839846";"5102430121";
"Окская";"Некрасовская линия";"2026";"II квартал";"1004180";"1017036";"5102430122";
"Улица Дмитриевского";"Некрасовская линия";"2026";"II квартал";"884951";"893767";"5102430123";
"Юго-Восточная";"Некрасовская линия";"2026";"II квартал";"1324504";"1336177";"5102430124";
"Косино";"Некрасовская линия";"2026";"II квартал";"471198";"455441";"5102430125";
"Лухмановская";"Некрасовская линия";"2026";"II квартал";"1747021";"1730837";"5102430126";
"Отрадное";"Серпуховско-Тимирязевская линия";"2026";"II квартал";"4115537";"4184257";"5102430127";
"Алтуфьево";"Серпуховско-Тимирязевская линия";"2026";"II квартал";"3105236";"3099581";"5102430128";
"Бибирево";"Серпуховско-Тимирязевская линия";"2026";"II квартал";"2373594";"2399991";"5102430129";
"Тимирязевская";"Серпуховско-Тимирязевская линия";"2026";"II квартал";"2165247";"2174731";"5102430130";
"Некрасовка";"Некрасовская линия";"2026";"II квартал";"5247059";"5217610";"5102430131";
"Дмитровская";"Серпуховско-Тимирязевская линия";"2026";"II квартал";"3061441";"3109384";"5102430132";
"Менделеевская";"Серпуховско-Тимирязевская линия";"2026";"II квартал";"2036448";"2119364";"5102430133";
"Цветной бульвар";"Серпуховско-Тимирязевская линия";"2026";"II квартал";"2067107";"2141045";"5102430134";
"Чеховская";"Серпуховско-Тимирязевская линия";"2026";"II квартал";"1944398";"2042590";"5102430135";
"Серпуховская";"Серпуховско-Тимирязевская линия";"2026";"II квартал";"1968314";"2032892";"5102430136";
"Полянка";"Серпуховско-Тимирязевская линия";"2026";"II квартал";"1606301";"1663396";"5102430137";
"Боровицкая";"Серпуховско-Тимирязевская линия";"2026";"II квартал";"633194";"655410";"5102430138";
"Тульская";"Серпуховско-Тимирязевская линия";"2026";"II квартал";"2825829";"2898842";"5102430139";
"Пражская";"Серпуховско-Тимирязевская линия";"2026";"II квартал";"4095390";"4124380";"5102430140";
"Бульвар Дмитрия Донского";"Серпуховско-Тимирязевская линия";"2026";"II квартал";"4788329";"4685423";"5102430141";
"Аннино";"Серпуховско-Тимирязевская линия";"2026";"II квартал";"2231416";"2137180";"5102430142";
"Нагатинская";"Серпуховско-Тимирязевская линия";"2026";"II квартал";"3097408";"3131274";"5102430143";
"Нагорная";"Серпуховско-Тимирязевская линия";"2026";"II квартал";"1582351";"1610063";"5102430144";
"Нахимовский проспект";"Серпуховско-Тимирязевская линия";"2026";"II квартал";"1626647";"1638498";"5102430145";
"Улица академика Янгеля";"Серпуховско-Тимирязевская линия";"2026";"II квартал";"2470681";"2449967";"5102430146";
"Севастопольская";"Серпуховско-Тимирязевская линия";"2026";"II квартал";"694217";"711195";"5102430147";
"Преображенская площадь";"Сокольническая линия";"2026";"II квартал";"3738561";"3775757";"5102430148";
"Черкизовская";"Сокольническая линия";"2026";"II квартал";"1900561";"1655217";"5102430149";
"Красносельская";"Сокольническая линия";"2026";"II квартал";"1522131";"1538759";"5102430150";
"Южная";"Серпуховско-Тимирязевская линия";"2026";"II квартал";"1964808";"1955213";"5102430151";
"Чертановская";"Серпуховско-Тимирязевская линия";"2026";"II квартал";"2874016";"2878386";"5102430152";
"Красные ворота";"Сокольническая линия";"2026";"II квартал";"1957561";"1988775";"5102430153";
"Охотный ряд";"Сокольническая линия";"2026";"II квартал";"4643518";"4635400";"5102430154";
"Библиотека имени Ленина";"Сокольническая линия";"2026";"II квартал";"0";"0";"5102430155";
"Чистые пруды";"Сокольническая линия";"2026";"II квартал";"1750207";"1816285";"5102430156";
"Юго-Западная";"Сокольническая линия";"2026";"II квартал";"4580460";"4668143";"5102430157";
"Лубянка";"Сокольническая линия";"2026";"II квартал";"2296950";"2348907";"5102430158";
"Тропарёво";"Сокольническая линия";"2026";"II квартал";"1524956";"1519345";"5102430159";
"Румянцево";"Сокольническая линия";"2026";"II квартал";"1086495";"1074730";"5102430160";
"Саларьево";"Сокольническая линия";"2026";"II квартал";"3572339";"3447911";"5102430161";
"Кропоткинская";"Сокольническая линия";"2026";"II квартал";"2270125";"2341497";"5102430162";
"Филатов луг";"Сокольническая линия";"2026";"II квартал";"2277913";"2286020";"5102430163";
"Фрунзенская";"Сокольническая линия";"2026";"II квартал";"2827746";"2938431";"5102430164";
"Воробьёвы горы";"Сокольническая линия";"2026";"II квартал";"1663080";"1635480";"5102430165";
"Спортивная";"Сокольническая линия";"2026";"II квартал";"2163646";"2199792";"5102430166";
"Ольховая";"Сокольническая линия";"2026";"II квартал";"876243";"855686";"5102430167";
"Прокшино";"Сокольническая линия";"2026";"II квартал";"1025817";"1026130";"5102430168";
"Университет";"Сокольническая линия";"2026";"II квартал";"2710426";"2744357";"5102430169";
"Ломоносовский проспект";"Солнцевская линия";"2026";"II квартал";"1379230";"1378551";"5102430170";
"Раменки";"Солнцевская линия";"2026";"II квартал";"1806395";"1790509";"5102430171";
"Минская";"Солнцевская линия";"2026";"II квартал";"827242";"825448";"5102430172";
"Озёрная";"Солнцевская линия";"2026";"II квартал";"1611497";"1584170";"5102430173";
"Тушинская";"Таганско-Краснопресненская линия";"2026";"II квартал";"4399131";"4328340";"5102430174";
"Планерная";"Таганско-Краснопресненская линия";"2026";"II квартал";"3763896";"3708172";"5102430175";
"Спартак";"Таганско-Краснопресненская линия";"2026";"II квартал";"1188557";"1177790";"5102430176";
"Сходненская";"Таганско-Краснопресненская линия";"2026";"II квартал";"4142849";"4127843";"5102430177";
"Боровское шоссе";"Солнцевская линия";"2026";"II квартал";"496111";"463511";"5102430178";
"Новопеределкино";"Солнцевская линия";"2026";"II квартал";"1445942";"1400427";"5102430179";
"Говорово";"Солнцевская линия";"2026";"II квартал";"1262948";"1225273";"5102430180";
"Солнцево";"Солнцевская линия";"2026";"II квартал";"1931987";"1896355";"5102430181";
"Щукинская";"Таганско-Краснопресненская линия";"2026";"II квартал";"3868110";"3890303";"5102430182";
"Полежаевская";"Таганско-Краснопресненская линия";"2026";"II квартал";"2557819";"2587075";"5102430183";
"Октябрьское поле";"Таганско-Краснопресненская линия";"2026";"II квартал";"3464808";"3491089";"5102430184";
"Беговая";"Таганско-Краснопресненская линия";"2026";"II квартал";"3118508";"3127211";"5102430185";
"Рассказовка";"Солнцевская линия";"2026";"II квартал";"1752169";"1696657";"5102430186";
"Улица 1905 года";"Таганско-Краснопресненская линия";"2026";"II квартал";"4056832";"4167894";"5102430187";
"Баррикадная";"Таганско-Краснопресненская линия";"2026";"II квартал";"2186932";"2221224";"5102430188";
"Кузнецкий мост";"Таганско-Краснопресненская линия";"2026";"II квартал";"1939251";"2029242";"5102430189";
"Пушкинская";"Таганско-Краснопресненская линия";"2026";"II квартал";"3778991";"3926044";"5102430190";
"Пролетарская";"Таганско-Краснопресненская линия";"2026";"II квартал";"2783492";"2807160";"5102430191";
"Волгоградский проспект";"Таганско-Краснопресненская линия";"2026";"II квартал";"1938829";"1932108";"5102430192";
"Пионерская";"Филёвская линия";"2026";"II квартал";"514615";"498477";"5102430193";
"Рязанский проспект";"Таганско-Краснопресненская линия";"2026";"II квартал";"2281034";"2294959";"5102430194";
"Кузьминки";"Таганско-Краснопресненская линия";"2026";"II квартал";"4720258";"4746194";"5102430195";
"Филёвский парк";"Филёвская линия";"2026";"II квартал";"848072";"828058";"5102430196";
"Выхино";"Таганско-Краснопресненская линия";"2026";"II квартал";"5388998";"5325589";"5102430197";
"Котельники";"Таганско-Краснопресненская линия";"2026";"II квартал";"5503224";"5167788";"5102430198";
"Лермонтовский проспект";"Таганско-Краснопресненская линия";"2026";"II квартал";"1513142";"1487493";"5102430199";
"Жулебино";"Таганско-Краснопресненская линия";"2026";"II квартал";"2182322";"2160665";"5102430200";
"Багратионовская";"Филёвская линия";"2026";"II квартал";"1403604";"1405841";"5102430201";
"Студенческая";"Филёвская линия";"2026";"II квартал";"545890";"542933";"5102430202";
"Фили";"Филёвская линия";"2026";"II квартал";"1468583";"1453564";"5102430203";
"Александровский сад";"Филёвская линия";"2026";"II квартал";"1737539";"1764397";"5102430204";
"Петровский парк";"Большая кольцевая линия";"2026";"II квартал";"1772855";"1821346";"5102430205";
"Лефортово";"Большая кольцевая линия";"2026";"II квартал";"1226874";"1239737";"5102430206";
"Варшавская";"Большая кольцевая линия";"2026";"II квартал";"3194953";"3139583";"5102430207";
"Пыхтино";"Солнцевская линия";"2026";"II квартал";"921952";"879702";"5102430208";
"Аэропорт Внуково";"Солнцевская линия";"2026";"II квартал";"988901";"600405";"5102430209";
"Физтех";"Люблинско-Дмитровская линия";"2026";"II квартал";"1217469";"1178649";"5102430210";
"Потапово";"Сокольническая линия";"2026";"II квартал";"1951057";"1949953";"5102430211";
"Лианозово";"Люблинско-Дмитровская линия";"2026";"II квартал";"1652127";"1610930";"5102430212";
"Яхромская";"Люблинско-Дмитровская линия";"2026";"II квартал";"1844439";"1811517";"5102430213";
"Университет Дружбы Народов";"Троицкая линия";"2026";"II квартал";"1402773";"1435999";"5102430214";
"Генерала Тюленева";"Троицкая линия";"2026";"II квартал";"661067";"663331";"5102430215";
"Тютчевская";"Троицкая линия";"2026";"II квартал";"361654";"353349";"5102430216";
"Корниловская";"Троицкая линия";"2026";"II квартал";"899251";"874029";"5102430217";
"Вавиловская";"Троицкая линия";"2026";"II квартал";"796264";"785347";"5102430218";
"Коммунарка";"Троицкая линия";"2026";"II квартал";"755025";"752180";"5102430219";
"Киевская";"Арбатско-Покровская линия";"2026";"II квартал";"3222233";"3004011";"5102430229";
"Электрозаводская";"Арбатско-Покровская линия";"2026";"II квартал";"2453187";"2492705";"5102430230";
"Авиамоторная";"Большая кольцевая линия";"2026";"II квартал";"1606303";"1650892";"5102430231";
"Кунцевская";"Большая кольцевая линия";"2026";"II квартал";"2190737";"2189459";"5102430234";
"Проспект Вернадского";"Большая кольцевая линия";"2026";"II квартал";"909434";"911930";"5102430236";
"Новаторская";"Большая кольцевая линия";"2026";"II квартал";"825384";"828095";"5102430238";
"Сокольники";"Большая кольцевая линия";"2026";"II квартал";"2238306";"2289735";"5102430244";
"Рижская";"Большая кольцевая линия";"2026";"II квартал";"911073";"934884";"5102430268";
"Марьина Роща";"Большая кольцевая линия";"2026";"II квартал";"825705";"834865";"5102430270";
"Белорусская";"Замоскворецкая линия";"2026";"II квартал";"2687936";"2614059";"5102430279";
"Павелецкая";"Замоскворецкая линия";"2026";"II квартал";"2762634";"2291421";"5102430282";
"Автозаводская";"Замоскворецкая линия";"2026";"II квартал";"3356457";"3443657";"5102430291";
"Каширская";"Замоскворецкая линия";"2026";"II квартал";"0";"0";"5102430299";
"Шоссе Энтузиастов";"Калининская линия";"2026";"II квартал";"1796802";"1813630";"5102430419";
"Ботанический сад";"Калужско-Рижская линия";"2026";"II квартал";"2287323";"2292366";"5102430481";
"Китай-город";"Калужско-Рижская линия";"2026";"II квартал";"5431503";"5561206";"5102430526";
"Октябрьская";"Калужско-Рижская линия";"2026";"II квартал";"1077929";"1118015";"5102430568";
"Академическая";"Калужско-Рижская линия";"2026";"II квартал";"2380432";"2407193";"5102430588";
"Проспект Мира";"Кольцевая линия";"2026";"II квартал";"1986113";"2032380";"5102430663";
"Курская";"Кольцевая линия";"2026";"II квартал";"4472555";"4218860";"5102430687";
"Окружная";"Люблинско-Дмитровская линия";"2026";"II квартал";"933320";"913097";"5102430711";
"Петровско-Разумовская";"Люблинско-Дмитровская линия";"2026";"II квартал";"1987359";"1906466";"5102430712";
"Дубровка";"Люблинско-Дмитровская линия";"2026";"II квартал";"1268434";"1301960";"5102430714";
"Печатники";"Люблинско-Дмитровская линия";"2026";"II квартал";"1148422";"1161659";"5102431663";
"ЗИЛ";"Московское центральное кольцо";"2026";"II квартал";"879728";"896232";"5102431667";
"Крымская";"Московское центральное кольцо";"2026";"II квартал";"759490";"783023";"5102431671";
"Шелепиха";"Московское центральное кольцо";"2026";"II квартал";"1313623";"1342368";"5102431673";
"Нижегородская";"Некрасовская линия";"2026";"II квартал";"3923398";"3883560";"5102431677";
"Владыкино";"Серпуховско-Тимирязевская линия";"2026";"II квартал";"1332497";"1329616";"5102431678";
"Савёловская";"Серпуховско-Тимирязевская линия";"2026";"II квартал";"2670434";"2663052";"5102431679";
"Бульвар Рокоссовского";"Сокольническая линия";"2026";"II квартал";"2460529";"2439028";"5102431691";
"Комсомольская";"Сокольническая линия";"2026";"II квартал";"2263788";"1860913";"5102431697";
"Парк культуры";"Сокольническая линия";"2026";"II квартал";"630678";"650787";"5102431699";
"Новомосковская";"Сокольническая линия";"2026";"II квартал";"974652";"980874";"5102431702";
"Деловой центр";"Солнцевская линия";"2026";"II квартал";"2019491";"2035491";"5102431706";
"Парк Победы";"Солнцевская линия";"2026";"II квартал";"405664";"404371";"5102431710";
"Мичуринский проспект";"Солнцевская линия";"2026";"II квартал";"207273";"197834";"5102431835";
"Таганская";"Таганско-Краснопресненская линия";"2026";"II квартал";"1191010";"1223376";"5102431875";
"Текстильщики";"Таганско-Краснопресненская линия";"2026";"II квартал";"4776128";"4749080";"5102431876";
"Кутузовская";"Филёвская линия";"2026";"II квартал";"829973";"829240";"5102431879";
"Смоленская";"Филёвская линия";"2026";"II квартал";"750040";"759195";"5102431880";
"Арбатская";"Филёвская линия";"2026";"II квартал";"569909";"551845";"5102431883";
"Москва-Сити";"Филёвская линия";"2026";"II квартал";"731057";"718835";"5102431884";
"Деловой центр";"Филёвская линия";"2026";"II квартал";"1144333";"1157453";"5102431887";
"Кунцевская";"Арбатско-Покровская линия";"2026";"II квартал";"950023";"956978";"5102431890";
"Парк Победы";"Арбатско-Покровская линия";"2026";"II квартал";"1040388";"1020481";"5102431893";
"Смоленская";"Арбатско-Покровская линия";"2026";"II квартал";"2650873";"2724623";"5102431894";
"Арбатская";"Арбатско-Покровская линия";"2026";"II квартал";"2488058";"2581776";"5102431896";
"Курская";"Арбатско-Покровская линия";"2026";"II квартал";"1552188";"1598843";"5102431898";
"Савёловская";"Большая кольцевая линия";"2026";"II квартал";"2099224";"2127839";"5102431900";
"Шелепиха";"Большая кольцевая линия";"2026";"II квартал";"0";"0";"5102431903";
"Деловой центр";"Большая кольцевая линия";"2026";"II квартал";"495016";"487590";"5102431906";
"Электрозаводская";"Большая кольцевая линия";"2026";"II квартал";"1921049";"1972661";"5102431908";
"Мичуринский проспект";"Большая кольцевая линия";"2026";"II квартал";"1111838";"1112894";"5102431909";
"Каширская";"Большая кольцевая линия";"2026";"II квартал";"3432224";"3419200";"5102431911";
"Печатники";"Большая кольцевая линия";"2026";"II квартал";"1206832";"1232048";"5102431912";
"Текстильщики";"Большая кольцевая линия";"2026";"II квартал";"1713840";"1782107";"5102431913";
"Авиамоторная";"Калининская линия";"2026";"II квартал";"2491816";"2524183";"5102431920";
"Третьяковская";"Калининская линия";"2026";"II квартал";"2721067";"2822297";"5102431922";
"Третьяковская";"Калужско-Рижская линия";"2026";"II квартал";"0";"0";"5102431924";
"Петровско-Разумовская";"Серпуховско-Тимирязевская линия";"2026";"II квартал";"0";"0";"5102431926";
"Китай-город";"Таганско-Краснопресненская линия";"2026";"II квартал";"0";"0";"5102431927";
"Киевская";"Филёвская линия";"2026";"II квартал";"0";"0";"5102431928";
"Рижская";"Калужско-Рижская линия";"2026";"II квартал";"1092882";"1121810";"5102431934";
"Проспект Мира";"Калужско-Рижская линия";"2026";"II квартал";"1908609";"1972286";"5102431946";
"Киевская";"Кольцевая линия";"2026";"II квартал";"3377317";"3308178";"5102431947";
"Белорусская";"Кольцевая линия";"2026";"II квартал";"4356220";"4114101";"5102431949";
"Комсомольская";"Кольцевая линия";"2026";"II квартал";"8390173";"7220237";"5102431951";
"Таганская";"Кольцевая линия";"2026";"II квартал";"2250534";"2316208";"5102431953";
"Павелецкая";"Кольцевая линия";"2026";"II квартал";"4753898";"4867331";"5102431955";
"Октябрьская";"Кольцевая линия";"2026";"II квартал";"2433669";"2516275";"5102431957";
"Парк культуры";"Кольцевая линия";"2026";"II квартал";"3371297";"3460442";"5102432793";
"Марьина Роща";"Люблинско-Дмитровская линия";"2026";"II квартал";"2075620";"2115068";"5102432794";
"Окружная";"Московское центральное кольцо";"2026";"II квартал";"1215554";"1162946";"5102432797";
"Владыкино";"Московское центральное кольцо";"2026";"II квартал";"514087";"514741";"5102432798";
"Ботанический сад";"Московское центральное кольцо";"2026";"II квартал";"1070319";"1079435";"5102432799";
"Бульвар Рокоссовского";"Московское центральное кольцо";"2026";"II квартал";"734956";"735903";"5102432801";
"Шоссе Энтузиастов";"Московское центральное кольцо";"2026";"II квартал";"530847";"535554";"5102432803";
"Нижегородская";"Московское центральное кольцо";"2026";"II квартал";"887526";"861895";"5102432807";
"Дубровка";"Московское центральное кольцо";"2026";"II квартал";"654065";"667855";"5102432808";
"Автозаводская";"Московское центральное кольцо";"2026";"II квартал";"412348";"418986";"5102432809";
"Кутузовская";"Московское центральное кольцо";"2026";"II квартал";"1802743";"1821711";"5102432810";
"Москва-Сити";"Московское центральное кольцо";"2026";"II квартал";"1853752";"1902277";"5102432814";
"Сокольники";"Сокольническая линия";"2026";"II квартал";"1329565";"1341103";"5102432829";
"Проспект Вернадского";"Сокольническая линия";"2026";"II квартал";"1900529";"1908317";"5102432914";
"Кунцевская";"Филёвская линия";"2026";"II квартал";"541223";"526154";"5102432915";
"Новаторская";"Троицкая линия";"2026";"II квартал";"1359188";"1354197";"5102432918";
"Новомосковская";"Троицкая линия";"2026";"II квартал";"193457";"192129";"5102432928";
"Академическая";"Троицкая линия";"2026";"II квартал";"561469";"559433";"5102432929";
"ЗИЛ";"Троицкая линия";"2026";"II квартал";"388709";"392629";"5102432930";
"Крымская";"Троицкая линия";"2026";"II квартал";"241542";"231070";"5102432931";
